customer_id,first_name,last_name,email,phone,address,city,country,created_at
1,Kelly,Davies,calvinnielsen@example.org,001-727-637-8817x9162,"PSC 5558, Box 0763, APO AE 42840",Robertsmouth,Hong Kong,2024-03-21
2,Kristen,Harris,vanessapham@example.net,001-949-866-9846x779,"PSC 3730, Box 2831, APO AE 19105",New Kimberlyfort,Somalia,2024-11-08
3,Ann,Price,davidsilva@example.net,001-638-568-5029x37604,"854 Knapp Well Apt. 135, Duranside, AR 71136",Andersonfort,Uruguay,2024-07-04
4,Robert,Fernandez,emcdaniel@example.com,+1-564-723-8726x163,"8713 Richmond Loaf Apt. 358, West Casey, FL 59380",Gilesview,French Guiana,2025-02-05
5,Sarah,Doyle,mbrooks@example.com,001-831-881-8298x78215,"1266 James Bridge Suite 599, South Jennifermouth, MD 72318",Port Steven,Rwanda,2024-10-10
6,Timothy,Fisher,joshuahampton@example.org,626.399.5847x38018,"883 Ayala Center, New Ryanshire, CT 01040",Port Michaelhaven,Christmas Island,2025-04-10
7,Donna,Hernandez,santiagojeffrey@example.com,681.448.0416,"28293 Jacobs Points Apt. 103, North Michael, SD 01328",Stephenstad,Cambodia,2024-06-25
8,Ashley,Klein,angela32@example.org,(612)517-7390,"21767 Simpson Ports, Lake Kristinberg, WY 79891",Port Caitlinbury,Bouvet Island (Bouvetoya),2023-12-29
9,Patrick,Stephens,gregorymartin@example.net,301.702.1865x9162,"906 Hall Point Suite 509, Crystalstad, PR 05638",East Ronald,Palestinian Territory,2024-05-23
10,Scott,Mathis,ricemichelle@example.org,001-551-470-7565x93544,"1457 Kirby Circles, New Robert, OK 80855",Port Miranda,Cote d'Ivoire,2025-02-10
11,Kevin,Ferguson,zcarpenter@example.net,347-216-6898,"7629 Geoffrey Mill, Lake Randyshire, MS 89050",North Lisamouth,Zambia,2024-06-12
12,Ricardo,Diaz,richardperez@example.net,4026746428,"68130 Austin Turnpike, Westside, MI 10834",Debbieview,French Guiana,2023-11-08
13,John,Rodriguez,frankalexander@example.net,984-454-0607x945,"8259 Sanders Highway Suite 833, Carpenterville, SC 10282",New Jesusview,Korea,2024-01-08
14,Jennifer,Rojas,daleschmidt@example.org,9749835335,"Unit 3115 Box 1695, DPO AP 17357",Andreshire,Djibouti,2025-04-13
15,Joseph,Mason,vsolis@example.org,8744281790,"2431 Rose Port Apt. 586, Weberborough, NE 84878",Port Davidchester,Uruguay,2025-06-03
16,Scott,Hernandez,sharonhoffman@example.net,9402057740,"50964 Jill Forge Suite 416, West Travis, VT 07612",South Matthewfurt,Brazil,2023-10-28
17,Manuel,Ross,ccarter@example.com,(747)404-0281x8986,"2675 Riley Mountain, Bakerbury, AK 47094",New Kristenberg,Russian Federation,2024-07-05
18,Tammy,Chambers,stephenssusan@example.com,679.569.1183x31190,"402 James Burgs, Howardhaven, PA 91153",Gregchester,Cambodia,2025-05-26
19,Darlene,Church,gatesjohn@example.com,3319157350,"950 Gibson Tunnel, North Amanda, CO 52849",Haleyport,Congo,2025-07-17
20,Dana,Walker,jenniferwilson@example.net,(274)937-4762,"USNS Coleman, FPO AE 25111",New Randy,Uruguay,2024-03-04
21,Andrea,Daniels,thomasmorgan@example.org,+1-284-871-7714x73256,"USCGC Barnes, FPO AE 01395",North Kimberlymouth,Romania,2024-10-06
22,James,Williams,amandalindsey@example.com,+1-452-312-9842,"Unit 1530 Box 5480, DPO AP 29978",Lake Andrewmouth,Guatemala,2025-01-08
23,Daniel,Welch,jorgevalencia@example.com,(443)827-6563x7180,"9273 Amy Lane, Gonzalezberg, HI 13038",Calebborough,Jordan,2025-01-07
24,Amy,Powell,mary84@example.net,822.328.1315x812,"63217 Cindy Oval, New Jamie, IA 00951",Taylorstad,Haiti,2023-11-04
25,Michael,Mitchell,briansherman@example.com,954-520-6130,"PSC 2279, Box 8467, APO AE 99046",Port Katherineview,Northern Mariana Islands,2024-07-25
26,Christina,Baker,bward@example.net,+1-450-744-0606x855,"4168 Andrews Circle, Kevinland, MS 94081",New Jonathonland,Afghanistan,2024-10-23
27,James,Lowery,swolfe@example.org,(820)293-9651x73929,"192 Eric Fields Apt. 472, North Charles, NE 94165",West Gabriela,Nepal,2024-04-21
28,Rebecca,Sellers,amanda13@example.com,4998534528,"PSC 2193, Box 9965, APO AA 31386",Laurentown,Sudan,2025-05-16
29,Jenna,Logan,annette57@example.net,001-769-845-1053x175,"0681 Jenkins Garden Apt. 764, New Elizabethchester, VT 41476",Harrisonshire,Turkmenistan,2025-02-15
30,Megan,Wright,amy00@example.net,+1-254-529-6915x1189,"132 Anthony Drive Suite 330, Lake Brittany, IA 80453",Christopherville,Mongolia,2024-10-16
31,Jake,Bishop,jermainehartman@example.com,(750)714-5853x0777,"70063 Bradford Tunnel, West Adrianton, GU 12813",Lake Stevenshire,Belarus,2023-11-14
32,Robert,Rosales,mariahcasey@example.com,001-322-210-7646x4325,"949 Beard Island Apt. 276, West Robertside, AZ 72826",Paigeland,Greenland,2024-05-04
33,Mark,Peck,lcosta@example.org,348.201.8050x1454,"6613 Caleb Prairie, Edwardville, GU 60192",Allenberg,Saint Vincent and the Grenadines,2023-12-22
34,Joel,Lowe,jeremynelson@example.net,607.269.7272,"637 Alvarado Canyon, Lake Stacey, HI 41769",West Michealport,Belarus,2025-08-17
35,Brian,Bright,vfox@example.net,(598)223-9705,"473 Emily Garden Apt. 623, Walkerhaven, GA 67052",Shellyville,Korea,2024-01-19
36,Scott,Harper,fturner@example.com,239-902-5635,"5243 Angelica Shores, Port Allison, FM 91149",New Ryanchester,South Georgia and the South Sandwich Islands,2024-01-24
37,Mario,Griffin,rachelortega@example.net,+1-904-912-0668,"8063 Jonathan Row, Port Michellehaven, OK 85872",East Charles,Botswana,2024-11-19
38,Lisa,Wilson,knapplarry@example.com,3824641089,"162 Mccall Square, Amandahaven, NJ 58672",North Edward,Turkey,2024-04-28
39,Oscar,Adkins,eric60@example.org,001-627-743-8326x013,"18308 Nguyen Knolls, East Victoria, PA 48766",Francisshire,Paraguay,2024-06-30
40,Christina,Baird,amyhenry@example.net,(680)997-9383,"17228 Fox Vista Suite 446, Bensonfort, IN 01983",Port Lori,Solomon Islands,2025-02-28
41,Rhonda,Mcdowell,patricia97@example.net,+1-866-585-3909x143,"022 Christopher Expressway, Norrisberg, MN 76405",South Michaelshire,Indonesia,2024-01-13
42,Erin,Ramirez,rstone@example.com,(975)619-4300x762,"56796 Tracy Bypass Suite 055, Ashleyshire, NH 41765",Williamsberg,United Kingdom,2023-12-20
43,Amanda,Rice,joshua66@example.org,+1-835-258-9467x2326,"37448 Parrish Extension, Serranotown, MN 28529",East Scotthaven,Italy,2025-03-16
44,Julie,Jones,kirbyemily@example.com,849.421.9443,"18408 Ochoa Groves Suite 082, Lake Antonioville, SC 00666",Port Bonnieland,Sri Lanka,2025-04-28
45,Anthony,Banks,bglover@example.net,9177617520,"86213 Benjamin Pine Apt. 500, West Edward, UT 22133",North Manuel,Senegal,2025-05-01
46,Joseph,Carpenter,katiehanson@example.org,+1-860-662-4782x59510,"0829 Martinez Stream, North John, IN 71580",Juliehaven,Kuwait,2024-12-08
47,Lisa,Torres,anthony13@example.org,(387)768-6088,"439 Todd Plains Suite 354, Lake Brenda, OH 82823",South Pamela,Taiwan,2025-06-19
48,Raymond,Hill,sydney31@example.com,7637424232,"Unit 9214 Box 1656, DPO AA 92576",Latoyamouth,Zimbabwe,2023-11-22
49,Crystal,Higgins,elizabeth92@example.net,(410)913-2395x7109,"5783 Connie Lodge Suite 803, South Sandra, VT 18794",South Elizabethside,Bouvet Island (Bouvetoya),2024-05-19
50,Rick,Hernandez,brownstephen@example.org,9238098666,"8409 Baker Plaza, New Monica, IL 28062",Whitakerberg,Turks and Caicos Islands,2024-02-18
51,Jimmy,Deleon,hudsonjack@example.net,+1-461-650-3981x37892,"4888 Stevens Falls Suite 997, Walkerchester, CO 57326",West Troy,Gibraltar,2024-05-25
52,Joseph,James,vwebb@example.net,513.528.4721,"69344 Miller Isle Apt. 753, South Rebeccaville, OH 87722",Murphytown,French Polynesia,2024-08-03
53,Doris,Perry,caitlin84@example.net,830-476-3000x8657,"225 Ann Mountains, North Sean, OR 40418",Lake Dannymouth,Egypt,2024-02-25
54,Shaun,Lara,nrussell@example.com,6638923100,"Unit 2445 Box 4319, DPO AA 62679",Michelleside,Portugal,2025-09-21
55,Randy,Andrews,kimberly09@example.com,+1-932-517-4569x616,"2245 Green Park Suite 684, Port George, NJ 27789",New Victorfurt,Suriname,2023-12-15
56,Maria,Johnson,edwardsmith@example.net,669.622.1177x12520,"6322 Connie Estate Suite 361, Lake James, GA 17377",New Leah,Brunei Darussalam,2025-07-21
57,Gilbert,Lowery,hernandezamy@example.org,6353961553,"8796 Swanson Rest, Ramirezview, MP 08435",West Angelaborough,Bangladesh,2023-11-10
58,Thomas,Ramirez,elaine63@example.net,809.760.3963x842,"7158 Garza Grove, West Robertborough, MI 09655",South Michaelbury,Latvia,2024-09-19
59,Amanda,Dominguez,qpowell@example.org,665.404.5995x3196,"31606 Andrew Extensions, Lake Richard, AL 68464",Sanchezport,Comoros,2024-01-04
60,Anita,Williams,hallanthony@example.net,001-655-776-5174x1027,"4135 Turner Hills, West Reneechester, VA 99445",Larryfurt,Bolivia,2024-08-15
61,Christine,Larson,sarah16@example.org,+1-233-472-5811x4794,"712 John Lodge Apt. 743, North Nicoleton, AZ 06966",East Morgan,Angola,2024-07-24
62,Kristin,Garcia,hartjoshua@example.org,(865)821-1290,"686 Lane Manor, North Robert, GU 94787",West Rhonda,Belarus,2024-05-30
63,Timothy,Hardin,owensjoshua@example.net,8033878013,"08620 Willis Station Apt. 415, Keithland, VA 13438",Timothyland,Thailand,2025-04-14
64,Mary,Luna,jessica97@example.com,301-713-8250x472,"6466 Robert Harbor, Port Melissa, GU 97206",Fordville,France,2025-01-27
65,Kathryn,Foley,ygonzalez@example.com,+1-771-428-0913x08007,"Unit 3678 Box 1882, DPO AA 52466",North Alan,French Polynesia,2023-12-05
66,Deborah,Stevens,nguyencole@example.org,245.616.9859x50372,"789 Brittany Burg Suite 494, West Tommymouth, NC 64538",Jonathanport,Senegal,2024-07-03
67,Elizabeth,Peterson,maryelliott@example.com,+1-353-689-1697x9032,"5838 Butler Villages Suite 541, Lake Rogerbury, PA 79827",Lake Jason,Lithuania,2024-12-17
68,Tyler,Hudson,jacob01@example.org,352-746-4143x211,"0951 Erin Grove Apt. 284, North Michaelfort, VA 52739",Haasport,United Kingdom,2024-05-08
69,Jessica,Jackson,monicaclark@example.net,665-428-3813x75445,"787 Ayers Coves, South Cindychester, VT 43111",Port Michael,South Africa,2024-08-12
70,Alexander,Smith,kevinmcconnell@example.net,(456)855-0997x10110,"3852 Eric Turnpike, Kylemouth, OR 81594",Ballmouth,El Salvador,2025-07-22
71,Mary,Morgan,xcole@example.net,+1-891-489-7840x379,"53693 Heather Bypass Apt. 976, Beststad, NV 34775",South Michaelhaven,Bahamas,2025-02-13
72,Ryan,Ingram,jshepherd@example.com,001-434-443-1110x292,"3117 Tiffany Unions Apt. 203, Lake Juan, VT 94331",North Sarah,Tanzania,2025-01-19
73,Michael,Richardson,alexandramiller@example.net,918.506.4939x4811,"72316 Dawn Center, South Angelaberg, CA 12010",West Jeffrey,Guinea,2025-03-01
74,Charles,King,gregoryhernandez@example.com,+1-217-606-8038,"43363 Payne Parkway, West Amanda, PW 27858",North Charles,Mali,2025-06-02
75,Lisa,Smith,mooresteven@example.net,411.563.8136x1949,"88349 Andrew Parkways, Kevinville, DC 63755",Millerborough,Netherlands,2024-10-21
76,Amber,Ramos,parrishjennifer@example.com,(865)869-2735,"95021 Susan Cape Apt. 376, North Katherine, IL 09544",Mariahfurt,Bosnia and Herzegovina,2025-02-25
77,Michael,Ward,wrightmariah@example.org,(788)296-7197x7071,"40130 Bruce Course, Rachelborough, NM 40068",West Sylviamouth,Liberia,2024-08-20
78,Adam,Baird,shelby63@example.com,(337)888-2032,"7727 Nicholas Camp, New Jeremyburgh, WY 26160",Cortezmouth,Bangladesh,2024-10-31
79,Tammy,Lee,rachelmercer@example.net,444.711.0072x7301,"Unit 9668 Box 7831, DPO AA 53935",Crystalshire,Christmas Island,2025-06-22
80,Katherine,Miles,mariowoods@example.net,5827481572,"PSC 5884, Box 0395, APO AA 96336",Fergusonstad,Brunei Darussalam,2024-11-19
81,Lisa,Anderson,shane12@example.net,928-431-7603,"156 Brewer Stravenue Apt. 713, Perkinsbury, WA 60445",Lake Robert,Madagascar,2024-07-27
82,James,Ray,jbrown@example.net,637-333-7144x449,"558 Noah Extension Suite 396, Lopezshire, PA 18696",Whitechester,Aruba,2025-03-24
83,Deanna,Ford,smitchell@example.com,+1-202-850-2394x78761,"613 Lee Pass Suite 572, New George, OR 85287",Lake Leah,Nicaragua,2025-07-18
84,Rhonda,Weaver,glenn39@example.com,955-663-0390x4916,"337 Michael Plains, New Chelseafurt, FL 52921",North Steven,Belize,2025-03-05
85,Jason,Evans,james40@example.net,(364)595-2497x22967,"PSC 1000, Box 5615, APO AA 93695",Georgeberg,Gambia,2024-02-17
86,Gary,Owen,wilsontammy@example.net,721.368.2478,"723 Jackson Cove, Williamsville, TX 44494",Mortonbury,Tajikistan,2023-11-12
87,Jackson,Taylor,michael43@example.net,522.479.3881x78988,"535 Gomez Cove, East Christopherton, ME 75204",Robinsonside,Pitcairn Islands,2024-12-23
88,Ian,Harris,kimberlyberger@example.net,8205331681,"365 Nelson Dam Apt. 799, East Sarahshire, MA 66731",Barnettberg,Bolivia,2024-07-01
89,John,Gates,marylee@example.org,(329)359-2169x68581,"573 David Street, East Angelamouth, MN 56291",Mcdonaldburgh,El Salvador,2024-08-07
90,Nathan,Cardenas,richardscolleen@example.org,+1-254-491-8062,"USNV Lopez, FPO AA 00521",West John,Russian Federation,2025-02-03
91,Andrew,Cross,yneal@example.com,(540)846-8974,"13840 Christopher Courts Apt. 490, North John, DC 35985",Kaylaberg,Equatorial Guinea,2025-04-05
92,Kim,Gallagher,adam34@example.com,786.784.9905,"96827 Hunter Ranch, West Feliciamouth, PR 20085",Lake Stevenbury,Belgium,2023-11-05
93,Emily,Freeman,rodriguezalbert@example.com,567.236.9963x9191,"9116 Aaron Springs, Turnerside, MT 55542",Aprilmouth,Saint Pierre and Miquelon,2024-02-01
94,Janet,Lee,nelsonkatherine@example.org,463-235-5875x238,"176 Martinez Mission Apt. 828, West Jessicaton, HI 92132",North Ryan,Congo,2025-06-28
95,Jason,Savage,danielle40@example.net,601-782-9190,"602 Taylor Valley, New Olivia, IL 11728",Meganberg,Colombia,2025-06-05
96,Jody,Pollard,ronaldfowler@example.com,610.590.6343x884,"945 Lopez Fords, West Kristenland, KS 08388",Catherinehaven,Greece,2024-09-10
97,Deanna,Gilbert,ronaldfry@example.net,393.451.6587x36612,"181 Joe Loop, Priceview, MH 81119",Kellyborough,Israel,2024-12-24
98,Brandon,Odonnell,franciswalker@example.net,458.618.9380,"5317 Anderson Divide, Lake Timothy, CA 47729",Bentonview,Andorra,2025-09-22
99,Beth,Glass,ronald92@example.com,260.961.4407,"66128 Heidi Meadows, Ayersshire, NE 71806",Aaronport,Belize,2025-03-18
100,Alejandra,Miller,kelleyolivia@example.org,001-239-777-2416x14669,"USS Baldwin, FPO AE 65593",New Richard,Thailand,2023-12-24
101,Cheryl,Johnson,jburke@example.com,487-366-9900x4274,"356 Hall Wall, Diazshire, VI 67279",Sarahmouth,Korea,2023-12-28
102,Monica,Stephens,gmaynard@example.org,+1-383-776-0503x911,"73696 David Corners, Brandifort, WA 34101",Mitchellside,Russian Federation,2024-09-20
103,Vincent,Harmon,caitlin77@example.com,(872)569-5822,"08802 Dalton Throughway, North Chadville, ID 24074",North Jonmouth,Norfolk Island,2024-08-05
104,Micheal,George,curtismichael@example.net,9557684399,"7458 Prince Parkway Suite 221, Port Michaelburgh, DC 34513",North Ashley,Lesotho,2024-11-14
105,Teresa,Hodge,zvaughn@example.com,5178815992,"812 Green Point, Lake Kristina, HI 94795",North Lisaburgh,Comoros,2024-09-05
106,Jerome,Gibson,birdhunter@example.org,+1-493-845-9988x0194,"36722 Heath Parkway Apt. 956, Lake Jennifertown, NJ 08250",Stewartland,Belize,2025-04-22
107,Janice,Brown,lmiller@example.org,+1-530-765-9764x028,"6224 Amanda Lakes, Lake Chadview, ND 38298",Burnsmouth,Korea,2025-04-04
108,Stephanie,Pugh,uadams@example.org,421.824.0108x5715,"74911 Lisa Divide Suite 411, Justintown, AR 07339",Lake Amy,Croatia,2025-06-09
109,Summer,Cook,evansjason@example.org,996.277.8525x561,"88860 Butler Tunnel Apt. 565, Lake Jonathanfurt, DC 26004",Port Jeremiahchester,Estonia,2024-12-30
110,John,Terry,linda04@example.org,864-364-7730x9012,"40228 Rhodes Spring Apt. 636, Barretttown, HI 48623",East Audreyland,United States of America,2024-09-14
111,Gordon,Campbell,justinwalker@example.net,(980)737-5243x83120,"23961 Brown Plains Suite 036, Margaretbury, MH 71130",Ramosmouth,Denmark,2024-02-09
112,Jeremy,Patel,laura68@example.net,001-548-576-1604,"333 Howard Centers, Adkinsport, WY 41981",North Jessica,San Marino,2024-12-23
113,James,Phillips,strongtheodore@example.net,(824)567-4821x68421,"6636 Lawrence Ways, Lake Michaelberg, NY 78677",Simstown,Myanmar,2024-01-07
114,Matthew,Kim,cartersara@example.net,(366)354-3686x216,"96179 Lindsay Roads Suite 783, Jacquelineview, MP 51548",Lake Kevinland,Faroe Islands,2024-02-01
115,Michael,Wilson,nbrown@example.net,461.281.4095x58346,"19466 William Ranch, Anachester, NM 99363",Clarkmouth,Poland,2025-03-26
116,Brianna,Miller,julie31@example.net,+1-831-469-8445x25938,"06528 Baker Plaza Apt. 165, Mcbrideside, WY 94306",East Sarahton,Netherlands Antilles,2024-03-30
117,Sergio,Jimenez,ftate@example.net,001-651-357-3415,"279 Marshall Passage Suite 487, Erinburgh, OH 45336",Wattsfort,Saudi Arabia,2024-06-11
118,Austin,Curry,ralexander@example.com,(720)689-3911,"199 Duncan Inlet Suite 781, South Johnberg, MP 41170",South Teresa,Anguilla,2024-12-23
119,Steven,Sullivan,josephbaker@example.com,001-514-415-7213,"089 William Terrace, Lake Travisview, LA 12015",Garrettmouth,Lebanon,2024-02-26
120,Mary,Mueller,sextondawn@example.com,+1-827-878-5853x1259,"9620 Phillips Circle, Jacksonmouth, RI 68494",Gabriellahaven,Taiwan,2024-10-05
121,Christina,Munoz,martinmichelle@example.org,711-338-1946x98394,"Unit 8308 Box 5609, DPO AP 82649",Aaronshire,Angola,2024-06-10
122,Matthew,Lopez,curtisfields@example.com,001-621-862-3720,"USCGC Weaver, FPO AP 09929",Moralesside,Djibouti,2024-11-30
123,Kimberly,Thompson,ricardocosta@example.org,748-632-9086,"02914 Jonathan Loaf Apt. 356, North Christine, GU 47318",South Blake,Armenia,2024-07-28
124,Denise,Bryan,jonathanscott@example.net,404.662.6430x14626,"61099 Ramirez Ports Apt. 765, Thomastown, MH 60989",Alexisstad,Luxembourg,2025-03-10
125,Amanda,Wagner,tammie67@example.com,001-625-421-8556x3070,"871 Lucas Spring, East Gary, OH 76750",East Kelsey,Jordan,2023-11-28
126,Morgan,Davis,myerstraci@example.com,247-702-6382,"03108 Cunningham Plain, Lake Robert, PW 22816",South Shannonshire,Vietnam,2025-03-08
127,Edward,Schwartz,dannymoreno@example.org,944-270-3253x1538,"58402 Guzman Walk, Port Jasmine, MS 06630",North Joshualand,Netherlands Antilles,2025-01-21
128,Derek,Hall,rleblanc@example.org,5403610811,"0927 Chen Run Apt. 884, Port Heidi, MP 21725",Kristenfurt,Sweden,2025-10-01
129,Jeremy,Schroeder,kristin30@example.net,655-913-4750x18027,"910 Wood Mall Apt. 706, New Keith, SD 60414",South Lindsay,Namibia,2025-05-18
130,Jose,Johnson,mhardy@example.com,(359)899-5191,"2117 Farrell Villages, Lake Timothy, HI 50956",West Brittney,Latvia,2025-08-03
131,Michele,Rivera,steven04@example.org,6919868594,"0965 Kerr Hills Suite 310, New Jonathanland, CA 34356",Brittanychester,Netherlands,2025-06-27
132,Kyle,Hines,sandrapalmer@example.net,975.761.3142x9528,"75871 Smith Overpass, Port Thomasstad, AK 06435",Rachelmouth,Cameroon,2023-11-24
133,Kevin,Valdez,thompsonscott@example.com,593.227.3683,"0701 Phillips Square, South Matthew, SC 50293",Lindamouth,Anguilla,2025-03-17
134,Monica,Ross,jenniferpatterson@example.org,001-688-678-3148x542,"17761 Bennett Mount Suite 208, South Dwayneview, ME 09084",Stonefurt,Germany,2025-04-16
135,Michael,Richard,thomas95@example.com,+1-822-425-7122,"PSC 2713, Box 7892, APO AE 78752",Port Gailburgh,Benin,2024-10-15
136,Whitney,Sanders,sydney86@example.net,+1-558-756-5223x723,"110 Murphy Street, East Jessicashire, WV 10239",New Sarah,Pitcairn Islands,2025-04-12
137,Stephen,Hernandez,zholland@example.net,3447792962,"417 Vang Highway, Smithberg, VA 95741",Whitemouth,Trinidad and Tobago,2024-06-19
138,Amy,Jacobs,michaelarmstrong@example.org,(248)459-9530x63636,"2743 Duncan Trafficway, East Taylorview, NM 61135",Townsendstad,Italy,2024-09-17
139,Laura,Travis,shanejones@example.org,(669)309-9095x81186,"574 Michael Corner, New Sheila, AR 45498",West Debra,Pakistan,2024-04-24
140,Matthew,Murphy,gracegraham@example.org,001-506-561-6295x5305,"Unit 3601 Box 1392, DPO AA 81577",Lake Jennifer,Samoa,2024-11-22
141,Darryl,Hill,anthony05@example.org,991-553-8486x1213,"137 Hobbs Forge Apt. 409, Bryanborough, FL 80776",Kylieton,Guinea-Bissau,2024-08-17
142,Jeremy,Ellis,woodsbobby@example.com,391-515-0674x243,"Unit 6907 Box 5182, DPO AA 07673",East Juliebury,New Caledonia,2024-07-12
143,Kathy,York,parkersarah@example.net,+1-576-762-2186x92128,"2291 Jonathan Mills Apt. 487, North Crystalhaven, MO 60283",South Jackieberg,Liechtenstein,2025-01-28
144,Chelsea,Cantrell,rodriguezlori@example.com,+1-722-331-8959x5719,"02148 Bishop Fall Apt. 729, North Roger, VA 51790",Richardsmouth,Latvia,2025-09-20
145,Melissa,Ramirez,jessica33@example.net,682.537.6636,"3937 Miller Stravenue Apt. 322, Crystalville, PA 52575",Yolandafort,Bolivia,2025-05-08
146,Christine,Bryant,allenolson@example.com,545-784-8374x19889,"Unit 6240 Box 9527, DPO AA 70340",West Marilyn,Liechtenstein,2025-07-16
147,Kristi,Schwartz,pbarry@example.org,+1-399-840-5262,"00722 Calvin Spur, Howellfurt, PW 37998",West Sandra,Aruba,2025-01-19
148,Adam,Thompson,dgonzalez@example.com,+1-597-276-5537x422,"85341 Ochoa Ports, Snowview, GA 49860",New Stacyborough,Zambia,2025-03-15
149,Randy,Hensley,erincollins@example.com,665.496.0620,"6039 Rice Square Suite 840, Port Glenn, AL 79308",Walkerstad,Norfolk Island,2024-12-26
150,Gerald,Marks,debrarivera@example.org,(395)791-8441,"930 Stacey Mills, Maynardmouth, SD 71133",Millsberg,Luxembourg,2025-09-22
151,Tabitha,Zimmerman,lisasimmons@example.org,+1-300-248-0082x87956,"781 Terry Mountain Apt. 839, Carrillostad, GU 25822",Malonemouth,Slovakia (Slovak Republic),2025-02-22
152,Christopher,Barker,suzanne86@example.org,493.748.6787x40619,"9291 Wilson Court Apt. 070, Johnmouth, HI 51638",West Travischester,Niger,2024-01-09
153,Michelle,Schwartz,davidlittle@example.net,384-618-1163x7013,"7480 Stewart Locks Suite 179, Lake Michael, AL 34568",Thompsonport,Malawi,2023-11-21
154,Amber,Silva,baileyjennifer@example.net,597-671-7662x386,"96172 Newman Summit Suite 803, West Alisonbury, MS 12122",South Markview,Armenia,2024-10-10
155,Matthew,Wood,ortizbrittany@example.com,+1-934-351-8546,"9096 Regina Isle Apt. 868, East Jamesshire, NH 08763",North Donnastad,Bosnia and Herzegovina,2025-06-20
156,Breanna,Garcia,jennifer29@example.net,+1-317-681-3712x852,"836 Ronald Center, Port Malik, ID 47541",Nicolestad,Malta,2024-08-09
157,Stephanie,Newman,ericwilliams@example.net,+1-893-573-9038x1113,"562 Velez Drive Suite 913, Markchester, TX 84076",North Jamesmouth,Peru,2024-07-30
158,Robert,Smith,thompsontammy@example.net,609-323-8667,"05042 Lauren Lock Apt. 881, Saraville, PR 63838",North Derrick,Sweden,2025-02-03
159,Kimberly,Parrish,blopez@example.com,001-961-609-2482x5567,"01636 Carl Highway, Shannonburgh, CO 75166",Kyleberg,Saint Martin,2025-07-05
160,Kimberly,Contreras,damon46@example.org,(820)236-6042x944,"4531 Ritter Glen, New Markfort, CA 01056",Alexandermouth,Ireland,2024-11-07
161,Ashley,Jackson,mendozajessica@example.net,717.239.8758,"USCGC Powell, FPO AA 54834",Jennyton,Ecuador,2023-12-07
162,Dustin,Newton,nstanley@example.org,892-423-5557,"3394 Dawn Pass Suite 657, New Amber, NH 83659",New Donnafort,Montserrat,2025-10-02
163,Daniel,Levy,lewispamela@example.org,711-746-7314x56999,"79530 Rhonda Ridges, Port Leroyton, NM 49019",Port Kaitlynmouth,Poland,2024-07-08
164,Louis,Williams,thomasveronica@example.com,250-905-1125x5237,"6373 West Glen, New Ashley, MA 23842",Loritown,Mauritius,2025-02-24
165,Vicki,Torres,richard22@example.net,+1-202-379-1086x662,"USS Burns, FPO AA 09129",Port Ronaldmouth,South Africa,2024-03-29
166,Justin,Johnson,erica34@example.com,(986)952-7788x2519,"62638 Dunn Brook Suite 331, Kelseyburgh, AR 33877",Hansenchester,French Guiana,2024-03-26
167,Wanda,Ortega,anthony68@example.net,001-470-924-1144x86781,"43437 Moody Crossroad, West Brianchester, AR 32719",New Daniel,Djibouti,2024-01-17
168,Micheal,Benton,taylormathis@example.net,001-234-960-5080x9312,"Unit 1701 Box 5629, DPO AP 85381",North John,Denmark,2023-11-02
169,Joel,Rowland,goodmanjacob@example.org,+1-273-664-3643x9509,"3074 Williamson Station, East Nathanburgh, NC 15580",West Sethtown,Jordan,2025-04-25
170,Sandra,Rogers,cmarsh@example.org,+1-450-701-0588x27771,"510 Suarez Plaza, Gonzalezhaven, KS 95498",Parkerville,Israel,2024-06-04
171,Matthew,Branch,david95@example.org,800.823.1195x720,"4804 Richard Throughway Apt. 232, Bethanyland, LA 58939",Johnmouth,Lao People's Democratic Republic,2024-06-28
172,Alexis,Rhodes,rsmith@example.com,001-669-590-6333x4039,"00115 Jocelyn Burg, Peterschester, SC 01287",Hansonberg,Saint Pierre and Miquelon,2025-08-19
173,Katherine,Wilcox,lchandler@example.com,001-413-992-3487x171,"052 Gutierrez Loop, Bartlettmouth, NV 20593",Perryborough,Haiti,2024-06-09
174,Kenneth,Newton,mperry@example.com,001-293-907-3450x204,"09222 Howard Fields Apt. 198, New Amy, GA 52780",New Eric,Isle of Man,2025-08-17
175,Daniel,Allen,michaelreed@example.org,001-363-411-7191x2116,"269 Carr Common, South Matthew, MO 65982",North Matthew,Liberia,2025-10-20
176,Julie,Camacho,qmcintosh@example.org,669.839.3412,"262 Jenna Villages Apt. 554, Ericville, KS 12646",Lake Jocelynburgh,Palau,2024-12-08
177,Dean,Chase,riverajoshua@example.org,(473)495-1892x8344,"3619 Rivera Track Apt. 920, Lake Williamhaven, MD 77438",New Jerrystad,Central African Republic,2024-06-06
178,Stephen,Johnson,murrayjuan@example.net,(932)821-4933,"996 Anthony Heights Suite 564, East Cynthia, ND 91218",East Danielberg,Oman,2023-12-25
179,Nicole,Jones,michael98@example.org,(366)456-8434x657,"71150 Andrew Glens, Jameston, MH 63855",North Shelley,Serbia,2024-09-19
180,Joel,Hawkins,alicia88@example.net,319.806.2679x72876,"7281 Cole Springs, East Rebekah, AL 87789",Richardfurt,Nepal,2024-10-24
181,Paige,Kidd,marc41@example.com,+1-944-417-1912x8461,"2307 Kyle Walks, Kingside, LA 01759",Petersonborough,Samoa,2025-09-09
182,Lori,Gibson,jennifer25@example.net,+1-296-310-0237x3255,"8989 Johnston Locks Apt. 083, Adamtown, MP 30723",South Brittneyberg,Israel,2024-12-27
183,Cody,Greene,rebecca13@example.com,(697)691-1096,"087 Levy Valley, Phillipsport, IL 55358",New Marcfort,Cuba,2024-12-06
184,Frank,Gonzalez,craig44@example.net,493.214.0855,"545 Christopher River, Lake Samanthamouth, SD 17681",Katieland,Liberia,2024-02-06
185,Michelle,Jones,ysims@example.com,(656)734-3826x393,"020 Kelly Orchard Apt. 157, Lanceton, TX 18839",Port Mason,Nicaragua,2024-06-11
186,Melvin,Bell,nancy52@example.org,+1-653-354-8851x6772,"1315 Chelsea Alley, Blankenshipstad, IA 25850",Lake Jonathan,Afghanistan,2024-04-25
187,Lindsey,Gilbert,kevin70@example.net,2288579469,"Unit 5372 Box 2200, DPO AP 47188",Rebekahfurt,Latvia,2025-01-14
188,Michael,Wiggins,orocha@example.com,716-338-2112,"3533 Susan Fall, Nicholestad, CO 43358",Lake Brianshire,Togo,2024-11-07
189,Karla,Hobbs,cgarcia@example.com,264-773-9302x8227,"569 Perez Drives Apt. 111, Melendezburgh, VT 11105",Michaelborough,Iceland,2024-02-15
190,Victoria,Wood,karen19@example.com,(591)888-3695,"31543 Natalie Skyway, Rayshire, FM 75840",Martinview,Netherlands,2023-11-17
191,Tina,Serrano,juliedennis@example.com,+1-754-643-0706x585,"28173 Sanchez Plains Suite 176, Jenniferville, AL 31121",South Robertmouth,Portugal,2025-09-22
192,Kelly,Evans,kdorsey@example.org,575-385-3120x678,"22315 Mcguire Creek, Ryanfurt, GU 26329",Tonyabury,Japan,2025-03-26
193,Christopher,Carr,xellis@example.net,(824)545-4971,"06870 Amy Orchard, Michellechester, WI 22776",Lake Aaron,Germany,2024-01-29
194,Lindsey,Small,josephmarks@example.net,+1-327-869-8359x7427,"76941 Mooney Parks Suite 172, Peggymouth, MS 13455",Matthewfort,Seychelles,2025-08-20
195,James,Horton,iwelch@example.com,785-398-5017,"Unit 7443 Box 9916, DPO AP 03625",Johnsonstad,Bahrain,2024-09-16
196,Clarence,Martinez,walkerholly@example.org,933.825.4901x16687,"4726 Gill Trace Apt. 427, Josephtown, FM 80091",Port Charlestown,Canada,2024-04-06
197,Hector,Spencer,crobertson@example.net,4046025153,"6533 Jones Forks Suite 140, East Stephanie, NV 99352",East Dawnhaven,British Indian Ocean Territory (Chagos Archipelago),2024-12-01
198,Paul,Harris,carol72@example.com,697-307-0832x9709,"12516 Erik Common, West Allison, MT 17083",Port Tiffanyfurt,Finland,2025-10-20
199,Roger,Smith,tarashepherd@example.org,353-823-3740x193,"56185 Saunders Grove, Alexandraborough, NH 45338",North Anna,Martinique,2023-12-27
200,Joshua,Owens,etanner@example.org,001-476-604-7551x253,"6627 Lewis Trail Suite 925, North Gene, WI 72738",Underwoodberg,Benin,2025-10-05
201,Jonathan,Love,moorealyssa@example.net,251-339-5769,"87300 Young Avenue, Marcusmouth, VA 94109",South Joshuahaven,Kiribati,2024-03-22
202,Susan,Farrell,jessica45@example.com,910-438-4102x0613,"764 Woods Estates, West Rebeccamouth, NE 58248",North Victoriaton,Sierra Leone,2025-03-26
203,Christopher,Jones,xbrown@example.org,941-774-7720x095,"923 Garner Turnpike, New Jason, TX 48537",Powellchester,Malawi,2024-04-17
204,Lisa,Logan,stevenblevins@example.net,390-610-0957x4785,"7333 West Place, North Rickeyfurt, VT 61028",Autumnstad,Bolivia,2023-11-06
205,Jessica,Gonzalez,johnsonjason@example.org,(893)236-7880,"08892 Holly Harbor, East Jeffreymouth, NE 39692",Patriciafurt,Barbados,2024-05-08
206,Natasha,Carter,lisa80@example.net,6117710884,"083 Monica Ramp, New Anne, FL 30757",New Rickeyberg,Uzbekistan,2024-02-26
207,Timothy,Parsons,santosemily@example.org,001-530-844-3311x1959,"USNS Smith, FPO AP 25599",North David,British Indian Ocean Territory (Chagos Archipelago),2025-04-28
208,Timothy,Wood,derrick74@example.net,001-977-953-2205x3039,"5460 Gross Ways Apt. 684, North Nicholefort, NJ 57189",Lake Lori,Namibia,2025-04-07
209,Michael,Sampson,jamesjones@example.com,(255)328-4613,"95694 Grace Prairie, East Thomas, OH 46040",Sarahfort,Georgia,2024-05-09
210,Victoria,Durham,whitney47@example.net,470-549-1800x03321,"20090 Gary Key Suite 378, Savagebury, IN 61644",Lake Kentstad,Cape Verde,2025-03-27
211,Christina,Larsen,francisthomas@example.net,700-826-1204x0446,"122 Stark Overpass, West Alexanderhaven, WY 54321",New Angela,Albania,2024-03-04
212,Willie,Clay,rlee@example.com,(400)204-6642x41177,"984 Miranda Cove, West Mikemouth, NV 74957",Jonestown,Bolivia,2025-02-09
213,Natasha,Martinez,bridgessamantha@example.net,001-425-644-5520x424,"854 Daniel Branch, Lake Cody, UT 40898",Colinside,Albania,2024-04-27
214,Crystal,Giles,curtis33@example.org,781.499.1064,"9819 Lutz Road Suite 869, Joshuamouth, OR 42226",Lindseybury,Thailand,2024-12-18
215,Eric,Barrera,patrickthomas@example.net,219.978.4188x449,"PSC 4628, Box 8510, APO AA 34738",Lauraport,Liechtenstein,2024-07-29
216,Stacey,Campbell,watsonjesse@example.org,6044205862,"69495 Bradley Cliffs, East Douglas, MA 86534",North Jeremiah,United Arab Emirates,2024-06-29
217,Kelly,Guerrero,crystal53@example.net,001-823-489-8525x79172,"7203 David Causeway, Kenttown, OR 81629",East Joannachester,Bahamas,2025-08-27
218,Michael,Garcia,dmartin@example.com,(279)274-9674,"50643 Newman Club Suite 291, Hannahfurt, NM 56750",East Jeffrey,Palestinian Territory,2023-11-02
219,Don,Thomas,kyle57@example.net,001-629-956-3725x133,"87465 Nicholas Drives Suite 547, New Michaelstad, IN 56092",Johnfurt,Jamaica,2023-11-05
220,Mitchell,Grant,samuel19@example.org,974.944.2634x65501,"USS Marsh, FPO AA 64735",East Frank,Saint Martin,2024-12-18
221,Derek,Brandt,selena61@example.org,(748)947-7750x63556,"6980 Tiffany Stravenue Apt. 184, Stevenland, NV 54616",Laurenchester,Brazil,2025-02-22
222,Emily,Harrison,kgreen@example.org,(628)400-5978,"577 Gonzalez Ridges, Mariaview, NH 96794",Brianafort,China,2024-01-15
223,Alexis,Buckley,tuckermelissa@example.org,386-365-8801,"USS Meadows, FPO AA 33477",East Davidton,Venezuela,2023-12-13
224,Amanda,Jones,efrederick@example.net,+1-862-847-8933x32736,"USNV Ingram, FPO AE 51413",Nicholasborough,Korea,2024-09-13
225,Jamie,Garner,shane97@example.net,+1-258-699-3114x8399,"6477 Johnson Turnpike, Dominiqueville, NJ 53458",Jonburgh,Portugal,2024-12-18
226,Jesse,Cooper,timothywagner@example.com,(969)517-1340x91721,"8222 Kimberly Union Suite 306, West Lisa, MT 84175",Davismouth,Georgia,2024-12-22
227,Cynthia,Carter,riverabarry@example.org,+1-896-395-0922x9230,"6922 Beasley Mews, North Joseview, FM 79247",Stevenbury,Jordan,2024-01-12
228,Albert,House,nicholas28@example.net,920.297.1947,"123 Hill Point Apt. 300, New Kimberly, AR 97990",Port Sarahstad,Montserrat,2025-07-20
229,Heather,Johnson,rtaylor@example.com,+1-667-431-0746x56188,"012 Rice View, Lake Juliaburgh, ID 01615",Barryland,Turks and Caicos Islands,2024-07-13
230,James,Thornton,gonzalezbarbara@example.org,001-816-315-3285x835,"0636 Karen River Suite 074, Palmerburgh, AK 89145",Clarkton,Cameroon,2024-11-22
231,Elizabeth,Jackson,jperry@example.net,442-804-7508x770,"12595 Fox Ramp, Martinburgh, VA 25372",North Thomasmouth,Guadeloupe,2024-03-17
232,Tamara,Jackson,destinybrown@example.net,(634)289-0682,"7221 Dillon Park, East Courtney, MA 76261",New Sarahfurt,Sao Tome and Principe,2024-03-19
233,Ryan,Frank,jacqueline36@example.net,711.350.3494x863,"1119 Tiffany Islands Apt. 168, Boothshire, WA 45567",New Melissaport,Cape Verde,2024-02-19
234,Vanessa,Sanchez,jessica36@example.org,001-567-527-8934x7181,"65429 Green Ramp Apt. 895, West Zachary, PA 71084",East Dillonfurt,Norway,2025-02-17
235,Andrew,Gutierrez,colemanbrian@example.org,876-704-9417,"877 Julie Pike Suite 905, Flemingchester, PW 54337",Mikaylaland,Mauritania,2023-12-24
236,Tina,Jones,floresmelvin@example.net,(381)576-1710,"975 Robinson Lodge, Hallborough, WY 45477",Kimberlyport,Saint Pierre and Miquelon,2024-05-09
237,William,Henderson,jnelson@example.org,234-370-2775,"6030 Audrey Drive, Lake Bridgetchester, NJ 43053",Lake Donald,Austria,2025-05-18
238,Dana,Greene,cheryl02@example.net,840-356-0902x8055,"15632 Dillon Island, Richardsonberg, AL 94337",Stanleystad,Falkland Islands (Malvinas),2025-08-18
239,Joe,Clark,paula92@example.net,+1-983-556-8466x2824,"1947 Christopher Walk, Castrofort, PA 24341",Veleztown,Russian Federation,2025-07-02
240,David,Bell,floresjames@example.com,+1-924-476-7763x6924,"777 Darlene Unions, Jenkinsburgh, IA 68017",Mezabury,Portugal,2024-10-17
241,Jacqueline,Forbes,samuelherman@example.net,001-394-493-4839x8877,"5355 Stanley Views, Waltersborough, AZ 32339",Riverstown,Palau,2024-09-18
242,David,Lopez,april70@example.org,+1-508-712-4983x3947,"09274 Ryan Ports, Kristenborough, AZ 05693",Brittanyhaven,Trinidad and Tobago,2024-03-27
243,Eric,Potter,nicoleclayton@example.net,001-769-873-3230x19171,"927 Dean Stream, New Melissa, IL 35362",North Debbie,Uzbekistan,2023-12-21
244,Mikayla,Wilson,amber54@example.com,8116681963,"61502 Andrea Brook, Annetteside, RI 48435",South Ashley,Guatemala,2024-09-22
245,Cassandra,Jackson,brownnancy@example.net,264.255.3432,"268 Gina Square Suite 181, North Billy, TX 52253",North Kyle,Haiti,2024-10-05
246,Kayla,Clark,abigailhobbs@example.com,686-504-1306,"73418 Catherine Streets, Richardmouth, VA 31312",East Vincent,Lebanon,2025-06-18
247,Ann,Miller,dsmith@example.net,001-439-430-5257x150,"PSC 1427, Box 8256, APO AE 83301",West David,Cote d'Ivoire,2025-08-23
248,Randy,Randall,hughesjimmy@example.org,(322)569-7848,"21667 Rogers Via Suite 459, Judyland, AS 34760",New Jeffrey,Jamaica,2025-04-30
249,Natasha,Walker,truiz@example.org,+1-939-719-4837x8098,"USS Lopez, FPO AA 29138",Jamesberg,Turks and Caicos Islands,2025-10-18
250,Linda,Wong,blackzachary@example.com,658-603-7466x1113,"229 Patterson Curve Apt. 092, Langbury, AR 62247",Hillfort,Afghanistan,2024-01-19
251,John,Meyer,randy87@example.org,+1-227-742-7171x1644,"76216 Blankenship Extension, East Renee, IN 89741",Bryantborough,Equatorial Guinea,2025-08-08
252,Michael,Richardson,qhill@example.net,+1-207-295-7276,"62489 Wright Path Suite 365, West Stephenton, WY 56793",Christophermouth,Puerto Rico,2024-04-04
253,Tara,Russo,carol96@example.net,300.656.6105,"320 Alexandra Cape, Donaldsonland, NJ 96164",South Nicole,Guinea,2024-08-02
254,Zachary,Perez,timmueller@example.com,847.322.9529x694,"70178 Donna Turnpike Apt. 542, New Teresahaven, MH 57062",Lisaview,Congo,2024-06-05
255,Stephanie,Ochoa,williamssamuel@example.com,+1-903-212-7107x0731,"75434 Stephanie Orchard Apt. 615, Rogerstown, AZ 25190",West Christine,Colombia,2024-12-28
256,Ryan,Mccoy,gillespiesheila@example.net,866-348-0495,"80245 Aimee Summit, Port Bryan, RI 63620",North Curtisburgh,Northern Mariana Islands,2024-11-03
257,Heather,Flynn,jwilliams@example.net,513.350.5716,"25794 Thompson Ford, Dunnberg, AZ 39509",Matthewfort,Chile,2024-05-05
258,Kyle,Allen,daniel33@example.net,651.983.3427,"PSC 1276, Box 6043, APO AE 40557",New Iantown,Puerto Rico,2025-10-14
259,Michael,Costa,kingsara@example.net,966.988.9365x12802,"Unit 6388 Box 5563, DPO AA 02154",North Jennifer,Malawi,2023-11-12
260,Thomas,Morales,michael61@example.org,(964)444-3903x62493,"88117 Hurley Burgs, Hornland, CT 71452",Thomasberg,North Macedonia,2024-01-13
261,Dustin,Vazquez,fullersarah@example.net,800.222.9935,"4939 Reynolds Loaf Suite 227, Port Alexis, VT 29232",South Brandonside,Palau,2025-10-07
262,Shannon,Barnes,amysteele@example.com,822.696.0115x6411,"1309 Brandon Green, Thompsonberg, UT 08987",Troyfort,Belarus,2025-03-22
263,Teresa,Miles,evelyncampbell@example.org,(537)572-5288x475,"63853 Fuller Walk Apt. 794, Amandahaven, AZ 11482",South Kristen,Guinea,2024-01-22
264,Rebecca,Contreras,wrichards@example.org,536.808.2960x9743,"971 Elizabeth Spring, Deborahhaven, AS 31702",Lake Angela,Central African Republic,2025-06-05
265,Mason,Becker,hendersonlacey@example.net,943.594.9170x084,"91975 Jesse Parks Apt. 264, Kellyview, WV 15311",Averyfurt,Haiti,2025-09-03
266,James,Gonzalez,jennifer96@example.net,348-370-5985,"27277 Smith Oval, Lewisshire, OH 67636",Lake Peter,Guyana,2024-04-22
267,Austin,Woods,rogerschristopher@example.com,290.314.3246,"4424 Jeffrey Cliffs, New Sonyaville, CT 56067",West Amanda,Montenegro,2024-03-16
268,Elizabeth,Meyer,lwalker@example.org,215.803.9645x310,"257 Walker Plaza, Marcusview, VT 51455",Nicholasborough,Cape Verde,2025-01-20
269,Joseph,Wong,vhill@example.org,297.709.2537x806,"616 Vickie Cape, Port Dustin, FM 99549",Philipfurt,Singapore,2025-04-21
270,Angela,Nelson,gmarquez@example.org,+1-481-579-6853x674,"9307 Gutierrez Ways Suite 787, Danielsfurt, MD 67486",New Josephfurt,Saint Pierre and Miquelon,2024-06-01
271,Julie,Cervantes,nicholslaurie@example.org,+1-620-896-5839x229,"65659 Tricia Fords, New Stevenville, PW 93003",West Timothyside,Congo,2024-03-31
272,Scott,Hall,ortiztravis@example.com,789-525-5942x99458,"1183 Gordon Ridge, Lake Stephen, NE 12745",West Jonathan,Malawi,2025-03-03
273,Todd,Rivas,jgay@example.net,377-344-9741x3578,"USCGC Rangel, FPO AP 90102",Lake Michaelstad,Singapore,2025-05-16
274,Lindsey,Gilmore,marcia47@example.net,405.365.0477,"PSC 2971, Box 0332, APO AA 68327",Jacquelinestad,Timor-Leste,2024-05-21
275,Samuel,Meyers,amartin@example.com,611-631-9521x957,"1913 Dana Stream, Ortizmouth, NE 92067",Maryland,Belize,2025-04-01
276,Kristine,Allen,jacobbaker@example.com,(701)372-8249x2016,"184 Justin Grove, Edgarchester, VI 84290",East Sean,Lithuania,2025-02-06
277,Sandra,Anderson,derekdelacruz@example.com,(293)462-9577x500,"8845 Elijah Center Apt. 001, Nelsonton, KS 13174",Sheilaburgh,Guam,2025-10-09
278,Gregory,York,bartlettdavid@example.org,(794)955-4897x52335,"75556 Candice Loop, New Nicole, ME 71713",Benitezburgh,Bahrain,2024-06-07
279,Allen,Collins,leslie60@example.org,(764)815-0616,"8235 Fred Overpass Apt. 065, North Joeport, TN 22202",Port Michaelstad,South Africa,2025-05-03
280,Tara,Young,miguel97@example.net,522-232-0731x8499,"86832 Freeman Crossing, East Sarah, OK 50954",Brownmouth,Guinea-Bissau,2024-03-03
281,Jeffrey,Chavez,pamelajohnson@example.org,(523)490-0270x077,"252 Martin Radial Apt. 880, Port Monica, IN 58270",Lake Anthony,Falkland Islands (Malvinas),2024-09-26
282,Lisa,Armstrong,ashleejohnson@example.com,+1-364-839-3778x7728,"81090 Price Walks Suite 465, Richardton, TX 82198",West Rachelfort,Sao Tome and Principe,2024-06-17
283,Edward,Barnes,melissa29@example.com,974-417-1859x3324,"USS Johnson, FPO AE 68065",Stokeshaven,Falkland Islands (Malvinas),2023-11-17
284,Teresa,Williamson,christinesmith@example.net,679-921-1397x4226,"1307 Joseph Locks, Port Amanda, MP 83797",Lake Michaelland,Kiribati,2024-09-15
285,Anthony,Carr,dawn48@example.com,6255957175,"108 Rasmussen Groves, North Jillfurt, FM 86993",Fordside,Serbia,2024-06-06
286,Joe,Brewer,obarnes@example.net,897-674-8860x918,"328 Barnes Pike, Lawsonville, VA 20612",East Christine,India,2025-02-05
287,Christopher,Sanchez,ashleyrodriguez@example.com,(598)212-8698x6334,"00700 Nicholson Point, Masseyside, DE 86438",New Heather,Lao People's Democratic Republic,2025-04-30
288,Thomas,Cox,vholland@example.org,001-599-908-1050x616,"PSC 2191, Box 6623, APO AP 58455",Sharontown,Libyan Arab Jamahiriya,2023-12-12
289,Brittany,Henry,turnerjerry@example.org,(813)293-2194x83009,"020 Friedman Road, Smithbury, WY 41752",Rebeccamouth,China,2024-11-07
290,Gary,Aguilar,jonathan04@example.net,001-912-500-1997x77808,"89451 Michael Square Apt. 762, Ricetown, CT 69317",North Paultown,Barbados,2024-09-03
291,Julia,Fernandez,xescobar@example.org,001-397-910-9676x2341,"67509 Steven Village Suite 679, Wilsonton, MO 79845",Bellborough,Sao Tome and Principe,2024-05-17
292,Lori,Edwards,charlesgallagher@example.net,001-261-331-3163x59966,"Unit 0231 Box 3650, DPO AE 75116",West Michael,Equatorial Guinea,2025-08-26
293,Anna,Evans,bsutton@example.org,983-561-9522,"53447 Benjamin Creek Apt. 863, Richardville, IA 83978",East Adam,United States of America,2023-10-24
294,Shelly,Flores,liukarla@example.com,4605604462,"Unit 7581 Box 7189, DPO AE 90731",Lake Jeffrey,El Salvador,2025-09-28
295,Angela,Gonzalez,mallory34@example.net,+1-940-823-1803x03124,"4376 Taylor Street, Meaganshire, KS 84869",Timothyville,Saint Lucia,2023-11-22
296,Steven,Dennis,laurie23@example.net,5133334712,"USCGC Massey, FPO AA 17917",North Daniel,Gibraltar,2025-07-11
297,Mitchell,Peters,dthomas@example.net,869-446-5125x38311,"86257 Laurie Glens, Lake Travis, NH 99265",Christophertown,Thailand,2025-02-01
298,Kevin,Bautista,ashley89@example.org,001-923-532-1127x863,"097 Julia Well Apt. 956, Owenborough, MH 94405",Aliceborough,Romania,2024-04-08
299,Kathleen,Patel,george35@example.org,496.488.2907,"243 Tara Springs, East Allisonbury, MA 43374",Rogersfurt,Niue,2024-12-24
300,Charles,Griffin,michaelmiddleton@example.org,594.625.4554,"7447 Nicole Ramp Suite 394, Lake Roger, GA 88355",South Michael,New Zealand,2025-09-23
301,Emma,Brennan,sierrahodge@example.net,001-248-833-0508x1898,"09274 Rogers Lodge Apt. 487, Morrishaven, OH 93021",Jenniferbury,Bahrain,2025-03-21
302,Julie,Taylor,jennifergarner@example.net,(737)405-1776x4543,"6350 Parker Gateway, Rogerport, NY 31897",Lake Trevorburgh,United States Virgin Islands,2023-11-18
303,Sarah,Hayden,mackenzie58@example.com,(850)347-7736,"92404 Ryan Bypass, Robertmouth, PA 42042",Montesfort,Croatia,2025-02-07
304,Alexis,Jones,carterandrea@example.net,(913)348-6959x8093,"158 Bell Hills, Floresport, KS 35301",New Michael,Qatar,2024-07-21
305,Melissa,Ford,jjones@example.com,(653)856-0469,"USNS Gonzalez, FPO AE 75982",East Carmenchester,Albania,2024-03-14
306,Crystal,Mills,ythompson@example.com,001-296-708-6328x5504,"430 Ryan Ports Apt. 117, East Elizabethland, WV 26401",East Jamesberg,Palestinian Territory,2024-11-13
307,Nathan,Harris,leebrian@example.net,001-407-586-9593x73201,"3146 Robert Pine Apt. 284, Villarrealshire, ME 46621",Bryanfurt,Algeria,2025-01-26
308,Hannah,Steele,jenniferhall@example.org,218.396.7574,"USNS Hill, FPO AE 89274",Guerraton,South Georgia and the South Sandwich Islands,2024-03-02
309,Kimberly,Maldonado,marie07@example.net,001-938-402-0680x710,"9183 Nicole Knolls, Lake Pamela, GU 43078",West Ashley,Guam,2025-06-21
310,Jacob,Alexander,dunlapkaren@example.net,845-413-5074x2739,"9044 Woods Plaza, Port Heatherside, CT 52220",New Rhondashire,Chile,2024-08-01
311,Marc,Welch,vicki20@example.net,912-544-0364,"66609 Green Way, Parkerfort, GA 19487",Lake Jonside,Belgium,2025-05-24
312,Jacob,Mills,lisa09@example.net,993.437.8050x831,"71006 Sean Glens, Barnesshire, WV 62837",East Nicole,Panama,2024-11-09
313,Cody,Martinez,erin01@example.com,001-942-228-9919x78683,"90047 Robinson Roads, Paulchester, NH 51935",East Martinshire,Mali,2024-06-29
314,Donna,Hurley,ahansen@example.org,+1-480-900-1216x02603,"3501 Mccoy Causeway Apt. 526, New Brandonburgh, NJ 17125",Hugheshaven,Cocos (Keeling) Islands,2025-06-02
315,Jill,Castillo,alexislewis@example.com,+1-524-645-0542x1692,"224 Willis Ridge Apt. 039, Fisherborough, NY 56861",Antoniomouth,Bolivia,2024-12-22
316,Jasmine,Smith,monica34@example.net,962.963.6818,"46130 Baker Forges Apt. 736, Hickstown, NH 29094",South Cassandrafort,Uzbekistan,2024-09-20
317,Jennifer,Grant,gjarvis@example.com,583-893-0769,"747 Morris Spring Suite 584, New Crystalland, NV 09389",Laratown,Maldives,2024-09-04
318,Robert,Miller,ychristian@example.com,756.652.0233x93849,"6689 Dennis Centers, Jamestown, DE 89431",Willieview,Mauritius,2023-12-04
319,Jessica,Wong,yshannon@example.org,(584)324-2703,"01465 Mary Curve Apt. 059, Jamesland, MS 48540",Laurentown,Myanmar,2024-06-29
320,Andrew,Ramirez,christopher11@example.com,670-768-8228,"80372 Kathy Gardens Suite 714, Sloanfurt, KS 39721",Nathanview,Niger,2025-04-21
321,Suzanne,Hancock,larsonnicole@example.org,225.486.6022,"USNV Perez, FPO AE 13029",South Joshua,Fiji,2025-06-12
322,David,Kemp,garciajoseph@example.net,+1-577-279-6077x21076,"23684 Contreras Spring, West Julie, SC 68656",Mollyshire,Montserrat,2023-11-06
323,Mary,Nelson,louis66@example.com,985.881.2784,"08966 Sarah Stream Apt. 705, Navarroside, DE 15117",Kellyland,Trinidad and Tobago,2024-12-25
324,Victor,Perez,allenrobert@example.org,(756)289-4820,"78657 Kenneth Route Suite 437, Santiagofort, WY 26270",Donaldstad,Switzerland,2025-03-24
325,Angela,Thomas,kstevens@example.com,409-231-8184,"21486 Kramer Green Apt. 071, Vangbury, MO 79153",Margaretland,Saint Vincent and the Grenadines,2024-01-02
326,Tyrone,Sutton,reesemegan@example.net,001-516-802-1521x398,"USCGC Weaver, FPO AA 62158",West Jonshire,Trinidad and Tobago,2024-07-03
327,Erika,Hayes,michaeldawson@example.org,9113969068,"96249 Laura Plain, Listad, ID 09831",West Mark,Syrian Arab Republic,2024-07-06
328,Linda,Becker,russellrebecca@example.com,644.914.4532x5614,"32961 Christina Vista Suite 822, East Chad, NV 37162",East Dillonmouth,Saint Lucia,2024-03-04
329,Alexander,Jefferson,davidhoffman@example.com,+1-846-773-6692x01657,"69097 Hannah Ridges, Kimberlyborough, AR 45901",Erikafort,Malta,2024-08-29
330,Angie,Davis,wilsondavid@example.com,353.782.4542,"6130 Karen Vista Apt. 839, Port Kristinfort, CO 18748",East Staceyton,Saint Kitts and Nevis,2024-01-17
331,Eric,Brown,sthompson@example.com,+1-672-444-0781x632,"553 Carter Wall, East Paulville, FM 31416",East Kaitlinville,Nauru,2025-09-08
332,Steve,Diaz,reynoldsjoshua@example.org,+1-253-987-0919x96239,"865 Katie Hills Apt. 659, Dianefort, IL 03093",Lake Rachelville,Turks and Caicos Islands,2025-07-23
333,Andrew,Robertson,tdoyle@example.net,882-481-3083,"687 Kathryn Street, Simmonsborough, GU 70837",North Juliaborough,South Africa,2025-05-29
334,Jennifer,Velasquez,christine26@example.net,001-553-973-4204x73090,"5250 Benton Points Suite 220, Aaronberg, FM 03967",Oconnorville,Estonia,2024-01-12
335,Samuel,Hess,jesse46@example.com,821.809.0889x245,"005 Arnold Ports Suite 379, East Patrick, MD 03521",Lake Andrew,Congo,2025-03-12
336,Raymond,Hess,hamptonjames@example.net,(270)811-6161,"2100 Jared Crossing Suite 279, Underwoodstad, SC 42193",Lake Ashley,Barbados,2024-12-25
337,Justin,Estrada,zcooper@example.net,390-608-4069,"267 Tanner Highway Apt. 706, Lake Joshua, GU 48180",New John,Fiji,2024-01-08
338,Matthew,Giles,pearsonkevin@example.org,+1-940-700-0058x549,"95320 Kristin Extension, Morrismouth, AR 61388",West Jameschester,Afghanistan,2024-04-09
339,Joshua,Lee,freemantami@example.org,848-408-0063x5941,"47158 Todd Shores, Port Victoriaport, MD 01107",New Aaronmouth,San Marino,2023-11-20
340,Sarah,Jenkins,helen11@example.org,562-588-1662x36036,"06148 Emily Square, Brucemouth, WV 06424",Lake Emma,Cayman Islands,2025-04-05
341,Brandon,Taylor,lesterlarry@example.org,001-711-629-2998x009,"803 Johnson Expressway Suite 436, Calvinbury, MT 85264",Blanchardburgh,Botswana,2025-02-05
342,Dakota,Wells,francissamuel@example.net,446.999.4697x82741,"2071 Katherine Vista, South Wayne, HI 83144",Cindyfurt,Bolivia,2025-04-29
343,Omar,Larson,mpollard@example.net,+1-494-817-0179,"281 Jessica Isle, Lynchview, CA 50323",Deborahborough,Sudan,2023-12-08
344,Christina,Anderson,phillip93@example.org,962-390-9933x708,"2132 Adams Center, Greenton, OH 23014",Smithchester,Slovakia (Slovak Republic),2025-01-19
345,Timothy,Thornton,brownpreston@example.net,572.695.6162x97929,"2083 Mary Court Apt. 563, North Monica, MN 46726",Darrellstad,Kuwait,2025-04-10
346,Emily,Parrish,loretta95@example.net,243.645.8913,"3892 Ryan Court, Johnton, RI 13974",South Jennifer,Tajikistan,2024-03-04
347,Jason,Gonzalez,markking@example.com,+1-878-956-9439x4690,"5004 Sabrina Parkways Suite 468, Kevinchester, KY 52829",South Stanleytown,Dominica,2024-09-21
348,Stacey,Graham,tchavez@example.com,001-787-755-8124x46733,"188 Margaret Roads Suite 475, South Rebeccashire, AZ 24183",South Adrianahaven,Uruguay,2024-11-18
349,Kathleen,Scott,jvillegas@example.org,001-770-936-2120x239,"43014 Finley Views, Timothybury, AK 93758",West Sharon,China,2024-05-14
350,Natalie,Diaz,tammylamb@example.com,682.692.5975x195,"28034 Emily Mills, Williammouth, NV 55781",Lake Timothy,Samoa,2023-11-08
351,Edward,Lopez,hullconnor@example.net,560-257-7154x725,"36812 Harris Ranch, Robinfurt, AZ 06786",Spencertown,Bolivia,2024-01-26
352,Lauren,Velasquez,brownemily@example.org,414.926.5944x320,"79649 Lynn Loaf, Williamville, UT 78572",Gainesshire,New Zealand,2025-03-27
353,Alexa,Garza,hortonconnie@example.com,292.445.4691,"83829 Douglas Tunnel, Christopherfort, IL 63113",West Kristopher,Bosnia and Herzegovina,2024-09-13
354,Brandon,Davis,matthewanthony@example.net,890.384.6204x408,"PSC 9454, Box 8462, APO AP 50313",New Morganbury,Thailand,2025-02-13
355,Tyler,Riley,anthonygarcia@example.com,450.805.5777x555,"USNS Ford, FPO AP 53668",Johnburgh,Djibouti,2025-05-30
356,Jasmine,Hernandez,heatherirwin@example.org,898-302-2345,"637 Amanda Estate Suite 627, Danielbury, LA 66118",West Michellechester,Central African Republic,2025-09-24
357,Amy,Black,elam@example.net,001-254-450-4471x390,"45469 Jennifer Canyon Suite 054, North Amanda, PW 90900",East Albert,Netherlands Antilles,2023-12-03
358,Julie,Green,thomaspowell@example.net,001-620-430-0160,"511 Justin Orchard Suite 859, Port Adamfort, OR 16535",Fitzgeraldstad,Burundi,2025-03-13
359,Jacob,Montgomery,vfletcher@example.org,663.465.8308x94821,"7749 Jordan Parks, North Angela, PR 50104",Jenniferstad,Cote d'Ivoire,2024-10-26
360,Michael,Kennedy,rhonda88@example.net,627.310.1269x8829,"56674 Hernandez Shore Suite 473, Kevinside, MP 44340",New Briannaland,Japan,2024-10-15
361,Kimberly,Davis,unichols@example.com,691-744-5846,"535 Monique Harbors, Rossbury, MS 45666",Stephaniechester,Solomon Islands,2025-04-15
362,Joshua,Koch,tmorris@example.org,001-239-226-7172x342,"92834 Blake Trafficway Apt. 244, East Richard, LA 51717",Alexanderborough,Latvia,2024-01-10
363,Jessica,Harris,joe24@example.com,966.348.9247x68633,"8779 Ruiz Mall, Hurleymouth, GA 65136",Lake George,San Marino,2025-01-07
364,Mark,Roberts,timothylee@example.net,+1-858-322-0347x1822,"46897 Maria Dale Apt. 329, Jonathanmouth, DC 19043",East Jasonside,Malta,2025-08-17
365,Jessica,Chaney,wmay@example.org,(642)787-1055,"28996 Dennis Turnpike, New Michaelland, NE 53018",Jesusbury,Fiji,2024-05-02
366,Benjamin,Velasquez,esimpson@example.com,326-591-9693x2807,"55307 Jones Dale Suite 235, Peterberg, DC 73305",Wilsonchester,Ethiopia,2023-11-08
367,Sarah,Carter,sandramaldonado@example.net,(519)808-5439x9025,"569 Juarez Shores Suite 838, East Ruthville, NY 59970",Deannamouth,Sweden,2024-09-28
368,Marissa,Olson,alanwalker@example.org,462-989-0380x66316,"01330 William Mall Apt. 574, Tuckerside, VI 22519",North Crystalland,Equatorial Guinea,2024-11-08
369,Taylor,Holland,laura83@example.org,812-931-1166x3949,"96616 Joseph Keys Suite 190, Nguyenberg, MD 56576",Gallowaybury,Bouvet Island (Bouvetoya),2025-02-23
370,Dominique,Benson,danielsjamie@example.org,975.340.8195x450,"2324 Moore Mountains, Perkinsside, DC 16703",East Bonnie,Poland,2024-10-09
371,Carrie,Hall,lori84@example.com,001-633-763-6951x6908,"220 Ashley Drives, Boydton, NV 02153",North Megan,Barbados,2023-12-22
372,Desiree,Carter,davidsonpaula@example.com,(851)862-3070x1571,"604 Hays Center, Davidbury, KY 29126",Richardchester,Suriname,2025-05-20
373,Sydney,Patterson,kimberly39@example.org,(607)742-5976,"80987 Serrano Lodge Suite 659, Charlesside, PA 88070",Gabrielmouth,Netherlands Antilles,2025-03-08
374,Jeanette,Clark,reginald31@example.com,+1-428-368-0285x37783,"7496 Theresa Vista, North Catherineport, NE 57609",Kington,El Salvador,2025-04-20
375,Lorraine,Hill,deanhayden@example.com,454.522.8272x685,"14490 Cox Islands Suite 786, Reyesburgh, MD 51293",Port Ashleyfurt,Kenya,2024-05-11
376,Jon,Finley,ffarmer@example.com,+1-807-984-1368x167,"6531 Jennifer Corner Suite 432, New Anthonybury, KY 31581",Port Ashleyhaven,Vanuatu,2024-02-10
377,Elizabeth,Hamilton,mmiller@example.org,730-706-3666,"Unit 9592 Box 0868, DPO AE 51611",Clinehaven,Syrian Arab Republic,2024-05-27
378,Ryan,Hunter,martinezmarvin@example.com,873.804.1950x38292,"1253 Thomas Pike Apt. 233, Lake Robin, PA 83819",Dennisview,Bosnia and Herzegovina,2023-11-07
379,James,Campbell,leeddie@example.com,001-614-506-4713,"72773 Lisa Wells, Anthonyberg, PA 96011",Lake Jacob,Gibraltar,2025-08-09
380,Brenda,Anderson,xbaker@example.com,(654)878-1385,"3784 Faulkner Avenue, South Evan, VI 12008",South Michaelchester,Turks and Caicos Islands,2025-07-30
381,Michael,Lee,kshannon@example.net,(695)590-9833,"065 Hogan Mills, Port Linda, OR 42009",Lozanomouth,Malaysia,2024-03-07
382,Kristin,Kennedy,riverajane@example.net,551.395.9884x92978,"7842 Willie Point, North Carla, DE 68461",East Jennifer,Venezuela,2024-09-09
383,Jeffrey,Bean,fernandezelizabeth@example.net,627-563-7724,"429 Gilbert Shores, Port Kyleport, CO 96595",Port Nicholasland,Falkland Islands (Malvinas),2024-08-12
384,Jaime,Johnson,harrisonkelly@example.com,6938531481,"4460 Jeffrey Track, South Melissafort, RI 06814",New Amandaport,Norfolk Island,2023-12-27
385,Carl,Roberts,ann99@example.org,(326)897-8445x4363,"778 Thomas Fords, South Scott, PA 80172",Hoffmanland,Wallis and Futuna,2024-09-13
386,Mitchell,Cline,piercejohn@example.org,914-379-6160x4665,"2903 Dixon Wall Suite 451, Kimberlyburgh, MO 60958",Lake Philipland,Kenya,2024-12-18
387,Trevor,Cantu,mercadoshannon@example.org,(500)216-4667,"77940 Adam Freeway Apt. 314, South Henry, MA 28409",West Jennifertown,Niger,2024-09-01
388,Stephen,Ritter,margaret66@example.org,592-631-6631,"24912 Wilson Greens Suite 240, Port Anthony, IN 96494",New Anthony,Mali,2025-02-12
389,Mary,Elliott,meagangreen@example.net,7046308152,"9368 Sarah Wells, Melissafort, GA 66096",Lake Kathyview,British Virgin Islands,2024-05-31
390,William,Jenkins,patrick47@example.net,001-837-979-2578x1629,"140 David Club Suite 077, Port Melinda, VT 35035",Lake Gregory,Christmas Island,2023-10-21
391,Sara,Miller,valerieschultz@example.org,526.238.1018,"089 Hill Track Suite 531, North Alvin, KS 28639",Jonathanbury,Mexico,2025-02-20
392,William,Weaver,hbradley@example.com,(976)401-6854x8402,"066 Smith Station Apt. 791, Johnport, MD 03861",East Chadport,Saint Lucia,2024-09-30
393,Anne,Garner,danielledavis@example.com,(395)654-5781,"7055 James Pass Suite 680, North Aaron, FL 91361",South Kristin,Armenia,2023-11-17
394,Cheryl,Moore,byrddeborah@example.org,3702764801,"809 James Common, Port Justinhaven, WY 44509",North David,Monaco,2025-06-07
395,Amy,Melton,sthompson@example.net,3154793218,"862 Carol Islands Suite 143, Sellersshire, IA 98281",Sarafurt,Timor-Leste,2024-11-18
396,Laura,Johnson,stewartsean@example.net,861-333-4103x31636,"Unit 1218 Box 0697, DPO AE 12729",West Jeffrey,Finland,2024-10-09
397,Nancy,Green,calebdavis@example.org,(406)229-4561,"53314 Hodges Coves, North Lisafort, GU 19293",Port Jeffrey,Albania,2024-08-31
398,Megan,Price,claire83@example.net,(553)333-1465x5611,"PSC 8908, Box 2981, APO AA 46574",Millerbury,Russian Federation,2024-04-04
399,Mario,Proctor,taralewis@example.com,(900)482-4622x997,"038 Hamilton Spur Apt. 131, Jenniferton, FL 40742",Derekview,Guam,2024-06-21
400,Kathryn,Williams,dawnwilson@example.org,001-780-307-1402x72371,"78093 Allen Port, Lake Austinberg, MA 71077",Sarahview,Comoros,2023-12-30
401,John,Smith,bwashington@example.net,4109993148,"4258 Smith View Suite 671, Rachelton, OH 10578",Chavezhaven,Montserrat,2025-01-02
402,Robert,Kim,yedwards@example.net,001-434-518-8677x2522,"4040 Fox Manors Apt. 958, West Jodi, TX 18939",West Jacqueline,Mexico,2024-08-01
403,Michael,Beltran,vobrien@example.net,754.483.3291x3600,"6009 Chase Plaza Apt. 517, Lake Saratown, OR 53347",Leonardside,Venezuela,2024-09-12
404,Jonathon,Frost,margaretmoran@example.com,(203)774-2597,"3034 Jones Dale, South Andrewmouth, CT 47915",Susanberg,Germany,2024-01-31
405,Steven,Arnold,phillipsnicole@example.org,900.990.4164x0492,"26959 Rebecca Corners Apt. 180, Travisfurt, MP 27400",Kirkshire,Holy See (Vatican City State),2025-07-16
406,Nicole,Wilson,sgarcia@example.com,489-287-5010,"164 Fuller Roads Suite 946, New Christophermouth, DE 40421",South Amyport,Sao Tome and Principe,2023-12-08
407,Jacob,Case,trevorrowe@example.com,987.372.1114x312,"19631 Cole Crossing Apt. 399, East Raymondmouth, NE 37986",East Sandra,Namibia,2025-02-02
408,Larry,Villa,cingram@example.org,653-517-2779,"3798 Molly Turnpike Suite 671, Coreyland, MP 13658",North Suzanne,Norway,2025-02-06
409,Heidi,Stewart,johnsonnathan@example.net,668-689-2745,"7989 Mary Crescent, Gutierrezstad, GA 37953",East Samantha,Iraq,2024-10-03
410,Dawn,Colon,scottnoah@example.org,(830)275-3871,"76786 Toni Tunnel, Jordanfort, NY 80087",Troymouth,Honduras,2025-06-20
411,Courtney,Estrada,staceylee@example.org,(512)910-2212x195,"321 Tamara Mountain Suite 519, New Michellemouth, DE 50749",Kaylashire,Svalbard & Jan Mayen Islands,2024-11-12
412,Marissa,Jimenez,alisonparsons@example.com,+1-361-942-5368x08098,"5023 Scott Centers, North Christianborough, PA 24614",Johnsonland,Egypt,2025-01-22
413,Christian,Porter,richard21@example.org,756-944-8128x51067,"885 Adam Passage, Jacksonborough, FM 45762",Millerview,Equatorial Guinea,2025-01-19
414,Jennifer,Morse,murraylisa@example.com,442-697-7662x368,"40390 Ashley Highway Suite 971, Longborough, TN 80881",Wendyshire,Singapore,2024-03-14
415,Garrett,Simon,derek02@example.org,276-762-5257x88431,"3675 Jacobs Locks, Lake Wesley, PA 10065",Patrickland,Tokelau,2024-12-19
416,Maria,Jacobson,kimberly60@example.org,+1-548-751-5702,"56960 Gibson Valley Apt. 036, Curtismouth, RI 09141",North Kellyberg,Panama,2025-07-04
417,Mary,Greene,watsonmitchell@example.com,+1-352-913-6588x472,"935 Henson Stream, Davidhaven, RI 63414",Lake Angela,Senegal,2024-11-18
418,Christine,Stanton,malloryarellano@example.net,001-421-856-9085x28687,"789 Bender Cape, North Michael, AK 69292",Lake Timothychester,Nicaragua,2024-09-24
419,Jeffrey,Nguyen,levicarr@example.com,845-407-9841x09966,"7247 Amy Course, West Joseph, VI 39708",Port Angela,Palau,2025-07-02
420,Elizabeth,Woodard,timothy45@example.com,(882)351-0390,"61945 Wilson Plain, North Jonathan, NJ 60251",Caseyberg,South Africa,2025-09-18
421,Shawn,Hopkins,reynoldsjulie@example.net,(749)792-0555x245,"Unit 9016 Box 1008, DPO AA 46759",Adkinsview,French Polynesia,2023-11-27
422,Jesus,Livingston,ocarrillo@example.com,(659)734-4342x51543,"65539 Bishop Lights Apt. 087, Paulfort, AS 64140",South Matthewstad,Antarctica (the territory South of 60 deg S),2024-03-28
423,Joshua,Leblanc,yolson@example.org,7919795829,"4643 Martinez Cliff Suite 344, Terriborough, LA 46506",East Kevin,Cameroon,2025-09-10
424,Jason,Reilly,stephaniemaddox@example.org,(284)972-7503x13028,"3166 Tiffany River Apt. 439, North Sheila, LA 79774",Pattersonbury,Palau,2024-08-06
425,Shelly,Santana,dustin67@example.org,(718)681-0918x38417,"8473 Johnson Wells, North Jenniferborough, OH 55784",Port Kristin,Uganda,2025-03-02
426,Larry,Jackson,melissamartinez@example.org,296.461.6191x1917,"USNS Haynes, FPO AP 25079",New Colton,Afghanistan,2024-08-30
427,Stephanie,Fleming,thomasmoore@example.net,452-522-8953,"2778 Richard Stream Suite 236, Greenton, CO 68839",Lake Johnmouth,Congo,2025-05-14
428,Rhonda,Vasquez,kevin92@example.net,(556)255-4801x166,"1194 Johnson Route Apt. 115, Sandyburgh, AZ 43519",Lisaton,Peru,2024-01-31
429,Samuel,Carlson,vargaslindsay@example.org,001-700-965-2528x32424,"643 Stephens Ville Apt. 462, New Christinaberg, VT 03565",Daniellemouth,New Zealand,2023-12-04
430,Ann,Howard,taylormunoz@example.net,7795928574,"421 Kevin Cliffs Suite 074, Mcmillanberg, NJ 45596",North David,Russian Federation,2025-08-04
431,Catherine,Bowen,josephjackson@example.org,(905)987-6597x838,"58944 Norton Village Apt. 446, Port Lancefurt, IN 47831",Debraland,Libyan Arab Jamahiriya,2025-01-25
432,Sarah,Williams,james66@example.net,001-437-628-8361x300,"9871 Alex Walk Suite 727, Virginiaburgh, GU 48293",Margaretborough,Croatia,2024-11-03
433,Corey,Carpenter,charles24@example.net,834-842-4601x084,"0755 Mullins Via, Olsonborough, CA 28141",West Charlesport,Mexico,2024-10-26
434,Karen,Randolph,angela53@example.org,+1-486-677-0284x80919,"9738 Guerrero Mount, Turnershire, LA 70369",Jessicastad,Portugal,2024-11-09
435,James,Morris,williamsstephanie@example.com,880-519-8764,"42479 Brown Views, West Sylvia, MS 20186",Bakertown,Cambodia,2025-04-06
436,Melissa,Marshall,lisaduncan@example.com,+1-847-333-6726x07248,"4443 Sharon Skyway, West Sandraborough, GA 04217",East Michael,Trinidad and Tobago,2024-07-16
437,Joseph,Murphy,robinsongina@example.com,+1-981-277-1660,"5562 Kimberly Loaf Suite 592, Port Justinville, KS 95395",Phillipberg,South Africa,2024-09-22
438,Victoria,Greene,cindycurry@example.net,833.680.0379x10836,"USS Zimmerman, FPO AP 70167",East Ashley,Venezuela,2025-09-16
439,Patrick,Shaw,mullendavid@example.net,637.604.8526x460,"479 Murray Ports, Nortonberg, KY 58704",Parkerfort,Ecuador,2024-10-06
440,Matthew,Thompson,walkerjanet@example.com,370-318-0610x892,"90208 Simpson Knolls, Port Jason, MH 65567",West Johnton,Iran,2024-05-19
441,Marie,Jenkins,stevenhernandez@example.net,(593)517-9627,"4941 King Fords, Dawsonberg, MT 79466",South Kevinfurt,United States Virgin Islands,2025-02-25
442,Stacy,Velasquez,ccox@example.net,001-427-477-6724x7958,"50218 Brian Summit Suite 137, Holdenfurt, VI 93041",Port Steventown,Cambodia,2025-02-24
443,Tammy,Cohen,morrisonlarry@example.org,874-614-7774x0003,"53809 Lewis Shores, North Amyfurt, UT 04183",Stephensfurt,Austria,2025-07-08
444,Chad,Gates,jessicaconner@example.net,001-404-663-2386x3328,"696 Martinez Ranch Suite 021, Lake Sherri, PR 35120",East Adamfurt,Sierra Leone,2024-07-29
445,April,Garcia,michelledavis@example.com,846.369.2114x01671,"68336 Olson Ville Apt. 413, Nielsenstad, RI 39673",North Phillip,Denmark,2024-12-08
446,Jonathan,Bell,jennifer25@example.com,508-595-8393,"57767 Ayers Club Suite 030, Elizabethmouth, IN 97359",South David,Bangladesh,2024-09-07
447,Jennifer,Stone,salazarjacob@example.com,001-408-750-1482x8262,"660 Victor Stream, West Williechester, IA 94594",North David,Finland,2025-09-12
448,Rebekah,Marshall,walkerjose@example.com,(734)595-1605x156,"804 Alexis Ferry Apt. 926, North Michael, MI 50784",South Kathrynfurt,Djibouti,2025-04-09
449,Alan,Mccarthy,helen78@example.net,+1-617-422-3775x64861,"4459 Daniels Locks Apt. 748, Leeton, GA 40774",East Jenny,Faroe Islands,2024-07-01
450,Stephanie,Roy,trevor09@example.org,001-846-967-4861x12918,"99361 John Brook, New Rebeccaton, NY 54993",Andrewview,Wallis and Futuna,2024-06-21
451,Christopher,Duke,chernandez@example.net,266.919.6583,"7368 Crystal Junction Apt. 317, New Patriciamouth, NV 81550",Port Joshuaton,Anguilla,2024-09-13
452,Heather,Garrett,marionguyen@example.com,893-832-7184,"689 Cindy Island Apt. 457, South Tracie, VI 22116",Matthewside,Tajikistan,2024-09-22
453,Dana,Richards,kdavis@example.net,644.476.6571x026,"4554 Michael Club, Stephenborough, VT 07310",Jacksonland,British Virgin Islands,2024-04-21
454,Matthew,Hayes,lucasjonathan@example.net,2718273336,"492 Jamie Highway Apt. 408, Erinchester, MS 10275",Billyfort,Guyana,2024-01-26
455,Renee,Martinez,coreymartin@example.org,993-364-9330x57676,"9116 Barnes Burg, Port Sandraport, MT 55429",West Connorchester,United States Minor Outlying Islands,2024-12-17
456,Joseph,Lopez,murilloterry@example.net,466-343-1968,"97734 Carr Mountains Suite 488, West Catherinehaven, WY 61176",South Andrewmouth,Costa Rica,2024-12-03
457,Mike,Turner,erin42@example.net,001-682-826-4767,"796 Burns Harbor, Port Kaitlin, MT 08336",Karenstad,Saint Kitts and Nevis,2025-04-09
458,Garrett,Huff,ybryan@example.com,001-821-261-2091x9343,"746 David Pass, Smithborough, TX 20962",Stevenland,Korea,2024-02-21
459,Christian,Johnson,greenmichael@example.com,7188340521,"4186 Pamela Springs, Watsonland, SC 99619",West Moniqueburgh,Latvia,2025-09-15
460,Katherine,Daniel,joseph57@example.net,545.669.7169x49143,"8834 Duncan Wells, Port Jocelynfurt, PW 89483",Davidborough,Norway,2024-06-19
461,Lisa,Anderson,mcclurebrandon@example.com,(501)406-8606,"83139 Barbara Springs Apt. 629, New James, DC 02802",Nicholasfort,Belgium,2024-04-02
462,Richard,White,stephensmith@example.com,001-945-774-1486x06155,"00000 Lee Valley, West Walterhaven, IL 55043",Lake Robertborough,Burundi,2025-02-09
463,John,Marsh,hannah90@example.com,(892)213-8740x49528,"92937 Matthew Falls, Lake Keith, NE 92852",East Joannshire,Russian Federation,2024-04-15
464,Suzanne,Becker,donna66@example.com,961.713.7935,"78724 Williams Streets Apt. 447, Everetthaven, WI 31611",New Andrew,Gabon,2025-02-03
465,Isaac,Sanford,anthony68@example.org,945-776-4183,"310 Edward Villages, Johnsonburgh, AS 24824",Julieburgh,Austria,2024-08-14
466,Natasha,Johnson,laurennavarro@example.org,001-241-924-9345x2831,"7019 Jonathan Lights Suite 702, North Katieburgh, MN 18921",West Jenniferville,Rwanda,2024-08-24
467,Stephanie,Serrano,amyjackson@example.com,+1-544-682-5601x539,"589 Brian Alley, New Nicholas, NE 93327",Lake Holly,Equatorial Guinea,2024-04-10
468,Timothy,Dixon,zoeharris@example.org,001-972-488-4949x78719,"5440 Hayden River Suite 535, West Dianeland, AK 65419",Meredithland,Gabon,2024-10-24
469,Joseph,Shaw,langmartha@example.com,6647181585,"18165 Melissa Camp Suite 768, East Jermaineton, MI 10923",Allisonburgh,Niger,2024-09-19
470,Brittany,Kelley,anthonyhailey@example.net,+1-395-255-5353,"544 Smith Field, Christopherside, GA 47232",North Tyronehaven,Australia,2024-06-19
471,Christopher,Martinez,eric88@example.org,(953)618-6617x9680,"72166 Joseph Oval Suite 441, Gomezchester, ME 22641",East Maria,Cook Islands,2025-02-13
472,Kelly,Vaughn,mpace@example.org,(390)394-1345x883,"319 Herrera Mill Apt. 146, Rodriguezfurt, AZ 07987",Sethstad,Korea,2024-06-19
473,Holly,Griffin,zdavis@example.com,001-288-359-2072,"5307 Robert Ways, South Xavier, FM 31188",West Carlamouth,Norway,2025-03-30
474,Amber,Harrison,mturner@example.com,(822)774-5652x9869,"67336 Davis Forge Apt. 645, Lake Theresaton, NV 62738",Dominiqueport,French Southern Territories,2024-05-14
475,Michael,Gordon,ebarron@example.org,(282)278-5653x25889,"9687 Phyllis Forges, Cunninghamside, CT 87800",Lake Adam,China,2024-12-04
476,Diane,Valentine,vbrown@example.org,+1-545-635-9367x9019,"242 Rebecca Wells Apt. 923, Fordchester, NV 86600",South Rebekahbury,Svalbard & Jan Mayen Islands,2024-09-04
477,Scott,Lewis,ashley44@example.org,234-338-0449x600,"7473 Patricia Courts Apt. 773, Smithview, MO 55694",Lake Kevinside,Namibia,2025-05-30
478,Jacob,Ross,alyssamoore@example.net,254.385.1019,"728 Diane Meadow, Pittston, IA 69898",New Melissashire,Bouvet Island (Bouvetoya),2024-08-05
479,Becky,Sherman,gpope@example.com,396.960.1911x76058,"4773 Luke Village Apt. 958, East Bethborough, PA 73507",Vasquezstad,Grenada,2023-11-28
480,Melanie,Adams,garciacourtney@example.net,721.211.9635,"22044 Williams Loaf Suite 556, Brendachester, IL 56209",Robinsonview,Palestinian Territory,2023-12-05
481,Lisa,Griffith,mitchellcindy@example.com,6374253811,"1006 Williams Dam, Haneyton, GU 06815",Oliviaport,Vietnam,2025-07-04
482,Teresa,Nelson,zmitchell@example.org,001-523-960-0066x22751,"9048 Timothy Landing, Ericchester, VT 19281",South Julieside,British Indian Ocean Territory (Chagos Archipelago),2024-08-20
483,Peter,Carter,bharris@example.net,422.736.8475,"6215 Michelle Forge Apt. 307, Williamsshire, NE 72652",Lake Willieland,Angola,2025-07-16
484,Sean,Gonzalez,dakota96@example.org,001-761-835-2876x52629,"839 Chan Summit Suite 161, West Matthewstad, AR 64547",Lake Anthonyfort,Nigeria,2025-05-22
485,Brandon,Wilson,shawnaguilar@example.net,793-636-0979x896,"Unit 0881 Box 2437, DPO AA 94586",Austinland,Trinidad and Tobago,2025-07-16
486,Daniel,Williams,cbrady@example.org,319.430.1887x8104,"6207 Robles Shoal Apt. 130, Maryton, MN 01733",Port Annaland,Palestinian Territory,2025-05-27
487,Scott,Stewart,tracy49@example.net,+1-404-253-7935x5142,"8616 Jason Station, Douglasview, PR 87755",Jessicashire,Guam,2025-05-20
488,Kimberly,Marshall,tcontreras@example.net,(565)403-3572x943,"9607 Maxwell Way, Ellisborough, UT 83596",Staceyshire,Montserrat,2024-10-14
489,Ian,White,barbara50@example.com,2479814832,"93092 Mack Drive, Port Tiffanymouth, MP 43566",Bowersburgh,Oman,2024-06-24
490,Hannah,Hughes,jswanson@example.net,3585979443,"PSC 2698, Box 2294, APO AE 61382",South Matthew,Switzerland,2025-07-13
491,Elizabeth,Johnson,shawn16@example.org,6674894984,"85489 Martinez Village, Carrside, MP 22369",Cassandratown,Puerto Rico,2024-09-21
492,Christopher,Rubio,tramirez@example.net,9449870916,"8636 Buckley Landing, Lake Colleenmouth, RI 98962",East Petershire,Holy See (Vatican City State),2025-05-01
493,Amber,Owens,schaeferdakota@example.com,(542)324-4003x578,"7802 Alan Center, Sheltonstad, CT 56266",Zacharymouth,Austria,2025-01-11
494,Cynthia,Henry,ellisamy@example.net,+1-334-871-2743,"9755 Lisa Islands, Lake Alexville, OR 85367",Farmerbury,Syrian Arab Republic,2023-11-02
495,Amy,Berg,madison17@example.net,+1-404-780-4918x25796,"68017 Rogers Flat Suite 271, Martinezview, WV 20403",Williamsonton,Cote d'Ivoire,2024-10-21
496,Nicole,Chavez,darryldavis@example.net,630.232.1381,"10322 Leroy Field, Port David, UT 49400",Lake Kellyport,Seychelles,2023-11-13
497,Andrea,Kelley,sarah40@example.com,603-420-0136x695,"5030 Morse Centers Suite 751, South Kimberlyton, MH 61832",Debbiemouth,Suriname,2024-11-26
498,Peter,Williams,jessica60@example.net,442-709-3486x332,"PSC 4222, Box 5776, APO AA 55994",Martinview,Ethiopia,2025-02-04
499,Hannah,Pham,kenneth33@example.com,001-800-349-7369x2525,"6806 Brown Burg Suite 303, North Edward, NJ 40422",South Lisashire,Bermuda,2025-05-29
500,Dana,Wilson,obrown@example.org,802.690.7202x52964,"4745 Cynthia Knoll, Lake Melissa, NH 41675",Eduardomouth,Latvia,2023-11-15
501,Bryan,Williams,tmcclain@example.com,939-616-3227x26768,"9862 Williams Canyon Apt. 597, Lake Monica, WA 08195",South James,Brunei Darussalam,2025-08-12
502,Sheila,Hall,ushepard@example.net,218-961-9655,"512 Brent Alley Apt. 064, Port Stephenmouth, AL 48465",Lowerymouth,Haiti,2025-03-05
503,Katherine,Cross,jerryanderson@example.com,856.520.5592,"220 Kathryn Mountain Suite 693, Elliottburgh, MO 86919",South Lindaton,Cape Verde,2024-09-15
504,Ivan,Delgado,thomasstephens@example.com,(457)863-0648,"25678 Christopher Drives, Alexandrafurt, AZ 16261",Derekborough,Cayman Islands,2025-03-21
505,Christina,Mclaughlin,richard60@example.org,767.887.3665x05730,"Unit 6149 Box 5082, DPO AA 04439",North Bethany,Switzerland,2024-12-22
506,Scott,Arnold,qcampbell@example.net,001-551-759-3734x0034,"627 Amanda Groves, Sarahburgh, DC 76067",Lake Jacquelinebury,Tunisia,2023-11-19
507,Judith,Nguyen,bmichael@example.org,852.947.4642,"813 Bryan Squares Apt. 447, Melendezfurt, ME 44876",Smithville,Portugal,2024-09-07
508,Michael,Perry,drobinson@example.net,607-886-1410x612,"9916 Lindsay Trail, Williamsland, NY 46643",New Jeffery,Lesotho,2024-04-26
509,Megan,Carter,lisa36@example.com,(460)717-4538,"24954 Garza Ferry, South Keithhaven, DE 69068",Mahoneyville,Kyrgyz Republic,2024-03-15
510,Allison,King,zoe91@example.net,303-887-9446,"559 Alexander Expressway, West Margaret, ID 77834",Lake Andrea,Liberia,2025-05-11
511,Bonnie,Jones,georgeshelly@example.org,(607)324-2014,"20716 Gregory Estates, Caldwellshire, OH 38824",North Oliviahaven,Equatorial Guinea,2024-05-04
512,Kelly,Anderson,yoderdylan@example.org,001-449-490-6412x0472,"3035 Fields Park, Amberland, SD 63131",Amandaport,India,2025-09-29
513,John,Smith,michael32@example.com,001-618-276-1737x516,"37714 Patrick Road, Paulhaven, SD 14392",Lake Troyborough,Pakistan,2025-02-19
514,Andrew,Pennington,crystalsims@example.org,001-835-448-6856,"21814 Diane Land, Port Brandonton, NH 43425",New Veronicamouth,Portugal,2023-12-17
515,Erin,Fields,heidiwatson@example.net,921-730-0348x8461,"916 Christopher Junction, South Christopher, GU 63178",East Karenhaven,Aruba,2024-05-23
516,Michael,Wagner,alexis95@example.org,+1-416-291-9355x67504,"5063 Mccann Haven Apt. 743, Knightville, PA 64066",Port Crystal,Jordan,2025-07-14
517,Jesse,Hernandez,leeethan@example.org,652.460.7650,"Unit 7006 Box 0771, DPO AE 09337",North Theresamouth,Faroe Islands,2024-01-15
518,Christopher,Norman,brandonmitchell@example.net,512-367-7473x109,"97730 Margaret Branch, Tonyaborough, UT 25277",East Matthewton,Papua New Guinea,2025-05-16
519,Dennis,Mullins,wilcoxtracy@example.com,520-987-2395,"5157 Lisa Union, Scottmouth, GA 91386",Stantonfort,Tunisia,2025-04-14
520,Fernando,Martin,ryangoodwin@example.com,431-880-2894x607,"8411 Brown Light Apt. 698, Lake Kevinfort, SC 92089",Cathyhaven,United States Virgin Islands,2024-03-23
521,Carl,King,imerritt@example.org,001-981-676-5780x33433,"USNV Banks, FPO AE 79094",Villanuevatown,Malta,2025-09-15
522,Angela,Anderson,cmitchell@example.org,(207)991-0753x629,"0307 Brenda Light, South Brandy, RI 30433",Lake Jessicaberg,Sweden,2024-11-23
523,Randy,Kelly,osellers@example.org,(506)647-3466,"33123 James Lodge Suite 559, Hodgefurt, NH 92566",East Johnton,Zambia,2025-01-24
524,Jennifer,Mayer,vcraig@example.com,831.494.1556x21371,"4997 Anderson Loaf Suite 218, Scottview, WA 35532",South Amymouth,Botswana,2024-08-05
525,James,Brown,lauratate@example.org,958.695.4409x9184,"549 Audrey Canyon, Smithmouth, MS 21477",North Eric,Mauritius,2024-06-13
526,Jessica,Martinez,robert69@example.com,+1-940-681-1020,"2650 Jill Springs, Lisaberg, SC 99115",East Tina,Mayotte,2023-12-26
527,Alexander,Humphrey,dawnnewman@example.com,(311)378-7391,"1437 James Place, New Danielleport, ME 27289",Lake Juliemouth,Russian Federation,2025-07-25
528,Christopher,Morales,michaelking@example.org,+1-564-336-2898x148,"717 Neal Meadows, Daniellestad, ID 90673",East Jasonborough,Venezuela,2024-04-23
529,Christina,Hughes,aaron33@example.net,+1-743-732-2307,"5728 Murphy Ridges Suite 976, Lake Adamchester, MI 81010",Bakermouth,Brazil,2024-05-05
530,Catherine,Norris,scottreyes@example.com,9502859371,"98722 Mary Cliffs, Ryanview, TX 51270",Farleystad,Norway,2025-09-04
531,Cynthia,Huang,williskristi@example.net,(678)773-9247x0714,"98489 Mcguire Spur, Martinhaven, AS 10632",Port Patrickview,Togo,2024-10-18
532,Lawrence,White,thompsonamy@example.net,(840)971-9422x70896,"8512 Gonzalez Keys, Hernandezview, WI 45906",Jasonview,Palestinian Territory,2023-11-07
533,Donna,Hernandez,ericperry@example.net,(720)888-9830x820,"PSC 2677, Box 5309, APO AE 50700",Danielsfort,Mauritius,2024-07-30
534,Mary,Chase,melissalynn@example.org,382.962.0347,"1576 Ashley Village Suite 856, Lake Jamesstad, TN 40371",Georgeport,Philippines,2024-11-07
535,Nathaniel,Barnes,seth49@example.org,(882)627-7362x316,"3766 Moore Unions Apt. 478, West Christinaville, GU 53053",New Peter,Malawi,2025-07-02
536,Allison,Riley,joel27@example.net,(566)844-6440x8194,"2704 Larry Canyon Apt. 180, Patriciaville, MD 71836",Jacobshire,Turkmenistan,2024-02-14
537,Leslie,Woods,robert39@example.com,919-365-3331x3513,"8715 Christy Courts Apt. 773, Bryanbury, AR 80278",Randyton,Aruba,2025-09-12
538,Kevin,Shepherd,ikrause@example.com,(691)954-4631,"667 Williams Extension Suite 221, North Josephport, NH 34518",South Bianca,United States Minor Outlying Islands,2023-11-16
539,Kathryn,Herrera,lopezkathryn@example.com,719.668.1558x322,"455 Green Cliff Suite 858, Ramosville, VI 89063",West Joshua,Tokelau,2024-05-30
540,Heather,Ward,charles64@example.com,001-849-858-4026x45162,"USNV Banks, FPO AA 06929",New Jeremy,Iraq,2025-03-21
541,Matthew,Ortiz,christopher89@example.net,582.540.1565x4864,"34490 Michael Valleys, Lake Nicoleview, IL 97217",Williamsfort,Latvia,2024-03-29
542,Tyler,Chan,pennylarson@example.net,(856)499-9773x1692,"USCGC Mitchell, FPO AP 93878",Port Jasmine,Chile,2024-11-16
543,Tammy,Chavez,bergertrevor@example.com,(446)668-4853x89665,"31966 Michael Summit, Lake Erica, ID 32658",Tiffanyfurt,Belize,2024-05-13
544,Anne,Davis,anitaclayton@example.net,(762)931-6986,"Unit 4450 Box 5210, DPO AP 04951",North Andrea,Greece,2025-08-17
545,Karen,Kelley,rboyd@example.org,001-483-292-1567x692,"2948 Arellano Fort Suite 757, Derrickbury, SD 79082",North Julieside,Costa Rica,2023-11-08
546,Rachel,Kelly,lsutton@example.net,250.604.8440x2987,"8548 Petersen Gateway Suite 189, South Laurenborough, DC 41025",Mooremouth,Moldova,2023-11-04
547,William,Smith,vwade@example.net,640.989.0770,"10502 Wilson Square Apt. 808, Marksmouth, OR 69147",Maryside,Iraq,2024-08-15
548,Richard,Benson,daniellechavez@example.com,001-212-368-0741x1550,"193 Mccall Green, North Diana, MD 90550",Lake Emily,Russian Federation,2024-12-05
549,Shawn,Velez,veronica46@example.net,(851)856-4526x584,"74663 Serrano Shores, South Jenniferstad, SC 40263",Lake Jessicaville,India,2025-09-27
550,Mary,Shea,waltersmichael@example.net,001-599-226-8066x220,"31020 Amy Mountains Suite 473, Weavermouth, AS 11816",Lake Kyle,Chad,2025-06-09
551,Gina,Fields,richard63@example.org,615.453.5086x489,"092 Erin Greens, Anthonyland, LA 95650",West Vanessa,Malaysia,2025-09-24
552,Kelly,Rivera,youngdavid@example.org,+1-261-592-8825,"0530 Thomas Landing Apt. 841, South Jacqueline, DE 29438",Howellborough,Hong Kong,2025-10-18
553,Michelle,Boyd,singhdylan@example.net,+1-303-817-8509,"5282 Taylor Unions Suite 742, Davidshire, PR 61804",Paulview,Moldova,2024-02-25
554,Taylor,Johns,ashley08@example.org,8665634514,"62862 Erickson Lake Apt. 851, South Gloriatown, CT 75808",North Amandaberg,Ukraine,2024-08-01
555,Jeffrey,Cox,perkinsshawn@example.com,001-901-453-1464x198,"05198 Tyler Mountains Suite 147, Mendezport, WV 88056",Port Davidburgh,Puerto Rico,2024-08-26
556,Amy,Garrison,dawn52@example.net,+1-329-854-3708x66667,"00828 Perez Corner, East Davidstad, AZ 06168",New Danielle,Korea,2024-07-29
557,Anthony,Kaufman,brownjill@example.com,001-758-779-8294x8642,"22670 Gordon Drives, South Amandamouth, NC 21199",Samanthaport,Ecuador,2025-08-01
558,Darius,Martinez,cwallace@example.org,001-640-833-8859x5358,"7773 Martin Turnpike Suite 595, West Joseville, IL 22036",Sarahfort,Qatar,2024-06-25
559,Calvin,Osborne,dean74@example.com,416-457-4402,"711 Kristin Station Apt. 819, Caldwellview, FM 80463",Smithhaven,Djibouti,2025-08-13
560,Bryan,Shah,jdavis@example.net,8793333042,"411 Smith Spurs Suite 887, Christopherland, NH 95217",Perryport,Barbados,2024-08-22
561,Heidi,Gordon,aaronwolf@example.com,781-250-4431,"76592 Willis Run, Port Valeriestad, ME 63092",East Aliciamouth,Rwanda,2024-06-23
562,David,Jimenez,wareregina@example.org,001-751-458-6228x82995,"37979 Roach View, North Robertborough, MO 03687",Frankborough,Cameroon,2025-03-03
563,Margaret,Nguyen,pkhan@example.net,+1-995-618-5319x063,"0899 Tate Lakes, East Wendyport, VI 31704",Matthewchester,Guatemala,2025-01-08
564,Matthew,Brown,christopherturner@example.org,724.264.9543,"7280 Amanda Road Apt. 789, Alfredshire, WI 01673",New Dennishaven,Armenia,2024-11-19
565,Christina,Warren,rfuller@example.net,661-954-5169,"USNS Harris, FPO AA 15926",North Cassidy,Mozambique,2025-10-20
566,John,Berry,syoung@example.net,+1-285-746-2407x752,"8177 Stefanie Ways, South Thomas, AL 37270",Melissastad,Honduras,2024-09-26
567,Steven,Mcfarland,powelljennifer@example.org,(599)796-9790x237,"4865 Torres Lodge Apt. 917, East Kirstenmouth, LA 44959",Marthaview,Niue,2023-12-31
568,Robert,Stout,jacksondavid@example.net,769.319.1014,"86421 Tina Village, West Nataliemouth, IN 31161",New Tanya,French Polynesia,2025-06-02
569,Kyle,Smith,davidpeters@example.net,001-280-638-4009x3993,"0090 Heidi Land Apt. 861, Lake Megan, KS 55042",New Dennismouth,Armenia,2025-01-09
570,Lauren,Reynolds,sheri69@example.org,377-360-8369x286,"514 Susan Ferry Apt. 798, South Kevinview, CA 73109",South Anthonybury,Saudi Arabia,2024-06-12
571,April,Campbell,joelward@example.com,(290)656-9077,"14762 Jeffrey Fords Suite 654, Port Karenmouth, OK 10241",Dayfort,Canada,2025-04-11
572,Tina,Kelly,ugould@example.com,666-236-4668x5697,"3133 Martin Summit Apt. 111, Kevinport, DE 81567",Ashleyfurt,Slovakia (Slovak Republic),2024-05-05
573,Kristen,Vang,gburnett@example.org,+1-966-653-7689,"0668 Jerry Parks Apt. 783, East Alex, VA 12897",Snyderport,Iraq,2025-05-22
574,Christopher,Morton,tyler91@example.org,867.988.6605x928,"2433 Vargas Forks Suite 146, Lake Phillipshire, MO 59181",Martinezmouth,Chile,2025-04-07
575,Daniel,Jones,kbrooks@example.com,460-324-4401x73818,"46873 Tasha Canyon, Hartport, IL 20588",Lopeztown,Belarus,2025-06-20
576,Mikayla,Butler,hernandezlaura@example.net,(376)302-4089,"077 Christopher Center, Brendamouth, DC 27201",North James,Slovakia (Slovak Republic),2025-02-22
577,Cathy,Chen,matthewharris@example.net,778-363-0417x779,"24962 Christopher Square Apt. 962, South Stephanie, DC 37512",Johnfort,India,2025-09-25
578,Donna,Roberts,kimberlylowe@example.net,001-276-257-6782x28086,"826 Roberts Meadows, Alfredview, MS 02053",South Kevin,Timor-Leste,2024-09-02
579,Stephanie,Morgan,camposdanielle@example.com,420-366-3673,"USNV Castillo, FPO AE 45991",Alanbury,Heard Island and McDonald Islands,2024-03-08
580,Allen,Robertson,kimberlygarcia@example.net,(397)443-4877x59922,"3257 Emily Village Suite 219, Lake Christopherborough, CT 96957",Johnsonchester,Colombia,2024-05-22
581,Connor,Gonzales,rsanchez@example.net,001-539-540-1662x6854,"356 King Forge Suite 232, Morganville, MA 99762",North Hollyview,Lesotho,2024-05-14
582,Douglas,Wilkerson,tmyers@example.org,+1-232-996-3591x6844,"79695 Katherine Station, Michellebury, FM 41060",South Stephenfurt,Iran,2024-05-03
583,Victor,Holmes,amandaowen@example.com,(871)621-4749x8952,"16097 Felicia Trafficway, Johnsonton, AS 66427",Danielshire,Algeria,2025-08-29
584,Kendra,Thompson,gregory08@example.com,788.686.5705,"83474 Melissa Shoal, Lake Karen, PW 18499",Nicolemouth,Marshall Islands,2024-12-11
585,Anthony,Gonzales,phunt@example.net,643-856-4862x24190,"0473 Erin River, East Kim, AS 87724",East Christina,Central African Republic,2023-12-18
586,Amber,Taylor,treynolds@example.net,(285)437-1875x10343,"632 Johnson Branch, Santanaburgh, AL 99766",West Deborah,Cocos (Keeling) Islands,2025-01-05
587,Victor,Valdez,owensbrooke@example.net,001-887-478-2929x07813,"708 Kevin Junction Suite 467, New Lisafurt, MS 88384",Rileyton,Rwanda,2025-05-30
588,Lindsey,James,tanyageorge@example.net,+1-226-631-0791,"5342 Alicia Mission, Baldwinland, FL 41605",East Tamarastad,Nigeria,2024-11-11
589,Peter,Gonzales,caleb77@example.com,+1-530-427-1681x83702,"4107 Cindy Crossroad Apt. 325, Hayesland, MN 68844",Denisebury,Northern Mariana Islands,2024-04-22
590,Pamela,Reeves,onelson@example.net,927-999-9425,"822 Day Summit Suite 229, Leebury, MI 83992",South Bethanymouth,Cyprus,2025-06-02
591,Michael,Turner,jimjenkins@example.com,+1-971-484-7514x5924,"3677 Anthony Alley Suite 588, South Sarah, NV 10135",Brownmouth,Panama,2025-08-06
592,Anthony,Ewing,greenerika@example.org,839.508.6907x8762,"3078 Mason Camp Apt. 249, Melissamouth, AS 69477",Mcmahonview,Ecuador,2024-04-03
593,Nathan,Ruiz,patrick58@example.org,8157070772,"9375 Michelle Grove Suite 314, Mcneilport, MN 93976",Ginaberg,Kiribati,2024-05-23
594,Tonya,Jones,jacob77@example.net,+1-545-501-7995,"633 Tina Underpass Apt. 648, South Travis, UT 96671",New Christine,Trinidad and Tobago,2025-01-04
595,Fernando,Banks,teresa84@example.org,(212)643-3570x2986,"657 Angela Fields, Timothymouth, HI 66449",East Thomas,Kazakhstan,2025-09-09
596,Justin,Esparza,kathleenbarr@example.org,8827391163,"736 Aguirre Crossroad, North Rebeccafort, NE 21123",Susanchester,Cyprus,2025-03-15
597,Sharon,Mosley,qjuarez@example.com,+1-620-714-9822x670,"04869 Jessica Centers, New William, NC 12116",Princeton,Switzerland,2025-01-01
598,Dennis,Newman,danielgonzales@example.org,371.552.9386x759,"5707 Green Track, Alexfort, VT 02624",Boydton,Turkey,2025-10-16
599,Whitney,Williams,wendy18@example.net,001-225-273-3859,"PSC 2232, Box 5493, APO AP 60617",Kennethshire,Argentina,2025-08-03
600,Stephen,Salazar,davidpoole@example.net,311.372.5953x9132,"766 Stewart View, Stanleyport, DE 96951",Joannefurt,Italy,2024-04-03
601,Steven,Vazquez,joycerodriguez@example.net,7378936868,"088 Jeffrey Land Suite 155, West Shelleyberg, FL 01026",South Angelamouth,Chile,2024-06-02
602,Kurt,Young,knightaaron@example.com,(598)402-6641,"697 Baldwin Turnpike Apt. 010, North Jason, FM 63370",Ericside,Libyan Arab Jamahiriya,2025-10-14
603,Charles,Hardin,tuckerchristine@example.org,+1-243-521-3213x8694,"36146 Jensen Springs, Collinside, NY 04049",Tuckerview,Algeria,2023-10-27
604,Vanessa,Tran,kennethkrause@example.org,001-886-628-1510,"01388 Jensen Lane, East Whitney, NH 69984",New Jasontown,Oman,2024-02-19
605,Jennifer,Young,martha15@example.org,+1-296-755-3248,"578 Misty Path, Walkershire, CO 69475",Vernonville,Belgium,2023-11-28
606,David,Sutton,matthewferguson@example.com,+1-400-975-4163x47668,"94569 Adkins Unions Suite 462, Deanview, GA 17655",Mercadoview,Antarctica (the territory South of 60 deg S),2024-05-04
607,Karla,Morgan,alester@example.com,001-369-964-6905x571,"8811 Salas Walk Apt. 000, Markstad, DE 97648",Lake Jennifer,Bermuda,2023-12-04
608,Keith,Sanchez,lharrison@example.com,3437493508,"75927 Oconnell Brooks, Galvanfort, AZ 27476",Lake Kevin,Monaco,2024-08-02
609,Tonya,Young,bakermichelle@example.com,495.486.6546x49911,"158 Rachel Villages, Charlesberg, KY 85681",Brianside,Finland,2025-04-23
610,Edward,Wiley,michael00@example.com,(945)992-3613x7788,"USNV Fletcher, FPO AP 98873",Crystalstad,Guam,2024-11-30
611,Brandon,Craig,melissapeters@example.com,(710)521-6339x4551,"Unit 0156 Box 6655, DPO AA 48639",Lake Sandra,North Macedonia,2024-02-01
612,Nathan,Clayton,david55@example.net,835-894-5003x825,"74727 Arnold Place, Lake Melissa, AK 20549",New Maria,Cuba,2025-06-19
613,Michael,Smith,harristyler@example.com,001-467-960-6487x55294,"858 Myers Court, Heathermouth, MT 41479",Allenberg,Mali,2024-04-08
614,Stephanie,Ruiz,claudiaherrera@example.net,(363)530-7733x09817,"28117 Lori Glen, East James, IA 92729",Nelsonton,El Salvador,2024-06-18
615,Jason,Collins,tnelson@example.com,(301)635-7205,"76236 Kevin Point Apt. 847, Lauraland, UT 40394",Lake Joe,Jersey,2023-12-28
616,Jeremy,Woods,odyer@example.com,855.638.6348x736,"713 Allen Harbor, Davisland, GU 56812",Williamchester,Guam,2024-04-21
617,John,Smith,heathercameron@example.net,472-857-6453x2685,"PSC 6398, Box 1685, APO AE 85864",New Paulside,Nauru,2025-10-17
618,Janet,Huff,kendraharrison@example.com,+1-654-596-8454x3354,"90557 Townsend Glens Apt. 874, Schultzmouth, VT 48671",Port Nicoleport,Turkey,2025-08-07
619,Jill,Owens,daniellemiller@example.org,484.981.3020x76840,"86154 Kim Manor, North Johnland, PW 37862",Port Williamchester,Nicaragua,2023-10-23
620,David,Maldonado,tannermario@example.net,+1-577-641-0396x7954,"4300 Roger Isle Apt. 876, Graybury, GA 36828",Kennethport,Italy,2024-06-13
621,Brittney,Carr,contrerasbrian@example.net,962.591.1636x968,"90069 Nguyen Turnpike Apt. 240, South Lindsey, WY 72886",West Kimberlyfort,Georgia,2025-06-14
622,April,Ward,jimenezmarcus@example.com,219-541-9653,"3979 Johnny Pike Suite 506, East Ian, GU 47591",Butlerburgh,Bolivia,2024-07-05
623,Jessica,Arias,davidgood@example.org,001-744-917-2491x760,"9210 Perez Junction Suite 070, Campbellmouth, DE 65297",Lake Kellyville,United Kingdom,2024-06-18
624,William,Thompson,michaelhill@example.net,+1-733-283-2940x853,"45237 Turner Forks Apt. 785, West Waltertown, IA 97432",Nancymouth,Syrian Arab Republic,2024-11-22
625,Debra,Allen,nathangarcia@example.com,559.848.6035x9293,"728 Kristin Shore, Tinatown, TX 74170",Michaelburgh,French Polynesia,2025-04-25
626,Dana,Rowe,walshjoseph@example.com,(555)979-0893x1666,"337 Glover Glen, Justinville, MH 50421",Karaberg,Chad,2025-01-22
627,Amber,Morton,hmccoy@example.net,+1-602-309-6491x720,"74566 Hardy Valley Apt. 773, Abigailside, TX 02163",Lake Sarashire,Guyana,2024-03-24
628,Joseph,Wilson,ychristensen@example.com,935.509.0159,"5799 Jean Pass Suite 332, Franciscobury, GU 62656",New Darrell,Montserrat,2025-03-14
629,Heather,Santiago,wboyle@example.org,001-902-864-4369x257,"294 William Summit, Jamesbury, AL 49920",Jamesbury,Fiji,2025-08-19
630,Paula,Edwards,stephanie89@example.org,872.826.7294,"16857 Vaughan Views, Johnsonmouth, NJ 08609",South Eric,Nigeria,2023-11-08
631,Rachel,Cooley,michael60@example.org,+1-777-508-1505x320,"7905 Carr Fields Suite 212, Michaelchester, DE 92943",Beanview,Latvia,2025-07-01
632,Jillian,Myers,glennmiguel@example.com,223.685.9494x65908,"243 Key Locks Suite 624, Walkerfort, RI 82769",New Tiffanytown,Monaco,2023-10-29
633,John,Beck,vpierce@example.net,+1-987-959-4189x19245,"47488 Adams Rapid, New Donald, ND 02295",East Matthewtown,Netherlands Antilles,2024-03-12
634,Marie,Allison,barmstrong@example.net,215-377-0803x2054,"012 Lisa Causeway Apt. 124, Johnsonburgh, VI 61604",East Bradley,Bolivia,2025-01-24
635,Keith,Pace,jennifer06@example.net,312-619-3974,"26170 Rose Courts Apt. 836, Michaelview, AK 26713",North Karen,Timor-Leste,2025-08-08
636,Nicholas,Wiggins,phillipsmichelle@example.net,+1-759-596-6753x1772,"464 Heidi Views Suite 898, Allenport, KS 45422",Velezville,Japan,2024-09-26
637,Kimberly,Aguirre,phillipcarter@example.com,+1-449-576-1406,"0643 Corey Club, South Phillipfurt, KS 06766",East Daleside,Montenegro,2024-09-24
638,Tracy,Miller,perezamber@example.com,829-350-9770x6619,"45630 Anderson Junction, Adkinsside, ID 33542",Port Donald,Svalbard & Jan Mayen Islands,2024-04-01
639,Elizabeth,Clark,schavez@example.org,(925)446-0951x930,"54664 Ashley Squares Suite 984, Marshstad, AS 70541",Lake Karen,Armenia,2025-10-18
640,Daniel,Holmes,daniellesolomon@example.com,001-934-889-1430x2265,"775 Tamara Flats, Lake Christian, CO 56200",Michaelbury,Kazakhstan,2025-04-27
641,Christopher,Thompson,wrightnicholas@example.net,8624578632,"47390 Mitchell Pike, Lake Jeffreymouth, CO 18550",South Samuelmouth,Albania,2024-08-21
642,Bruce,Holder,gregory98@example.org,(598)532-4428,"Unit 5796 Box 9820, DPO AP 07202",Royland,French Polynesia,2023-12-02
643,Erin,Edwards,sarah37@example.net,586-611-1885x68507,"57146 Richard Greens, Ricardoland, OH 55499",Melanieburgh,Faroe Islands,2025-01-23
644,Lauren,Schmidt,jeffrey21@example.org,+1-492-880-1806x79889,"01977 May Keys, Port Emily, ME 31562",Lake Robert,Rwanda,2025-06-04
645,Kevin,Smith,jasmine04@example.net,654-467-3340x0972,"13215 Chavez Manor, Port Annaville, IN 31735",South Beckyberg,Falkland Islands (Malvinas),2024-05-22
646,Emily,Thomas,rebeccabennett@example.org,+1-709-863-1483x34100,"57886 Woodard Stravenue Apt. 928, Perryburgh, NJ 55865",Nicolechester,Gabon,2024-12-29
647,Matthew,Stewart,francismark@example.net,+1-956-964-3919,"326 Karen Wall Suite 465, Eugenefurt, AR 22377",Lambury,Pakistan,2024-05-20
648,Monica,Lee,dominic01@example.com,(208)624-1508x0718,"03945 Stuart Plaza Suite 797, Sherrymouth, ID 17473",Myersville,Puerto Rico,2024-07-13
649,Joseph,Bailey,william66@example.org,(830)479-4801,"018 May Road Suite 962, Lake Jose, MP 84533",South Larry,Cambodia,2025-04-22
650,Jeanne,Gonzalez,gabrielawang@example.org,001-546-781-0705,"43416 Margaret Loop Apt. 791, Martinezland, NM 44292",Port Troy,Holy See (Vatican City State),2024-05-16
651,Jenny,Collier,vhill@example.com,295.922.6218,"243 Lawrence Divide, Aprilland, DE 02757",Port Anneville,Iran,2024-07-30
652,Renee,Martinez,zcastillo@example.org,001-956-956-6093,"290 Hernandez Turnpike Apt. 064, Phillipsmouth, WY 38427",North Johnathanhaven,Netherlands Antilles,2025-09-30
653,Robin,Morton,bvelazquez@example.org,614-686-0795x627,"7129 Laurie Corner, North Ashley, NC 90733",North Allisonbury,Guinea,2024-10-28
654,Brenda,Hansen,tiffanyadams@example.org,475-480-7932,"9017 Brady Garden Apt. 522, Andersontown, KY 60933",Thorntonmouth,Taiwan,2023-10-21
655,Craig,Yu,cheyennebrown@example.net,001-541-616-2120x859,"217 Stark Highway Apt. 439, New Timothyfurt, PW 01984",West Denisemouth,Russian Federation,2025-02-10
656,Maria,Hart,ashleyscott@example.net,6933896513,"4123 Fitzpatrick Gateway, Lindseymouth, GU 44251",Jacksonmouth,Maldives,2024-11-18
657,Jeffrey,Bishop,james88@example.net,9962903887,"35396 Johnson Fields, South Gary, CA 01000",Robertsview,Argentina,2024-06-29
658,Madeline,Turner,vargasjoshua@example.net,274.697.6511,"5674 Brendan Island Apt. 467, Amberland, PR 14866",South Jenniferfort,French Polynesia,2025-10-07
659,Jonathan,Davidson,kjohnson@example.org,8313462005,"567 William Land, New Rachel, MA 31310",Fisherfort,Albania,2025-04-24
660,Kimberly,Franklin,erika58@example.net,(263)593-6966x30909,"474 Juan Cliff, Angelachester, NV 02432",West Kennethberg,Saint Martin,2024-06-28
661,Joanna,Mitchell,amy18@example.net,(805)550-9718,"947 Thomas Inlet Apt. 742, Harrisborough, SC 64280",North Jenna,Saint Lucia,2024-05-14
662,Kimberly,Patel,smithchristopher@example.com,001-914-300-9041x388,"49601 Kenneth Common, Yushire, MP 23310",Emilyside,French Southern Territories,2024-10-07
663,Thomas,Smith,maryroberson@example.org,+1-845-897-7702x633,"07915 Jared Locks, New Joanna, IL 89508",New Nicholas,Australia,2024-07-18
664,Clinton,Davis,ohall@example.net,+1-983-903-4462x4802,"19697 William Throughway Suite 768, New Stephen, MT 55943",Gomezshire,Algeria,2025-07-04
665,Mike,Harding,linda76@example.org,482.789.0481x489,"822 Salazar Bridge Apt. 472, New Diane, WI 95360",Lewisshire,Montserrat,2025-09-11
666,Steven,Henry,sanchezcynthia@example.com,001-892-617-9728,"7401 Christian Extensions Apt. 936, West Cheryl, CO 97221",New Laura,Luxembourg,2025-05-24
667,Alyssa,Mcdonald,mcdowellsergio@example.net,367-483-2560x32973,"762 James Tunnel Apt. 854, Lake Meghanview, AZ 41506",West Jenniferhaven,Vanuatu,2023-11-13
668,John,Black,cpage@example.net,387.299.8556,"4933 Warren Tunnel Apt. 430, Jamesview, TN 40037",Parkton,Russian Federation,2024-02-12
669,Melissa,Nelson,penaryan@example.org,(579)821-0978x866,"11570 Marissa Place Suite 255, Mendezfort, NE 28667",North Andrew,Wallis and Futuna,2024-02-01
670,Erica,Padilla,garciadavid@example.com,(409)469-7905x6181,"93408 Shane Locks, Lake Nicoleside, CT 23959",Marcland,Belarus,2024-10-21
671,Laura,Golden,harrisjamie@example.net,+1-552-871-3600x04051,"6204 Karen Canyon, West Elizabethton, MP 85790",North Timothy,Niue,2024-12-01
672,Tiffany,Mays,rblack@example.net,(552)780-0040,"382 Shawn Row, Andreastad, TX 86094",Katelynborough,Montserrat,2025-08-25
673,James,Maxwell,rosecarla@example.com,+1-408-526-9641x32666,"3014 Howard Falls Suite 042, North Nataliebury, HI 17713",Johnsonside,Monaco,2024-04-04
674,Debra,Walls,erin67@example.org,604.568.8268x087,"60099 Walton Land Suite 975, Lake Paul, ID 33025",Port Carmen,Cuba,2025-01-29
675,Doris,Diaz,katelyn49@example.net,870.425.0328x00521,"PSC 8701, Box 3469, APO AA 85549",Brownchester,Grenada,2024-05-17
676,Wendy,Howell,pamelajensen@example.net,(379)671-2331,"3815 Murray Cape Suite 471, Lake Justin, MO 37656",Lewisville,Cape Verde,2024-10-05
677,Jose,Joseph,jharris@example.org,+1-620-734-5665x03296,"588 Nicole Ports, West Christina, VT 13370",Ballburgh,Sierra Leone,2025-08-29
678,Mary,Torres,williamsthomas@example.net,251-770-2960x7666,"5143 Alexis Forest, Port Tammy, MO 58683",Andreashire,Cook Islands,2023-11-16
679,James,Hernandez,ashleymcdonald@example.com,+1-336-691-7538x463,"37973 Berry Knolls, New Zacharybury, PR 86231",Grahamside,French Polynesia,2025-03-05
680,Jacob,Ross,josephparker@example.com,+1-354-371-9502x74238,"Unit 9982 Box 6904, DPO AP 93555",Fullerberg,Korea,2025-01-18
681,Susan,Richardson,melissa80@example.org,001-321-769-6707,"017 Cunningham Inlet, Barbershire, NJ 50949",West Nancy,Saint Pierre and Miquelon,2024-04-07
682,Mary,Miller,lopezdaniel@example.org,7773234542,"5881 Hansen Lodge Apt. 352, Lake Michael, RI 30177",East Annetteside,British Indian Ocean Territory (Chagos Archipelago),2024-02-01
683,Jeremy,Solis,tannerandrea@example.org,678.415.3322x5500,"43777 Jonathan Spur, Moorestad, NM 10743",North Heatherhaven,Antarctica (the territory South of 60 deg S),2024-12-25
684,Roger,Warren,susanmitchell@example.org,001-342-764-3612x3453,"99929 Young Crescent Suite 282, Millershire, AK 36472",Port Melissastad,Togo,2024-06-15
685,Kevin,Nichols,nathanjones@example.net,447.262.2772,"97040 Amanda Tunnel, North Jacob, MA 22808",Port Victoria,Mauritius,2025-01-03
686,Jessica,Smith,samanthaallen@example.net,001-408-454-9947,"699 Clark Parkway Apt. 805, New Cynthia, MP 86854",Lawsonburgh,Serbia,2024-04-14
687,Scott,Sanchez,diane02@example.org,697.321.6712x692,"632 Stanley Islands, New Kaitlinbury, FM 75431",South Kimberlyshire,Costa Rica,2025-01-24
688,Bruce,Day,lorettajoseph@example.com,(830)544-5355,"03042 Hunter Rest Apt. 568, Cordovatown, WV 92555",Kristyville,Belize,2025-04-26
689,Scott,Smith,weberjeffrey@example.net,861-240-4930,"43377 Debbie Ferry, Joshuaport, NH 86408",Cherylmouth,Tuvalu,2023-12-20
690,Amanda,Russo,danielsullivan@example.org,(213)802-8989x23367,"287 Wade Summit, Lake Ericamouth, AR 71777",East Michelleburgh,Western Sahara,2024-04-27
691,Dawn,Kidd,xjordan@example.org,239.386.1761x7537,"8270 Mckenzie Shore Suite 343, North Ruth, AZ 33918",Lake Teresaberg,Sao Tome and Principe,2024-07-01
692,Andrew,Berry,smorgan@example.com,890.952.9401x13904,"210 Jones Canyon, Harveyview, HI 40022",Port Dianaburgh,Micronesia,2024-10-17
693,Suzanne,Maldonado,jcollier@example.com,453-784-7682x99484,"5819 Hughes Cape, New Jimmyland, DC 44702",East Jeffreymouth,Tajikistan,2024-05-29
694,Laura,Hunt,james09@example.net,001-705-983-6245,"Unit 8367 Box 4756, DPO AA 46544",Port Bryanport,Romania,2024-05-29
695,Paige,Garcia,davidalvarado@example.org,+1-878-738-0935,"6040 Allison Cliffs Apt. 724, Chambershaven, CT 58281",Fitzgeraldborough,French Polynesia,2024-08-04
696,Shawn,Nichols,sabrinawilliams@example.org,(277)772-8282x539,"1169 Blackburn Prairie Suite 088, Randymouth, NJ 67818",Lake Stephenborough,Ecuador,2024-11-29
697,Sarah,Summers,dboyd@example.net,(395)869-2630x159,"2946 Scott Walks, New Joshuahaven, WY 42569",New Williamfort,Saint Kitts and Nevis,2025-07-16
698,Jennifer,Nguyen,opeterson@example.net,598.759.6873x441,"09408 Miranda Vista Apt. 907, East Karen, VT 71352",Austinview,United Arab Emirates,2024-08-20
699,Lee,Wu,andersonthomas@example.net,736.477.9603x796,"79148 Matthew Haven Apt. 461, Laurastad, FM 22126",East Amy,Aruba,2025-10-04
700,Summer,Wood,brandonwilliams@example.net,001-884-446-5272x7311,"15267 Richards Island, Melissachester, MD 69277",Caseystad,Israel,2024-09-06
701,Juan,Jones,hflores@example.com,217.266.7190x0112,"14584 Williams Walks Suite 672, Lake Lisa, OH 74882",Fischerfort,Seychelles,2024-11-26
702,Catherine,Johnson,james24@example.net,(336)352-7322x322,"65544 Reese Lane Suite 001, Boydview, IN 09989",Lopezview,Myanmar,2025-09-07
703,Melissa,Hayden,mary56@example.net,958.541.3108,"509 Carrie Turnpike, Brianhaven, MN 45133",Grantfurt,Russian Federation,2024-09-05
704,Christina,Waters,vbarajas@example.org,(477)665-4520,"96934 Hawkins Green, North Jenniferville, MD 41254",Port Jonathan,British Indian Ocean Territory (Chagos Archipelago),2024-06-13
705,Curtis,Smith,andre59@example.com,600.843.1646x78748,"846 King Cliffs, North Jenniferberg, LA 84638",South Jennifertown,Belgium,2025-05-05
706,Leah,Jackson,hardykevin@example.net,001-284-908-3139x41214,"5958 Jensen Row Apt. 620, Susantown, MH 23338",Knoxton,Armenia,2023-12-16
707,Shari,Fox,mjones@example.com,562-457-2814x955,"57792 Anne Valley Suite 500, Michelleville, PW 10693",Joseburgh,Fiji,2024-09-11
708,Anna,Bowers,pjohnson@example.org,001-817-680-4082x5985,"0727 Eddie Path, Port Samuel, IL 49072",East Leslieside,Bahamas,2024-12-10
709,Matthew,Cochran,stevenbean@example.org,(926)418-9871x421,"3404 Sara Estates, North Joseph, AS 06193",South Heatherchester,Albania,2024-12-14
710,Gregory,Smith,jlin@example.org,375.238.1727,"372 Rhodes Trail Suite 835, West Michaelmouth, KY 45930",West Katherine,Reunion,2025-01-21
711,Alexis,Hopkins,michaelchandler@example.com,+1-423-484-2228x508,"1244 Hernandez Manor Suite 628, Theresastad, NM 45159",Lake Shelly,Mali,2024-09-30
712,Mathew,Keller,janet89@example.org,001-476-461-8044x41250,"585 Gregory Ridge Suite 941, Klinehaven, MD 93770",West Brianna,Falkland Islands (Malvinas),2024-09-04
713,Christopher,Potter,ydaniels@example.org,+1-222-251-4200,"0996 Allen Gardens, Thomasland, RI 83590",Dianamouth,Serbia,2025-05-28
714,Mark,Keith,milleremily@example.org,735-725-9477,"9221 Grant Branch Apt. 702, Reedstad, NJ 48430",Simsfurt,Azerbaijan,2024-07-07
715,Joseph,Clark,mwashington@example.org,+1-417-540-8044x9469,"167 Michelle Bypass Apt. 497, East Michelle, GA 08085",New Brian,Saint Barthelemy,2025-04-05
716,Timothy,Hayes,johnsonbarbara@example.com,(671)495-5647x9325,"65223 James Junctions Suite 505, New Emilyshire, NY 14324",North Travisside,Latvia,2023-11-07
717,Tanya,Howell,youngdaniel@example.com,001-710-389-7673x51999,"150 Cynthia Orchard, Silvaton, NC 30209",Destinybury,Lao People's Democratic Republic,2025-03-31
718,Jonathan,Bolton,russell47@example.org,001-326-900-6836x53331,"3979 Elizabeth Path Suite 935, East Michele, UT 77838",East Chad,Albania,2024-06-25
719,John,Baker,kevinmccarthy@example.net,(799)357-7050x89434,"2888 Kathy Mission, West Anthony, MS 99352",Cartershire,Jamaica,2024-09-23
720,Haley,Jacobson,hojoseph@example.com,439-965-3859,"2318 Humphrey Passage, Chapmanfurt, AS 06290",New Donna,Chad,2023-12-26
721,Micheal,Smith,michael21@example.net,001-906-746-8909x39549,"8541 Sheila Shoal, Garciahaven, NH 38642",Gilbertfort,Kuwait,2023-11-23
722,Christopher,Weaver,orowe@example.net,720-548-6752,"166 Mariah Path Suite 193, Hicksview, NJ 84496",Chungtown,Nicaragua,2024-08-09
723,Eric,Russell,dominguezkristen@example.net,(448)603-2033x108,"USNV Davenport, FPO AP 11497",Seanchester,Guernsey,2024-03-25
724,John,Park,logancruz@example.com,591-815-8614x9068,"041 Haley Ports Apt. 495, New Conniebury, DC 72185",Helenburgh,Greenland,2023-11-21
725,Steven,Murphy,tammy16@example.net,(229)926-7938,"19568 Daniel Tunnel Suite 225, New Michael, WY 77784",North Derrickmouth,Bulgaria,2025-05-23
726,Samantha,Carter,ahancock@example.com,+1-343-406-4055,"6843 Kristen Oval Suite 626, South Richardside, MS 35884",Jenniferton,Svalbard & Jan Mayen Islands,2025-04-07
727,Roger,Stewart,baileyandrea@example.org,697.659.2379,"636 Martinez Green Suite 357, Kellymouth, MT 31045",Vasquezton,United States of America,2025-01-31
728,Ann,Gillespie,jay26@example.net,614-590-9868x57173,"6590 Amy Parks Apt. 136, New Tonyastad, ND 60396",Jenniferborough,Niue,2025-03-31
729,Kimberly,Stuart,thomasbarnes@example.com,267.787.3666,"2538 Stone Loaf Suite 702, Harrisfurt, OK 06010",North Davidberg,Oman,2023-12-23
730,Crystal,Morris,zclements@example.com,4446448272,"471 Wheeler Tunnel, South Jeanne, CT 09016",Bartlettton,Austria,2024-09-19
731,David,Kelley,zstone@example.org,(725)677-7311,"5570 Kathleen Ville Suite 829, North Joshuashire, AR 86028",North Kyle,Japan,2025-05-09
732,Marilyn,Lester,sjones@example.net,001-876-285-3740x88524,"Unit 0675 Box 5700, DPO AA 85086",Bradleyshire,American Samoa,2024-02-16
733,Melissa,Hayden,uscott@example.com,797.231.8958,"19094 Wells Key Suite 543, West Russell, MT 10283",North Rebeccaport,Russian Federation,2024-01-21
734,Shawn,Alexander,jesse78@example.net,337-788-0997x771,"8797 Whitney Point Suite 406, Johnsonport, FL 91286",Wilsonmouth,Christmas Island,2024-12-31
735,Emily,Alexander,coreyreyes@example.com,760-407-5159x143,"10037 Travis Stravenue Apt. 832, Fowlerfort, AS 67265",Lake Karen,Korea,2024-07-05
736,Angie,Dixon,jeremyknapp@example.org,(815)764-9228,"292 Levy Gardens Suite 710, North Eric, DE 49412",Brendabury,Namibia,2025-10-19
737,Cynthia,Morales,felicia48@example.com,001-437-886-3676x072,"Unit 9705 Box 3331, DPO AE 51869",Lucasborough,Nicaragua,2025-06-30
738,Cody,Torres,blairstephanie@example.org,376.906.6867,"40356 Leblanc Lodge Apt. 301, West Staceyfort, VT 38317",North Gabrielle,Uzbekistan,2025-07-04
739,Lisa,Myers,tommy00@example.org,001-817-989-8012x4512,"644 Parker Creek Suite 013, Simpsonbury, ID 74591",Greenbury,Uruguay,2023-12-19
740,Tara,Little,lkelley@example.net,001-763-479-2089x26825,"USNV Mills, FPO AA 50330",Vincentfort,Monaco,2025-07-19
741,Nicholas,Morgan,fowlerbrenda@example.com,001-507-688-4956x246,"7312 Thomas Garden, Zacharyburgh, VA 36818",Lake Colleenhaven,Zambia,2024-06-11
742,Paul,Gonzalez,laurawatkins@example.net,463.337.1189,"7913 Evans Garden Suite 717, Williambury, MT 20264",Smithfort,Anguilla,2024-02-26
743,Daniel,Valdez,randall74@example.com,898.599.9939x9920,"767 Henderson Light, Port Garrett, PA 38210",Markshire,Russian Federation,2024-04-30
744,Kevin,Morales,thomasjeffrey@example.com,(841)991-2431,"3565 Conley Hollow, Herreraburgh, KS 86566",Welchborough,Guinea-Bissau,2024-07-05
745,Melissa,Smith,jamesschroeder@example.org,898.883.7110,"89487 Leon Harbor Apt. 241, West Dawnstad, NJ 26967",Riddlechester,Liechtenstein,2024-03-06
746,Michael,Tucker,kimberlypowers@example.com,508.841.4460,"564 Karen Drive, Lake David, DC 97697",Tylerport,Honduras,2024-12-18
747,Madison,Lewis,ebrown@example.com,761.570.9234,"1255 Sean Vista, Brandonbury, WV 46934",Stephaniemouth,Seychelles,2023-11-04
748,Darryl,Guerra,qharrison@example.com,228-656-7735,"Unit 3398 Box 8594, DPO AE 88576",South Valerie,Gabon,2025-03-28
749,John,Richards,mckayjessica@example.org,+1-566-581-7816x100,"USCGC Macdonald, FPO AA 23812",Chapmanmouth,Brunei Darussalam,2025-03-24
750,Mark,Jones,chelseadaniels@example.com,001-990-809-9340x906,"58675 Williams Green, Oliverbury, KY 51713",East Darrellland,Cape Verde,2024-11-03
751,David,Norton,kherrera@example.org,001-705-671-7295,"811 Edwards Locks, Stevenmouth, OK 58092",West Johnside,Sao Tome and Principe,2025-02-23
752,Michelle,Roberson,nlewis@example.com,(760)581-0361,"840 Watkins Villages Apt. 446, Jameston, AK 33907",South Johnshire,Turkey,2025-01-21
753,Jessica,Bennett,arnoldmatthew@example.com,+1-244-293-9709x43218,"3760 Olson Knoll Apt. 451, Lake Lindsayville, LA 54631",New Jordanberg,Bahamas,2024-08-23
754,Chad,Jacobs,carla99@example.net,(686)891-1115x756,"94485 Thomas Square Suite 123, Lake Crystal, FM 74097",South Frankport,Cape Verde,2025-01-13
755,Kimberly,Brown,jarnold@example.net,4444641467,"01941 Young Parks, South Michael, CT 44828",Melaniemouth,Somalia,2024-11-26
756,David,Potter,lewisjessica@example.com,2046737264,"79522 Henry Junction Suite 823, Port Dawnside, OR 37601",Christopherview,Korea,2025-08-29
757,Thomas,Burgess,lauramyers@example.net,8274183555,"87234 Katherine Neck Suite 924, Lake Jasonshire, MP 15264",New Janice,Comoros,2023-12-21
758,Michael,Hester,kwalker@example.org,954-971-8291x3085,"39533 William Junction Apt. 096, Jenniferstad, OR 44172",New Aliciachester,Gambia,2024-01-29
759,Daniel,Roberts,kevinowens@example.org,932.274.6416,"985 Davis Terrace, East William, AZ 94888",Peggymouth,Singapore,2024-12-09
760,Gabriel,Lopez,huangsara@example.com,990.467.8905x31435,"11543 Cooper Avenue, Port Paul, FL 95965",Davidsonchester,Nepal,2025-07-10
761,Christy,Wong,ygray@example.net,222-502-9486x1195,"088 Garcia Viaduct Suite 656, North Joeberg, WV 39531",Myersport,Eritrea,2024-12-23
762,Adrian,Adams,jessegriffin@example.net,299.397.9728,"79037 Roberts Mission Apt. 601, West John, MA 84000",Lindseyville,Tuvalu,2023-10-28
763,Michelle,Sawyer,julialopez@example.net,574.895.0847,"276 Villa Burg Apt. 353, Hubbardbury, IN 74882",Port Dawnmouth,Bouvet Island (Bouvetoya),2024-12-08
764,Margaret,Reed,kelly70@example.com,001-385-532-6274x4820,"9434 Lisa Freeway Suite 452, South Jessica, TX 86891",New Jamietown,Sao Tome and Principe,2024-05-15
765,Gina,Frye,danielssandra@example.net,319.893.4974,"506 Li Mountains, Taylorville, PA 25838",West Ashley,Faroe Islands,2024-05-28
766,Larry,Patel,ogallegos@example.org,(285)854-0898,"901 Webster Cliffs Apt. 133, South Michael, NH 93380",Shannonchester,Germany,2025-01-02
767,Gloria,Ortega,haneychristina@example.org,+1-259-382-0279x622,"USCGC Smith, FPO AE 62388",East Destinyville,Iceland,2024-03-06
768,Brian,Villegas,tmcclure@example.net,554-610-0778,"421 Karen Greens Suite 810, Daisymouth, IA 96675",East Davidtown,Belgium,2025-01-16
769,Caroline,Jones,andrewbrennan@example.net,(370)634-5864,"28362 Charles Motorway Suite 539, Port Elizabethborough, FL 96775",Barajasview,Micronesia,2024-10-03
770,Terri,Allen,omanning@example.org,5255607575,"979 Megan Stravenue, Port Mariahland, TX 28993",North Ryan,Congo,2025-05-04
771,Steven,Collins,jenniferrivera@example.com,(230)706-5046,"2962 Rose Estates, Katherineshire, ME 40136",Lake Melissa,Greenland,2024-08-13
772,Lauren,Tran,brandon09@example.org,9383229124,"PSC 9540, Box 5821, APO AA 67817",Austintown,Belize,2025-07-15
773,Linda,Tanner,fmoyer@example.org,453-978-0564x3970,"0532 James Meadow Apt. 696, Royville, TX 76855",South Calebshire,Bolivia,2025-06-11
774,Jennifer,Washington,davisbeth@example.com,001-526-239-5758x84356,"1313 Kimberly Ferry, Brownside, OR 16855",North David,Nicaragua,2024-02-03
775,Timothy,Lewis,michaelwhite@example.net,343.231.4028x689,"25722 Logan Motorway, Boydtown, KY 77447",West Patrickmouth,Kazakhstan,2024-06-16
776,James,Murphy,anajohnson@example.net,+1-699-583-7496x0041,"93821 Katherine Rapids Apt. 725, Richardville, ID 82212",Riveraview,Micronesia,2025-04-09
777,Katie,Cortez,vnixon@example.com,001-703-637-3453x2032,"52360 Irwin Field, New Jessica, SD 37280",North Gregory,Nauru,2024-08-23
778,Andrew,Turner,brianna40@example.net,001-511-997-4493x0780,"349 Ray Fort, Deborahmouth, ND 75274",Wardport,Cambodia,2024-02-14
779,Matthew,Delgado,robertnewman@example.com,001-811-929-2348x8146,"38376 Foster Trafficway, North Yvonnefurt, NY 99094",Teresaburgh,Japan,2023-12-04
780,David,Wood,madisonacevedo@example.net,925.307.8685x3117,"PSC 0596, Box 2769, APO AA 26491",East Melissa,Palestinian Territory,2024-12-09
781,Alyssa,Morrison,jasonwhite@example.net,(339)693-1370x1997,"81751 Quinn Common Suite 650, Carolfort, CA 35470",South Laura,Togo,2025-08-31
782,Charles,Osborne,sophiajohnson@example.org,535.205.2903,"7839 Edwards Manor Apt. 543, West Roy, AK 67428",Heatherfort,Benin,2024-09-20
783,Donna,Butler,martinezthomas@example.net,445-491-3129,"761 Valerie Wells Suite 818, Nicolechester, MO 97004",East Andreaborough,Saint Kitts and Nevis,2024-01-27
784,Kendra,Lara,kchase@example.org,784.548.2540,"619 Burke Mountains Apt. 946, Carterburgh, LA 92263",Brownbury,France,2024-01-16
785,Alexis,Anthony,igonzalez@example.org,733-392-4304,"402 Amber Crossroad, South Evan, NC 70849",Hubbardhaven,Egypt,2024-12-10
786,Steven,Cole,nicolasgonzalez@example.org,9536135681,"534 Blake Ports, Wardview, UT 19128",North Martinview,Bangladesh,2024-12-20
787,Mason,Velez,yholt@example.com,(500)902-7675x879,"4273 Campbell Spring Apt. 991, Parkerstad, MA 81503",New Joan,Liberia,2023-12-03
788,Michael,Ho,cyoung@example.org,235-305-8616,"634 Hunter Parkways Suite 599, Scotttown, UT 06945",Mercadobury,Pitcairn Islands,2023-12-16
789,Robert,Church,anthony15@example.com,352.310.2933x2297,"5421 Samuel Plains Apt. 350, Sandraburgh, KY 74816",Frankfurt,Mauritius,2024-06-01
790,Charles,Robinson,dennis52@example.net,266-247-6524x086,"206 Perez Loop Apt. 440, South Louisbury, NV 74301",New Jennifer,Spain,2024-05-22
791,Jeremy,Macdonald,joncook@example.org,7875077786,"91658 Keith Via, New Evan, HI 31693",East Jennifer,Japan,2025-07-02
792,Joshua,Miller,jeffreyreeves@example.org,8548593549,"7961 Patrick Lodge, Jonathanstad, MD 22177",South David,Belarus,2023-11-16
793,James,Mayer,christina28@example.net,+1-302-565-9973x35642,"PSC 8706, Box 4731, APO AA 52679",Mclaughlinville,Heard Island and McDonald Islands,2025-08-01
794,James,James,tracy31@example.net,2992942959,"271 Cody Underpass Suite 913, Calebborough, MO 46826",Clarkfort,Hungary,2023-10-21
795,Mary,Barnett,carrbradley@example.com,001-997-754-3768x95249,"85431 Mallory Forks, Raymondchester, OH 67551",Kyletown,Pitcairn Islands,2024-02-27
796,John,Ball,marysmith@example.net,350.950.3830x075,"66824 Diaz Mountain, East Gregory, VI 77597",Lake Benjaminborough,Estonia,2024-12-20
797,Michael,Young,marylewis@example.org,+1-327-796-7862x81811,"26293 Shelly Summit, Amyburgh, IA 71848",Angelastad,Switzerland,2024-08-29
798,Janet,Hickman,markcampbell@example.org,+1-767-675-7072,"1519 Barker Manors, West Carltown, NJ 54821",Hernandezshire,Cook Islands,2023-12-14
799,Chelsea,Harris,rhondafrank@example.net,915.757.1364,"293 Joseph Locks, North Emily, GU 46535",New Michael,Marshall Islands,2024-03-31
800,Scott,Glenn,vaughanrose@example.org,452-430-9612,"316 Chavez Lane, Robertshire, NH 48985",Colemanburgh,Liberia,2025-06-02
801,Anita,Benson,sharonortega@example.org,4355987062,"480 Jones Gardens, Cohenbury, NY 09421",East Kimberly,Madagascar,2025-07-21
802,Sara,Clay,whutchinson@example.org,001-533-228-7733x343,"08377 Cherry Streets, Reneefort, NH 19746",North Theodorestad,Moldova,2025-06-19
803,Maria,Wilson,millerveronica@example.com,923-546-6107x9893,"137 Ellis Circles Apt. 448, Christopherchester, HI 17887",Bartonhaven,Benin,2023-11-03
804,Brandon,Moreno,colton19@example.com,561-957-8943x22908,"51204 Kevin Creek Apt. 169, East Brandon, MI 06437",West Annehaven,Faroe Islands,2024-12-07
805,Paige,Stafford,michaelwagner@example.com,385-230-0472,"1663 Brown Locks, North William, LA 19771",East Kathryn,Comoros,2024-10-23
806,Christopher,Anderson,ibush@example.net,5136382077,"9474 Walker Circle, West Roger, IN 45028",Philipfurt,Cape Verde,2025-05-03
807,Jerry,Anderson,denise75@example.net,591.275.8082x09344,"36276 Malone Freeway, New Williamfort, AR 99423",Maynardtown,Congo,2024-05-05
808,Gerald,Walker,adam67@example.org,+1-343-338-2723,"PSC 8364, Box 7857, APO AE 67308",Port Jason,Bermuda,2024-09-20
809,Charles,Ramirez,uwalters@example.com,(391)792-9675x0769,"756 Jeff Glen Apt. 663, North Connieport, GU 22743",New Gary,India,2024-06-12
810,Matthew,Thomas,albert72@example.net,+1-294-498-3593x97617,"472 Bryan Well Suite 190, North Danastad, AZ 61868",Lake Madison,Marshall Islands,2024-04-22
811,Robert,Serrano,briancook@example.org,(431)463-2037x300,"65467 Simmons Rapid Suite 570, North Melissaland, MS 79701",North Kaylafurt,Qatar,2024-02-13
812,Henry,Miller,ayoung@example.com,+1-864-312-6775x99302,"4110 Wallace Stream Apt. 048, Port Jasonport, OR 52698",Lake Thomasbury,Saint Pierre and Miquelon,2025-03-17
813,Emily,Rowe,nrichards@example.net,782-740-9355x114,"63608 Bentley Common, Lake Rachaelview, AL 46109",Chanville,Syrian Arab Republic,2025-08-06
814,Sean,Webster,josephbrown@example.com,(563)780-5117x312,"18487 Lynn Trafficway Suite 239, Sarahtown, NE 51556",Alexanderchester,Uzbekistan,2025-05-29
815,Alan,Andrade,tracy54@example.org,5817776023,"8279 Nunez Forest Apt. 171, Vanessaberg, UT 40698",North Brian,Netherlands,2024-08-17
816,Sean,Barker,bdorsey@example.net,(962)557-0431x33882,"518 Brittney Plaza, Lake Vanessaport, MH 29726",Lake Michellemouth,Monaco,2024-10-23
817,Desiree,Perkins,harryyork@example.org,001-601-920-3499x235,"54843 Christopher Forges, Kellyville, RI 01829",Port Kendra,Seychelles,2024-12-18
818,Erica,Rodriguez,fullernorman@example.net,3787125454,"647 Ashley Station, Maryshire, MN 00985",Nancybury,Belgium,2025-09-07
819,Meghan,Wright,santoskristen@example.com,001-303-925-1110x25027,"6709 Mejia Points, North Traci, VI 74660",Mooreburgh,Palestinian Territory,2024-06-24
820,Joshua,Ortiz,alan63@example.org,8298331157,"03054 Martin Springs Apt. 491, Huntmouth, OR 20753",Lake Andre,Cote d'Ivoire,2025-02-09
821,Juan,Torres,caroline68@example.net,(259)319-3181,"072 Adam Vista, Lake Carmenstad, MN 76332",West Dawn,Italy,2025-05-21
822,Angel,Porter,colekelsey@example.com,(709)490-8804,"0275 Murphy Hills Apt. 910, Anthonyfort, CA 38966",Port Kristen,Saudi Arabia,2025-06-24
823,Timothy,Turner,dhenderson@example.net,(773)207-4208x03430,"9413 Mcconnell Course Suite 329, North Jayshire, NH 94794",Debrafurt,Dominican Republic,2025-09-19
824,Tabitha,Hicks,kellyhill@example.org,001-475-348-4603,"87911 Montgomery Ville Apt. 030, North Brett, GA 23480",North Donnaville,Haiti,2024-11-01
825,Yolanda,Marshall,elizabethcampbell@example.net,870.386.2731,"19023 Andrew Lodge Suite 720, West Daniel, KY 33879",New Ericshire,United States of America,2025-06-05
826,Phillip,Wilson,bhanna@example.org,001-623-234-9758,"36099 Abbott Circles, Kellymouth, GU 35484",Leslieview,Portugal,2025-02-23
827,Brandon,French,justin25@example.com,3757112344,"075 Fisher Vista Apt. 119, Roblestown, KS 06685",Port Debbie,Guatemala,2025-05-22
828,Jeffery,Garcia,charles88@example.com,(458)286-3508,"283 Michael Point Suite 583, North Sarahport, AS 50566",Brianchester,Dominican Republic,2025-05-14
829,Sarah,Stephens,kathrynsmith@example.net,001-958-834-4253x22527,"2124 Jeffery Roads, New Kennethport, MT 46595",Port William,France,2025-10-09
830,Mark,Long,stephenreeves@example.com,(846)515-3248x5051,"5400 Warren Locks, Brownview, MS 93099",Lake Staceyville,South Africa,2024-03-20
831,Mary,Sanchez,adam21@example.net,001-343-865-3748,"PSC 5634, Box 7922, APO AP 89222",South Cory,Eritrea,2024-03-26
832,Michael,Ross,bgrant@example.net,355.250.8445,"8992 Kimberly Orchard, North Brian, VI 41051",West Patriciachester,Angola,2023-12-24
833,Steven,Ramirez,rsanchez@example.net,602-442-9026x25027,"5842 Webb Island Suite 737, Jessicaland, CA 11301",Annview,Germany,2024-01-30
834,Dillon,Newton,scrosby@example.com,973.884.3326,"21497 Jasmine Junction, North Samantha, WV 10760",North Margaretchester,United States Virgin Islands,2025-10-09
835,Larry,Hatfield,cunninghamchristopher@example.net,979.357.3761x0365,"268 Jeffery Stream, North Sarahview, VI 57942",Port Jesusville,Iceland,2024-07-22
836,Shannon,Rubio,marc77@example.com,243-529-7193x32085,"69038 Zimmerman Estates Suite 479, North Joanna, WY 41526",South Davidside,Ireland,2024-06-10
837,Denise,Bowers,donnalewis@example.org,762-584-9541,"007 Rachael Skyway, Alexanderhaven, PW 10592",Longstad,Mayotte,2025-06-21
838,Johnny,Mcdaniel,mitchellmichael@example.org,+1-389-252-4580x879,"235 Wilson Centers, Morganchester, RI 20986",Lake Robert,Uzbekistan,2024-09-21
839,Kimberly,Bradford,xferguson@example.com,941-218-6076x0996,"369 Diaz Manors, Patrickton, ID 33751",Port Jessicaton,Canada,2025-05-08
840,Abigail,Chambers,reynoldsandrea@example.net,320-682-8652,"483 William Ports Suite 173, Pughtown, PW 48418",West Valerie,San Marino,2024-11-28
841,Michael,Duncan,wrightspencer@example.com,001-909-316-4184x08560,"3701 Clinton Walk Suite 029, Leport, NV 29276",New Vincentfort,Saint Vincent and the Grenadines,2024-04-29
842,Jennifer,Andersen,danielcole@example.org,453-990-4013x34264,"621 Angie Estates Suite 878, West Deannamouth, HI 90338",West Amy,Chad,2025-07-13
843,Stacey,Wolf,kwoods@example.net,001-474-240-9329x896,"9991 Robin Union Suite 459, South Thomas, FL 00641",Port Michelle,New Zealand,2024-06-24
844,Robert,Mcgee,knappantonio@example.org,(423)789-0718,"85488 Christensen Ville, North Justinbury, ND 62843",Port Larrymouth,Iraq,2024-04-20
845,Daniel,Torres,brooksbrenda@example.net,3426975385,"3654 Gibson Loaf, East Timothy, NC 52084",Port Sarah,South Georgia and the South Sandwich Islands,2024-09-11
846,Steven,Stephens,dianamoore@example.net,001-422-448-2029,"21791 Jade Meadow Suite 294, Juanland, GU 11034",Morrismouth,Puerto Rico,2023-10-26
847,Dustin,Smith,millercarol@example.net,421-846-5647x72415,"54340 Santos Keys Suite 125, New Amy, IN 05477",Mendozahaven,Northern Mariana Islands,2024-11-13
848,Heather,Davis,douglasford@example.net,4813741292,"311 Kathryn Mill, Lake Katrina, KY 82987",Justinfort,Chad,2024-08-03
849,Chad,Mcbride,travishayes@example.com,(639)997-2747x0064,"29610 Jamie Manors Suite 196, Stephenside, CA 58818",South Crystalton,Central African Republic,2024-08-23
850,Phillip,Powell,marcus56@example.net,850.786.6828,"1057 Rhonda Keys, East Richard, FM 58298",Wallacechester,Botswana,2023-11-16
851,Kevin,Fuller,candice51@example.net,001-268-870-8503x1272,"8466 Holly Village, North Kyle, IN 63147",New Kristenmouth,Finland,2025-10-05
852,Derek,Zamora,julie81@example.com,841.323.3367,"44709 Justin Forest, Tammychester, MA 46573",Lake Andrew,Belarus,2025-01-30
853,Troy,Brewer,kellybell@example.com,391-978-3239x250,"8554 Mccarty Stravenue, North Jonathan, OK 28507",South Brandonmouth,Tonga,2024-10-17
854,Anna,Potts,yvonne07@example.org,714.283.0178x848,"Unit 3160 Box 6837, DPO AP 04506",Harrisville,Saint Martin,2025-05-18
855,Courtney,Harris,thompsonrhonda@example.com,6612383867,"106 Carson Passage, North Sharon, RI 96338",Boyerberg,China,2024-10-10
856,Scott,Owens,michaelcruz@example.com,+1-668-487-2535x8624,"441 Klein Trail Apt. 579, Darlenefort, MS 57411",Lake Ethan,Costa Rica,2025-03-12
857,Leslie,Davies,cameronmiller@example.net,(892)851-7327x960,"1026 Bryant Lights, Patrickchester, VA 22575",New Kennethstad,North Macedonia,2024-09-10
858,Sandra,Cummings,ericgriffith@example.org,811-559-7023,"USCGC Martin, FPO AE 51212",New Mariaburgh,South Africa,2024-11-01
859,April,Willis,eflores@example.com,474-549-1331x22069,"84459 Joseph Union, South Jason, NM 26620",Bakerton,Hong Kong,2024-06-28
860,Barry,Sharp,charles60@example.net,(219)360-4500,"59748 Joshua Stravenue Apt. 072, New Lawrence, SD 81713",Kirstenshire,Taiwan,2024-12-15
861,Vanessa,Davis,jamesclayton@example.com,+1-462-628-0631,"7947 Nancy Valley Suite 951, Leeburgh, ID 82745",East Manuel,Afghanistan,2024-07-13
862,Carmen,Powell,lisa13@example.net,+1-456-568-8727x29588,"50400 Becky Track Suite 319, Jessicastad, CA 36920",Curtisborough,Bangladesh,2024-11-08
863,Mario,Velez,dayann@example.com,588-358-9857x7895,"511 Andrea Divide, North Vanessa, MO 12135",New Matthewbury,Iran,2023-12-30
864,Chase,Wright,carlsonbrianna@example.com,001-461-864-4767x665,"3157 Micheal Square, North Johnny, NY 55926",Wilkinsburgh,Germany,2024-11-21
865,Steven,Henderson,juliemartinez@example.net,979.377.1466x88023,"584 Karen View Apt. 289, Davisfurt, ME 01398",West Sarah,Cayman Islands,2023-12-14
866,Matthew,Wilson,sandra15@example.org,+1-757-345-4568x21817,"9431 Samantha Path Apt. 360, Port Michelle, OR 80207",Port Summerburgh,Papua New Guinea,2025-03-27
867,Tanner,Norman,brianmcdonald@example.net,460-521-2771x6910,"2863 Gina Knoll Apt. 159, Murphyfort, ND 94556",Vazquezhaven,Vietnam,2024-10-26
868,Heather,Gallegos,alexanderwilliams@example.net,(827)345-8618,"2538 Donaldson Loop Suite 274, Michellechester, NH 28271",South Ashleyshire,Samoa,2023-12-08
869,Andrew,Hunt,susangray@example.org,+1-574-912-8997x084,"3350 Martin Crest Apt. 489, Lake Kathy, MO 61068",Danielshire,Vanuatu,2025-02-09
870,Ariel,Whitehead,freemanrebecca@example.com,001-279-506-1468,"917 Timothy Course Suite 914, West Nicholasstad, MN 61720",West Vincentfurt,Brazil,2024-11-19
871,Martin,Moran,josewright@example.net,001-653-241-4252,"6161 Clark Locks, East Kim, AS 99293",Denisemouth,India,2025-09-19
872,Ian,Rodriguez,matthewaustin@example.net,001-466-239-9223,"899 Woodard Mews, Jasonbury, MA 70506",Port Angela,Guatemala,2023-11-02
873,Tracy,Fernandez,veronica81@example.net,+1-679-732-9098,"0027 Reyes Track Suite 810, New Jeffrey, AK 52853",Lisafurt,Angola,2024-01-30
874,Eric,Johnson,wellstiffany@example.com,516.441.6550,"58810 Harris Throughway, Jenkinsland, DE 53548",Port Sharon,Cook Islands,2024-10-13
875,Corey,Brown,isaiah00@example.com,821.569.0934,"Unit 0522 Box 0333, DPO AA 89527",East Douglas,Russian Federation,2024-11-20
876,James,Smith,mathewsrichard@example.net,880-994-0217x44182,"93281 Laura Tunnel, Powerston, HI 71639",West Laurafort,Congo,2025-08-08
877,Ralph,Ali,thomasryan@example.com,667-573-5321x897,"2811 Sarah Meadow, Charlesfurt, MT 21111",West Brianfort,Burkina Faso,2024-07-21
878,Christopher,Jackson,georgeconrad@example.org,489-663-9569,"800 Raymond Path Suite 117, Shawnmouth, AS 67513",Yuport,Christmas Island,2024-11-20
879,Justin,Herrera,ashleyhuffman@example.com,(825)234-7113x303,"11718 Walker Trafficway Suite 122, Floydmouth, DE 66237",New Allen,Guyana,2025-09-10
880,John,Dunlap,lewisdavid@example.com,001-966-499-0659,"64469 Michael Loop Suite 886, Cooktown, MS 46249",Thomasport,Haiti,2024-05-27
881,Jessica,Gonzales,jose87@example.com,001-526-639-7109x7307,"34181 Shaffer Street Suite 157, Fletcherfurt, ND 47955",Port Louis,Greece,2023-12-14
882,Connie,Jones,pamelagreen@example.org,+1-634-520-2631,"739 Robin Course Suite 251, Hamiltonberg, GA 48747",Hernandezbury,Palestinian Territory,2024-09-25
883,Samuel,Clark,kyle17@example.org,(950)217-0540,"674 Elliott Run Suite 033, West Cameron, ID 24072",Port Tiffanyborough,Equatorial Guinea,2023-12-19
884,Ryan,Forbes,richard72@example.net,2328373472,"504 Turner Locks, Lake Williamfort, AL 31697",West Bobbybury,Wallis and Futuna,2024-07-16
885,Daniel,Smith,adamnewman@example.com,406-855-3442,"37758 Christina Mountain Apt. 969, Yolandaview, NC 73948",Lake Katrina,Greenland,2023-12-08
886,Sara,Mills,xholloway@example.com,839-758-3577x421,"0800 Zachary Corners, Smithland, VT 48472",Mitchellfort,Papua New Guinea,2024-11-13
887,Shawn,Pope,ebrown@example.net,972-639-8680x772,"4325 Mark Parkways, Kaylahaven, MD 74682",North Robert,Congo,2024-11-28
888,Connie,Terry,dawngarcia@example.org,001-645-512-3354x291,"2022 Schmidt Manors, Stephensport, SD 11955",Amyburgh,Papua New Guinea,2025-05-10
889,Chase,Meyer,alexanderreyes@example.org,266-921-3457x7331,"438 Wayne Keys Apt. 531, South Jamesberg, KS 77930",New Barbara,France,2024-09-04
890,Timothy,Conner,tramirez@example.org,503.279.9456x22196,"USNV Williams, FPO AE 48285",Denniston,Mozambique,2023-11-04
891,Craig,Fox,jacksontaylor@example.org,438-772-6826x11549,"51035 Patrick Glens Suite 305, South Jacobview, VI 15111",Bethanystad,Slovenia,2024-09-12
892,Destiny,Kelly,richardsonrobert@example.org,578.835.5782x648,"66765 Chad Orchard, East Hannah, PA 94621",Weaverbury,France,2025-03-02
893,Jessica,Cox,kristin44@example.net,(492)608-1847,"92576 Tammy Greens, South Ruben, WA 68727",East Emily,Palau,2024-09-26
894,Lisa,Lopez,kevin49@example.com,+1-863-789-7768,"736 Murray Meadows Suite 811, Nicholasmouth, MA 62484",Michaelshire,Taiwan,2024-05-06
895,Isaac,Perez,gailwilliams@example.net,001-227-347-1496,"07680 Russell Dam, Shieldsborough, FM 55558",New Danaton,French Polynesia,2024-09-11
896,Karen,White,mbarnes@example.org,256-481-1378x27947,"Unit 5551 Box 7573, DPO AP 56014",West Sharihaven,Ghana,2025-08-30
897,Melanie,Jones,whitneybutler@example.org,585-419-6519x178,"USNS Daniels, FPO AA 04287",Dennishaven,Liberia,2025-01-23
898,Heather,Briggs,kristin49@example.net,(439)604-2051,"PSC 3429, Box 8406, APO AE 48977",Salazarfurt,Svalbard & Jan Mayen Islands,2025-01-11
899,Jeffery,Hodge,mmitchell@example.org,(203)429-4393,"854 Barrett Wall Apt. 798, New Richardville, IN 41766",South Lawrence,Bahrain,2024-04-22
900,Martin,Shaffer,judithcannon@example.com,001-736-833-1651x3281,"2017 Cathy Fields Suite 819, Lewisville, VI 20145",West Jessica,Tanzania,2025-05-27
901,Taylor,Taylor,hughesjoshua@example.org,480-993-0148,"0831 Bond Brook, East Tyler, AS 94953",Brianchester,Andorra,2024-07-09
902,William,Jackson,nicholassmith@example.com,873-763-0195,"USNV Garcia, FPO AE 92253",Robertland,Malawi,2024-09-29
903,James,Francis,landrybrooke@example.net,811.718.3009,"6265 Deborah Points, Stantonport, IN 79317",Ericahaven,Greenland,2024-06-23
904,Kenneth,Blankenship,christineball@example.org,993-760-9115x9169,"525 Walsh Cliffs, Frankside, CO 83925",Karenhaven,Panama,2024-02-19
905,Ann,Cunningham,christopher72@example.net,(252)697-4204,"1715 Francis Radial Apt. 293, Ericaport, GA 56262",East Daniel,Hungary,2025-01-07
906,Susan,Cameron,kimberly33@example.com,424.859.3635,"91985 Roger Lodge, Leahport, ID 95965",Dustinfort,United Arab Emirates,2025-01-09
907,Diane,Martinez,kellie65@example.net,+1-833-869-3831x1742,"706 Guzman Street, New Steven, LA 26548",Kennethborough,Burkina Faso,2024-12-07
908,Robert,Sparks,ksanchez@example.net,(522)992-1307,"610 Klein Radial Apt. 278, Singhchester, MI 60520",West Christinemouth,Saudi Arabia,2025-09-09
909,Nicole,Wall,ronnieblack@example.com,(515)550-0762x2752,"92324 Dakota Valleys, East Glennborough, WI 36458",Margaretfort,Saint Martin,2024-10-21
910,Johnathan,Schultz,kimberly78@example.com,745.739.6824x39586,"16723 Bruce Underpass, Santiagoville, WV 48404",North Jennifer,Albania,2024-04-09
911,Lisa,Smith,carolyn95@example.net,890.283.4495,"818 Kelly Spurs Apt. 199, New Kathleenview, WV 06140",Williamsmouth,Moldova,2024-09-23
912,Shirley,Choi,lewisdana@example.com,243-603-4820x69358,"19407 Hammond Lights Suite 528, West Ashley, FM 33479",Martinezhaven,Austria,2023-11-28
913,Roy,Oneill,elizabethschultz@example.org,617.669.4331,"861 Jessica Rue, Josephberg, AL 66287",Williamshaven,Hong Kong,2024-02-05
914,Beth,Lamb,carnold@example.net,573-641-0460,"01333 Debbie Coves Apt. 606, Oconnorhaven, AK 94699",Lake Patricia,Nauru,2024-01-22
915,Brett,Anderson,dominguezrobert@example.com,+1-582-737-0094x0252,"PSC 2231, Box 5704, APO AA 37985",Fosterborough,Gambia,2024-09-04
916,James,Torres,nathan71@example.net,+1-964-802-0609x9524,"953 Hayes Parkway, Roblesfort, DE 84481",South Craigburgh,San Marino,2025-01-02
917,Steven,Kerr,ogonzalez@example.org,+1-215-240-1864x659,"083 Warren Parkway Suite 151, East Kimberly, CA 13216",Wallaceborough,Costa Rica,2024-08-21
918,Kylie,White,hernandezjennifer@example.com,282.321.7966x05149,"750 Jeffrey Alley, North Antonioside, NE 46263",Jamesland,Kuwait,2025-07-25
919,Sarah,Costa,dennisflowers@example.net,7147060000,"70549 Lopez Prairie Apt. 700, Mathisstad, MT 79397",Banksmouth,Yemen,2025-04-21
920,Leon,Montgomery,perryjamie@example.org,314-361-6261,"0616 Mitchell Club Apt. 829, Campbellburgh, MN 94686",Port David,Swaziland,2025-02-06
921,Craig,Graves,courtneysharp@example.org,(235)673-9736,"538 Tiffany Mount Apt. 424, New Gabriellehaven, DE 93291",North Allisonshire,Bulgaria,2024-05-28
922,Katherine,Rivera,vcollins@example.net,001-694-623-9444x4993,"0848 Daniel Center Suite 399, Harristown, CA 84680",South Ana,Andorra,2025-02-05
923,Justin,Jones,piercetiffany@example.com,886-523-7327x25116,"8806 Elizabeth Locks Apt. 253, West Jose, IN 77450",Aliciatown,Montserrat,2025-01-07
924,Olivia,Jimenez,taylorbenitez@example.org,+1-627-621-8907x763,"0710 Dawson Summit Apt. 806, Simston, MP 11177",Nancytown,Afghanistan,2023-12-06
925,Colleen,Williams,lanejessica@example.org,001-599-638-1103x45280,"419 Carter Bypass, North Brandonborough, IN 04854",West Mark,Sierra Leone,2023-12-12
926,Kristin,Clark,simonjason@example.net,+1-330-428-1392x1775,"725 Thomas Mountain, Rebeccahaven, DE 35814",Lawrencetown,Trinidad and Tobago,2025-06-25
927,Joseph,Myers,johnjacobs@example.com,880-656-7629x83928,"642 Angela Tunnel Suite 210, Stevenview, CA 44642",South Melissamouth,Central African Republic,2024-08-30
928,Robin,Hall,cruzkathleen@example.net,(949)451-3656,"87036 Cowan Stream Suite 392, Yatesshire, CA 12104",East Christopher,Eritrea,2025-10-04
929,Amanda,Powell,christopherphillips@example.org,441.815.3849x2937,"7851 Bailey Centers, South Frankborough, NH 43175",Liuville,Nauru,2024-04-11
930,Maria,Gray,griffincarrie@example.com,3954385018,"7682 Sarah Crescent, Hamiltonborough, NC 63108",Port Robertville,Guam,2024-12-31
931,Kim,Serrano,sheila82@example.net,(980)849-2789x80060,"85274 Michael Estates, East Travis, MI 04527",South Laura,Bahamas,2025-04-28
932,Elizabeth,Tate,hrobinson@example.net,254.662.7380,"56776 Brittany Mills, Sarahview, MN 87468",East Debraville,Thailand,2024-12-01
933,Joshua,Mcguire,allisonmitchell@example.net,202.579.9556x22818,"534 Mitchell Light Suite 431, Port Danielburgh, AL 09363",Barbaraview,New Caledonia,2024-05-11
934,Cynthia,Williams,fharris@example.org,001-773-684-8486x718,"5289 Martin Row Suite 105, Dixonstad, NV 54943",West Drewbury,Mauritania,2024-06-12
935,Lawrence,Rocha,andreamarshall@example.com,7238880371,"8087 Mitchell Dam, Emilystad, FM 73439",West Michaelside,Kiribati,2023-12-08
936,Kenneth,Kirk,gutierrezcarla@example.org,862-719-6960x13568,"509 Mcdowell Cliffs, Port Jesus, SC 65758",New Jasonshire,Burundi,2025-08-12
937,Denise,Johnson,teresabishop@example.net,879.573.1121x333,"14834 Christina Lane Apt. 911, Wrightberg, DC 24438",Oliviaborough,Lithuania,2024-11-08
938,Karina,Holden,rburke@example.net,+1-445-460-6394x31015,"58809 Austin Junctions Suite 914, Carolynville, MT 15999",South Jeffreyborough,Bangladesh,2025-02-03
939,Jessica,Dunn,jamespaul@example.org,(375)275-4083x71895,"PSC 0416, Box 0754, APO AE 52867",Durhamport,United Arab Emirates,2025-06-15
940,Rebecca,Jones,edward69@example.com,+1-799-876-1671,"85573 Hansen Lodge Suite 565, Hansenmouth, NY 19681",Loweberg,Namibia,2024-04-07
941,Adam,Young,ufields@example.org,856.977.5450,"401 Brown Isle Suite 045, South Michael, IN 46910",New Alicia,Monaco,2024-06-08
942,Thomas,Lopez,harrisonanthony@example.com,001-254-572-2127x423,"3236 Carlson Stravenue Apt. 027, New Franklin, ME 04327",West Jessica,Reunion,2024-07-20
943,Cameron,Ramirez,susan84@example.org,753.655.6342,"5789 Nicole Vista Apt. 687, Greenberg, ND 74930",Matthewborough,Panama,2025-02-04
944,Susan,Stanley,cheyennehansen@example.com,372.738.6569,"4614 Pamela Land Apt. 453, West Lindsayside, NY 66393",Cantustad,Austria,2024-07-28
945,Jason,Kelley,david95@example.net,(642)305-3962x12285,"8389 Richard Rest Apt. 590, Ellenborough, TX 51956",New Brendastad,Jamaica,2025-08-21
946,Mark,Nelson,rebecca97@example.org,424-699-4039x487,"USNS Mann, FPO AA 87795",New Lesliefort,Montenegro,2024-09-07
947,Tonya,Alexander,jenniferibarra@example.net,949.784.5419x6282,"04150 Kenneth Walk, Margaretburgh, NC 65483",Brownville,Cuba,2025-07-03
948,Carolyn,Velez,anaduffy@example.com,001-526-349-8923,"64128 King Estates Apt. 335, West Wendymouth, MS 44363",Valerieshire,Mozambique,2025-08-30
949,Alejandro,Joseph,crawfordkimberly@example.net,001-292-555-7683x749,"73776 Wright Shoal, Greenberg, OR 59417",Port Davidchester,Marshall Islands,2023-11-07
950,Timothy,Smith,thompsonmichael@example.org,(829)205-3522,"USS Buckley, FPO AA 53300",Fitzgeraldfurt,United Arab Emirates,2024-10-09
951,Jeffrey,Carson,davisnicholas@example.net,622.465.8733x898,"058 Santiago Grove, Mendozaside, GA 65476",Shermanside,Mongolia,2025-09-18
952,Monica,Young,robert98@example.com,921-364-1775,"4123 Ballard Loop Apt. 500, Scottstad, MI 00688",Victorstad,French Guiana,2025-01-30
953,James,Jackson,madisondavis@example.org,(218)357-8783x749,"75753 Allen Mall Apt. 318, Port Karen, NV 72766",East Kimberly,Burkina Faso,2025-01-17
954,Holly,Grant,richard21@example.org,001-363-811-8819,"91816 Zachary Estates, Moorefurt, UT 45415",South Jeffery,Germany,2025-09-12
955,Mitchell,Murray,ysanders@example.net,370.741.1129,"896 Lisa Ford, Gonzalezmouth, NM 42987",Cooperbury,Nauru,2025-01-31
956,Christopher,Franklin,kimberlypreston@example.com,560-354-1913x33627,"4653 Burke Rapids, Allenchester, MT 54404",Kennethchester,Slovenia,2024-05-16
957,Tony,Dean,joshuaaguirre@example.com,282-524-9861,"PSC 1114, Box 1512, APO AE 24472",Martinezfort,Nauru,2025-09-25
958,Matthew,Thompson,edwardhaynes@example.com,(305)699-5955x0037,"198 Valdez Park, Jasontown, SD 95692",Connerfort,Papua New Guinea,2024-04-05
959,Robert,Lynch,marcuswhitaker@example.com,402-585-2227x2273,"80008 Ortiz Row Suite 720, Rodriguezport, WI 75400",North Christian,Pakistan,2024-10-21
960,Kimberly,Evans,jthomas@example.net,593.668.5792x1590,"2357 Brian Parks Apt. 428, North Kevinchester, MD 21178",Baileyside,Gibraltar,2024-12-23
961,Robert,Goodwin,jonathan04@example.net,(394)236-2910,"73502 Perez Park Suite 025, West Juliechester, ND 17105",East Erinmouth,Gabon,2024-12-11
962,Kathryn,Maddox,evanmcgee@example.net,865-820-0729,"526 Bryan Bypass, Port Melissa, WV 41976",Torresmouth,Japan,2024-02-14
963,Joseph,Dalton,andrewdean@example.net,299.478.4220x53676,"697 Baker Crescent Apt. 765, Ellisshire, WA 04421",Hannaville,Guinea,2025-01-20
964,Whitney,Fox,lawrencejennifer@example.org,943-502-3544x5693,"USNS Harrington, FPO AE 86684",Port Mary,Aruba,2024-10-08
965,Faith,Walker,batesandrea@example.net,354-419-1464,"585 Caitlyn Roads Apt. 888, Judithport, DE 88845",Port Thomashaven,Slovenia,2025-06-23
966,Michelle,Rodriguez,alilauren@example.org,(553)746-8523x9938,"568 Jonathan Drive Apt. 527, East Ryan, CA 60014",Garcialand,Gambia,2024-11-02
967,Jeffrey,Smith,scottsanchez@example.com,001-532-477-9513x91027,"61514 Tammy Corners Suite 268, Calhounton, AL 98018",Jonesstad,Iraq,2025-04-29
968,Allison,Bowman,james81@example.net,926.247.9354x89631,"9476 Diaz Road Suite 160, North Raven, VI 47858",West Misty,Myanmar,2024-06-06
969,Melissa,Mueller,johnmeyer@example.com,(872)691-8392x9652,"8377 Mills Springs, Owensstad, IN 75907",Poolebury,Saint Pierre and Miquelon,2025-02-02
970,Brett,Wang,hunterlauren@example.com,376.924.9521,"Unit 2170 Box 8275, DPO AP 79211",South Victorialand,Dominica,2024-04-15
971,Anthony,Mccoy,michael97@example.org,493-857-6665x7227,"470 Gregory Wall Suite 384, Lucasfort, GA 09710",Nicholasmouth,Cyprus,2024-09-15
972,Timothy,Clark,brendasmith@example.org,(215)866-7936x311,"172 Samantha Skyway, Lake Jason, CT 33576",South Heathermouth,Egypt,2025-01-06
973,Melissa,Moreno,alyssawarren@example.com,989.687.4817,"1819 Bell Bridge, Holmeshaven, OK 34125",Joneschester,Slovenia,2025-04-27
974,Kelly,Dyer,michaeljones@example.org,548.389.0352x23637,"1687 Liu Isle Suite 913, East Samanthaburgh, MD 26152",Rodriguezfurt,Turks and Caicos Islands,2025-01-15
975,Philip,Gibson,aaron81@example.net,(380)478-8195x6489,"5470 Ponce Flats Suite 810, Burgessview, ID 43733",East Josephmouth,Bermuda,2025-01-09
976,Jacob,Hoffman,wendyhill@example.net,654.229.7923x6168,"8246 Sheppard Junction Apt. 765, South Andrew, VI 86455",Markton,Saint Helena,2025-06-13
977,Paula,Tyler,dodsonsarah@example.com,537.830.4036x63435,"022 Lynn Gardens Apt. 826, East Joelside, GA 73206",North Teresaside,Somalia,2024-04-28
978,Lauren,Arias,uharris@example.org,473-803-8939,"614 Cruz Locks, Brandontown, NJ 10175",Robertstown,French Guiana,2024-03-14
979,Jeffery,Jefferson,staylor@example.net,8545900502,"836 Brian Cape, Yvetteton, CO 53495",Jenkinsmouth,New Caledonia,2024-03-14
980,Michael,Owens,katrinaclark@example.com,6319472610,"16601 John Shoals, South Rachel, VT 67332",East Marissabury,Kazakhstan,2024-09-23
981,Linda,Bauer,katherinemacdonald@example.net,584.675.2897x66207,"693 Jade Dam, West Ashleyland, MA 75562",West Nicholas,Montenegro,2024-09-01
982,Nicholas,Garrett,ortegagarrett@example.com,482.595.1290x39192,"1645 Ballard Stream, Smithview, PA 37278",Port Vincent,Saudi Arabia,2024-01-25
983,Julian,Miller,cameronyoder@example.org,472.371.7569,"830 Moses Club, Villegaschester, AS 74656",Banksside,Sudan,2025-01-16
984,Kimberly,Henderson,yparks@example.net,001-826-956-1265x934,"3725 York Meadows Suite 778, East Morganmouth, NH 97832",Benjaminborough,Fiji,2023-12-14
985,Steven,Miller,xsnow@example.com,667-601-5347x5685,"Unit 5378 Box 0356, DPO AE 81088",Jasonland,Ghana,2025-10-08
986,Nathan,Ritter,zachary82@example.com,(626)529-1589x0773,"PSC 9123, Box 7953, APO AA 25716",Tommyland,Venezuela,2025-05-04
987,Jacob,Hernandez,karencrawford@example.com,+1-351-670-4255,"04139 Virginia Curve, New Marymouth, AR 19552",Bobbychester,Brazil,2024-12-12
988,Carlos,Cantrell,lisabrown@example.net,326.360.2675,"14908 Robinson Gardens, South Frankland, IL 83553",Lake Chadchester,Martinique,2025-06-30
989,Carl,Allen,jmcguire@example.net,001-491-210-6655x4683,"52689 Lee Road, Huntland, CT 33171",North Deanville,French Southern Territories,2023-11-08
990,John,Herrera,fullerscott@example.net,717.840.3144x380,"696 Pierce Vista, Lake Tanya, GU 93038",New Amanda,Iraq,2024-05-06
991,Christian,Sanders,sheltonanthony@example.net,942.443.7465,"759 Christopher Run, Lisaside, NH 82106",Jonesfort,Zambia,2024-04-28
992,Michelle,Bailey,smithmichele@example.org,383.632.3602x7940,"738 Collins Highway Suite 894, Scottport, OH 57329",Larastad,Uzbekistan,2025-04-30
993,Susan,Jones,martinezchristopher@example.net,374.674.4193x74036,"48203 Griffin Village Apt. 108, North Abigailshire, ID 25025",Alexandershire,South Georgia and the South Sandwich Islands,2023-12-14
994,Laura,Taylor,huertastacey@example.com,(377)738-0195x9924,"4834 Melissa Port Suite 057, North Rickyside, MP 16864",South Richard,Venezuela,2025-04-14
995,Glenda,Sherman,craigray@example.com,2696661504,"615 Victoria Green, Paulside, CT 92285",Seanchester,Cambodia,2024-05-27
996,Edward,Jones,vcasey@example.com,876-709-9369x1562,"74506 Miller Inlet Suite 826, Basston, VI 68945",New Donna,United States of America,2024-08-01
997,Kristin,Martinez,lmoore@example.net,224.502.1232x40774,"4832 Debra Place Suite 392, Lewismouth, MO 14881",South Laura,United States of America,2025-04-17
998,Michelle,Skinner,fnorris@example.org,459.981.5282x1624,"2533 Adam Fall Apt. 870, Santanaville, NM 40267",Turnerburgh,Jersey,2024-01-25
999,Richard,Kennedy,teresasmith@example.net,4538719023,"222 Cain Corner Suite 643, New Xavier, AL 88696",Wilsonmouth,Cuba,2024-09-09
1000,Jennifer,Avila,radkins@example.net,+1-968-625-2800x46500,"23515 Mcmahon Shoal, Mariastad, AL 37260",West Michael,Cambodia,2025-01-25
