order_id,customer_id,order_date,status,total_amount
1,824,2025-09-21 00:33:08,Pending,117.8
2,852,2024-06-24 19:25:49,Pending,1382.79
3,21,2025-06-09 17:32:43,Pending,3423.1599999999994
4,531,2023-10-26 08:53:06,Cancelled,913.45
5,960,2024-06-10 18:11:08,Cancelled,359.64
6,800,2025-09-18 11:28:37,Cancelled,5861.17
7,46,2025-08-12 03:18:38,Cancelled,2547.0299999999997
8,122,2024-12-05 06:34:28,Pending,2910.31
9,402,2024-03-13 00:54:42,Completed,2354.1400000000003
10,504,2024-10-18 14:05:17,Pending,738.2
11,12,2025-08-13 10:37:48,Completed,2584.52
12,439,2024-10-13 09:30:41,Completed,3290.25
13,702,2024-06-04 05:01:20,Completed,991.28
14,892,2025-03-10 01:50:21,Completed,1161.42
15,325,2025-09-07 06:24:46,Pending,659.26
16,469,2024-12-16 01:42:43,Completed,1588.11
17,59,2024-02-08 04:41:46,Pending,3339.8
18,240,2024-01-05 07:52:47,Completed,2006.9
19,964,2023-10-31 20:14:05,Completed,2341.2400000000002
20,557,2024-05-05 06:35:49,Completed,2969.04
21,437,2024-02-05 09:30:41,Completed,2086.78
22,615,2023-11-15 18:34:04,Completed,522.62
23,226,2025-06-16 18:41:31,Cancelled,2866.58
24,707,2024-03-16 11:30:14,Pending,3511.29
25,517,2024-04-26 16:41:55,Pending,1330.11
26,402,2025-04-22 17:53:05,Pending,4254.219999999999
27,56,2024-05-01 09:30:14,Pending,3071.32
28,221,2025-03-14 13:50:03,Completed,863.16
29,996,2024-02-15 01:58:46,Cancelled,2896.62
30,858,2024-10-30 03:59:34,Pending,2844.98
31,904,2023-10-26 17:21:05,Pending,2661.6400000000003
32,783,2024-04-09 09:29:14,Completed,969.48
33,475,2025-07-01 16:52:25,Completed,450.36
34,829,2024-11-18 16:06:30,Completed,4637.17
35,831,2025-06-08 09:37:16,Cancelled,139.74
36,459,2024-06-30 20:23:26,Completed,2528.13
37,542,2025-05-24 09:04:06,Pending,2586.92
38,854,2024-03-30 21:48:06,Completed,1638.6
39,779,2024-11-15 02:07:57,Completed,1501.94
40,979,2025-04-16 20:01:40,Cancelled,1805.58
41,244,2024-11-22 16:57:54,Completed,179.75
42,435,2024-01-31 21:41:17,Cancelled,2164.76
43,20,2024-09-01 17:15:45,Cancelled,129.08
44,988,2024-01-10 21:43:53,Completed,2024.04
45,26,2025-01-02 08:21:25,Pending,386.61
46,398,2025-07-03 23:41:53,Cancelled,2361.15
47,172,2024-11-08 07:59:20,Pending,727.52
48,991,2024-02-18 17:15:02,Pending,1919.08
49,413,2025-06-27 14:10:07,Cancelled,2024.53
50,325,2024-08-07 23:47:48,Pending,41.68
51,69,2025-10-03 04:59:57,Completed,1224.84
52,308,2024-10-12 06:49:09,Completed,5455.719999999999
53,97,2024-05-25 08:53:36,Cancelled,1458.76
54,222,2023-10-26 05:31:03,Completed,1590.96
55,9,2024-09-10 02:31:52,Completed,4902.68
56,120,2024-06-23 21:27:04,Pending,1045.24
57,528,2025-07-10 20:24:53,Pending,1582.2600000000002
58,605,2024-01-28 18:44:27,Cancelled,4851.41
59,483,2023-12-22 21:02:27,Pending,540.02
60,228,2025-03-07 13:03:47,Pending,1154.6200000000001
61,882,2024-04-25 01:48:21,Pending,2257.45
62,538,2025-05-28 19:11:10,Cancelled,3611.42
63,396,2025-05-26 17:27:51,Pending,2179.27
64,505,2025-04-30 18:49:56,Pending,724.62
65,838,2024-03-16 12:43:21,Completed,3758.3999999999996
66,530,2024-01-04 18:26:37,Pending,3903.39
67,330,2023-11-19 13:19:11,Cancelled,3206.8
68,700,2024-02-19 00:46:40,Pending,1150.75
69,769,2023-12-23 11:41:17,Pending,2485.01
70,167,2025-06-18 00:09:03,Cancelled,905.58
71,451,2025-06-28 11:05:04,Pending,2831.38
72,760,2024-09-07 19:58:45,Completed,1122.81
73,272,2025-04-17 11:58:51,Cancelled,2208.6800000000003
74,470,2025-04-10 14:10:05,Completed,492.59
75,318,2024-01-31 14:37:14,Pending,329.8
76,100,2024-03-17 18:02:43,Cancelled,1566.49
77,638,2024-05-07 22:34:34,Completed,714.5
78,124,2024-12-24 09:37:10,Pending,254.74
79,355,2025-07-21 21:23:43,Pending,873.69
80,192,2025-08-06 18:18:52,Pending,3169.52
81,736,2025-01-08 05:40:45,Cancelled,2803.4199999999996
82,521,2024-08-23 20:11:14,Pending,142.89
83,856,2024-01-18 19:24:19,Cancelled,123.93
84,728,2024-04-12 13:08:24,Completed,2478.2
85,485,2024-07-10 05:10:38,Cancelled,2388.54
86,412,2025-02-18 12:26:49,Pending,1916.88
87,548,2024-05-01 13:09:00,Pending,225.2
88,216,2025-09-05 23:51:11,Pending,90.21
89,307,2024-10-14 05:05:17,Pending,1061.25
90,349,2024-03-04 04:06:42,Pending,1896.8400000000001
91,755,2025-04-18 12:49:18,Pending,4480.24
92,593,2024-06-09 07:58:27,Cancelled,2112.2799999999997
93,55,2024-05-28 16:00:00,Completed,1112.26
94,255,2025-03-07 14:08:47,Pending,171.18
95,349,2024-08-24 12:14:29,Pending,2448.8
96,931,2024-10-12 04:45:51,Completed,152.12
97,82,2024-02-28 23:10:01,Cancelled,3761.4
98,967,2024-07-30 02:47:42,Completed,365.38
99,196,2025-04-07 08:16:32,Cancelled,2463.34
100,176,2025-09-19 02:17:39,Pending,2978.34
101,411,2025-06-10 23:06:46,Pending,1677.36
102,3,2024-04-09 01:41:10,Completed,180.42
103,936,2023-10-27 00:29:29,Pending,238.96
104,297,2025-04-28 00:31:22,Completed,1786.25
105,349,2024-10-10 01:38:44,Completed,3635.2799999999997
106,796,2025-03-16 04:36:14,Pending,1252.74
107,43,2024-02-15 07:10:35,Cancelled,895.38
108,636,2025-07-20 20:36:42,Pending,675.39
109,427,2023-11-17 01:04:11,Completed,878.2900000000001
110,321,2024-01-01 08:55:44,Completed,1129.25
111,997,2025-07-31 08:16:08,Completed,965.05
112,953,2025-03-01 09:43:56,Pending,2989.8
113,373,2025-04-13 10:04:23,Completed,235.71
114,153,2025-09-03 06:36:53,Completed,1234.08
115,659,2025-01-22 22:42:20,Completed,1841.77
116,690,2024-01-07 04:41:49,Completed,1909.52
117,923,2025-01-04 17:16:54,Cancelled,611.94
118,349,2024-09-12 15:29:29,Cancelled,378.45
119,225,2025-08-07 06:36:39,Completed,1979.76
120,592,2025-06-30 23:27:25,Cancelled,1685.4699999999998
121,769,2025-03-13 08:29:40,Completed,346.91
122,426,2025-06-02 14:08:02,Completed,2479.59
123,663,2025-06-06 23:22:32,Cancelled,2071.22
124,331,2024-01-03 20:49:52,Completed,562.83
125,721,2024-03-15 02:46:57,Completed,3642.02
126,311,2024-03-22 06:45:12,Completed,3409.38
127,761,2025-02-11 05:36:09,Completed,371.98999999999995
128,11,2024-02-27 19:29:05,Pending,548.07
129,196,2025-05-29 19:43:27,Cancelled,207.44
130,991,2025-01-12 01:45:54,Completed,2239.11
131,133,2025-02-20 06:18:31,Completed,1725.65
132,665,2025-02-21 17:49:24,Completed,2907.09
133,491,2024-11-14 05:15:33,Pending,2040.3500000000001
134,545,2024-05-27 19:37:43,Completed,419.56
135,608,2025-01-24 14:36:49,Completed,3169.3399999999997
136,211,2024-10-11 10:05:18,Completed,1845.5
137,360,2025-10-10 02:35:07,Cancelled,1228.42
138,721,2024-03-12 03:20:09,Cancelled,783.93
139,48,2024-01-14 07:37:51,Completed,2389.8999999999996
140,180,2025-05-04 23:19:03,Cancelled,473.68
141,367,2025-08-28 18:03:59,Pending,1779.75
142,646,2025-06-26 17:21:46,Pending,946.8
143,697,2025-08-17 17:40:39,Cancelled,2462.95
144,609,2024-01-07 17:52:06,Pending,1419.98
145,666,2024-05-10 12:36:20,Cancelled,1367.4
146,672,2025-09-25 00:04:17,Cancelled,6392.84
147,497,2023-12-19 21:07:14,Completed,1182.09
148,578,2025-02-01 06:30:14,Cancelled,2674.12
149,370,2025-08-22 06:21:16,Pending,2297.43
150,837,2025-07-09 06:30:21,Completed,123.93
151,910,2024-05-10 19:23:15,Cancelled,2156.08
152,584,2025-09-09 23:43:36,Pending,1919.6599999999999
153,804,2025-02-08 03:43:56,Pending,719.28
154,752,2024-08-18 19:11:00,Pending,3744.7799999999997
155,386,2023-12-23 13:08:09,Cancelled,1153.26
156,718,2025-08-28 13:29:41,Cancelled,2318.77
157,567,2024-07-01 21:01:39,Pending,2764.5499999999997
158,176,2025-06-01 22:08:30,Completed,1845.18
159,530,2024-05-06 18:15:31,Cancelled,3031.71
160,161,2024-12-08 10:40:15,Pending,1869.4
161,793,2024-07-28 19:23:21,Cancelled,2343.36
162,660,2025-01-29 15:49:27,Cancelled,2258.22
163,472,2024-01-14 23:00:21,Cancelled,2262.75
164,525,2024-03-01 03:14:13,Pending,616.79
165,834,2025-03-23 11:20:13,Pending,251.25
166,561,2024-09-18 15:43:35,Cancelled,2653.08
167,899,2024-03-13 23:59:43,Cancelled,5589.79
168,82,2024-11-29 03:25:44,Cancelled,1010.24
169,322,2024-10-09 08:44:39,Pending,1760.75
170,320,2024-12-18 21:46:28,Pending,2678.11
171,596,2024-09-09 21:00:30,Completed,3507.45
172,907,2025-02-13 17:00:26,Cancelled,2411.24
173,964,2025-09-12 15:34:05,Completed,390.15
174,767,2025-06-27 15:16:12,Completed,301.86
175,521,2025-04-13 15:21:57,Completed,2644.05
176,5,2025-05-15 00:53:40,Pending,548.07
177,201,2024-02-24 01:23:03,Cancelled,1786.25
178,788,2024-08-11 14:14:13,Completed,139.74
179,894,2025-02-09 22:29:06,Cancelled,212.88
180,135,2025-07-17 13:52:39,Completed,1979.48
181,973,2025-01-06 05:57:05,Pending,2156.2400000000002
182,578,2024-12-28 04:59:13,Cancelled,426.76
183,339,2025-06-18 23:45:52,Pending,1207.7
184,433,2025-05-06 15:10:16,Completed,1045.24
185,78,2024-08-17 19:54:54,Completed,1011.73
186,94,2025-06-28 03:04:31,Cancelled,1391.26
187,171,2025-06-16 12:06:16,Cancelled,1095.3899999999999
188,31,2024-01-07 01:48:55,Pending,142.89
189,432,2023-12-31 16:39:34,Pending,910.72
190,59,2023-12-29 11:25:53,Pending,911.88
191,47,2024-08-19 13:56:12,Cancelled,741.5
192,601,2024-10-18 17:07:51,Completed,4029.72
193,48,2025-09-18 02:00:00,Cancelled,1406.5600000000002
194,233,2024-02-14 23:14:29,Completed,2794.7799999999997
195,933,2025-06-09 02:01:59,Pending,4791.73
196,424,2025-06-01 05:10:17,Cancelled,1633.2
197,826,2024-06-29 16:07:54,Pending,6082.17
198,404,2024-08-19 05:40:00,Cancelled,540.9
199,341,2025-03-10 03:02:45,Completed,885.61
200,109,2023-11-01 15:38:43,Completed,114.12
201,168,2024-06-17 00:32:00,Pending,2474.7
202,458,2024-07-18 23:10:48,Cancelled,5708.19
203,532,2024-07-26 19:05:27,Pending,283.17
204,470,2025-04-09 16:26:25,Cancelled,848.26
205,387,2025-08-04 15:09:10,Cancelled,1746.34
206,339,2024-09-13 13:01:44,Cancelled,3401.73
207,224,2024-12-18 03:17:53,Completed,651.39
208,858,2024-03-12 01:23:46,Pending,1271.68
209,542,2024-04-10 10:06:31,Completed,2321.82
210,333,2024-08-20 14:30:38,Pending,2954.3199999999997
211,235,2025-02-17 17:04:42,Pending,79.43
212,818,2024-05-09 13:14:24,Completed,3708.1400000000003
213,805,2025-08-18 17:00:21,Cancelled,1023.49
214,896,2023-12-09 03:00:37,Pending,3001.66
215,161,2024-01-28 17:03:21,Cancelled,4429.65
216,12,2024-09-25 04:54:04,Pending,338.44
217,292,2025-04-02 18:57:57,Completed,664.38
218,891,2024-05-20 08:44:22,Cancelled,2822.0499999999997
219,406,2024-10-08 01:27:47,Cancelled,2214.18
220,320,2025-03-22 15:12:47,Completed,3525.94
221,274,2024-09-26 08:11:05,Cancelled,568.22
222,871,2025-07-28 00:52:18,Completed,853.74
223,220,2025-10-05 09:08:37,Completed,3282.74
224,152,2024-01-26 16:44:41,Pending,2892.55
225,654,2025-10-19 21:02:09,Pending,1354.47
226,662,2024-02-03 23:51:43,Pending,2347.9700000000003
227,356,2025-06-30 02:31:48,Cancelled,471.1
228,750,2025-08-15 06:36:21,Pending,2374.88
229,281,2024-07-20 23:47:44,Cancelled,3914.44
230,919,2025-05-23 06:52:53,Pending,1194.44
231,151,2024-07-01 23:31:35,Cancelled,995.78
232,652,2025-04-03 03:25:35,Cancelled,7736.84
233,106,2025-08-28 23:41:05,Cancelled,2368.99
234,970,2025-04-15 06:24:17,Completed,557.85
235,681,2025-07-20 02:57:42,Completed,789.66
236,540,2024-08-22 07:11:59,Cancelled,1819.59
237,441,2024-03-03 05:28:34,Cancelled,527.64
238,425,2024-02-13 13:57:24,Completed,3673.01
239,973,2024-05-26 04:01:59,Pending,1063.11
240,371,2025-01-26 00:33:00,Completed,1714.1599999999999
241,701,2024-03-15 00:57:29,Pending,1438.57
242,366,2023-10-29 08:38:23,Pending,1349.8600000000001
243,528,2023-11-16 03:06:21,Cancelled,397.21
244,69,2025-04-09 05:29:52,Completed,5046.77
245,854,2024-03-20 03:10:47,Completed,2121.64
246,956,2024-08-21 21:04:58,Pending,2085.96
247,622,2023-11-06 13:17:42,Completed,703.47
248,298,2024-11-29 17:25:17,Cancelled,2147.98
249,140,2024-11-29 19:03:59,Pending,2399.7200000000003
250,676,2024-09-16 04:38:28,Completed,737.48
251,607,2024-02-14 15:33:52,Cancelled,2520.16
252,678,2023-12-23 21:27:44,Pending,434.27
253,932,2024-05-26 11:34:19,Completed,827.0899999999999
254,932,2023-12-03 04:18:57,Cancelled,2555.7
255,929,2023-12-28 06:36:29,Pending,3464.2
256,989,2025-09-19 18:11:41,Pending,2278.0499999999997
257,414,2025-03-24 18:47:06,Cancelled,5053.48
258,976,2024-07-05 12:30:57,Cancelled,158.81
259,141,2024-09-06 10:16:31,Pending,3058.44
260,297,2025-06-30 15:28:32,Cancelled,305.97
261,463,2024-02-07 17:45:47,Completed,1536.64
262,632,2024-09-14 14:33:41,Cancelled,3506.4000000000005
263,347,2023-10-28 08:41:55,Completed,1046.3200000000002
264,299,2023-12-06 05:40:38,Completed,1737.08
265,126,2024-12-30 16:50:38,Cancelled,2185.2
266,149,2023-12-19 21:50:32,Pending,756.2
267,123,2024-09-05 22:03:35,Cancelled,387.14
268,338,2024-08-14 17:06:49,Pending,1819.59
269,50,2024-06-04 16:56:04,Pending,515.48
270,892,2024-10-19 07:59:54,Pending,2249.62
271,770,2024-05-31 03:52:54,Cancelled,816.6
272,844,2025-08-26 12:09:10,Cancelled,4574.58
273,349,2024-09-27 10:32:38,Pending,1207.44
274,645,2023-11-23 20:38:12,Cancelled,2588.56
275,180,2024-09-04 05:21:18,Pending,2494.54
276,278,2023-12-01 05:43:32,Completed,2686.7200000000003
277,207,2024-04-10 19:07:34,Completed,1163.1
278,955,2024-07-25 06:35:58,Pending,3162.42
279,863,2025-07-18 22:18:59,Completed,2025.92
280,650,2024-03-20 10:28:53,Pending,3237.45
281,223,2025-03-04 06:19:04,Cancelled,3274.56
282,687,2024-05-11 10:59:13,Completed,4323.17
283,38,2025-08-03 18:15:26,Cancelled,3118.8500000000004
284,24,2025-02-15 01:06:24,Pending,20.84
285,63,2024-09-04 00:27:00,Pending,3375.5
286,575,2024-01-25 15:14:45,Pending,2360.88
287,658,2024-10-26 01:47:38,Cancelled,730.28
288,736,2024-11-14 23:24:08,Pending,2889.25
289,798,2024-01-23 11:48:12,Cancelled,2456.45
290,582,2024-06-17 05:13:52,Cancelled,4962.39
291,90,2024-01-20 07:46:07,Completed,603.1
292,933,2024-02-18 08:30:01,Pending,370.75
293,354,2025-06-30 12:59:12,Pending,1989.6799999999998
294,311,2025-01-20 03:01:37,Cancelled,1168.72
295,348,2023-12-12 17:10:59,Pending,2308.86
296,691,2024-01-06 18:16:04,Pending,397.15
297,252,2024-05-06 23:23:25,Cancelled,3968.7599999999998
298,900,2024-02-10 19:15:03,Pending,300.26
299,389,2025-05-18 17:50:21,Completed,1642.27
300,679,2024-01-01 07:47:00,Pending,2269.0
301,788,2024-08-06 18:45:18,Completed,1296.3899999999999
302,88,2023-12-24 09:50:38,Completed,943.6800000000001
303,38,2023-12-24 14:09:05,Pending,2274.68
304,373,2024-06-06 05:38:19,Completed,254.11
305,485,2025-08-20 09:14:06,Pending,1845.5
306,866,2025-09-11 10:58:18,Cancelled,1224.42
307,708,2025-04-27 21:12:38,Cancelled,2204.59
308,567,2024-11-10 10:11:17,Pending,284.11
309,497,2024-11-11 20:01:40,Completed,716.88
310,923,2025-07-27 20:33:51,Cancelled,158.81
311,907,2024-05-14 16:21:33,Pending,568.22
312,2,2024-10-25 11:55:42,Pending,2738.65
313,597,2025-07-15 09:49:38,Completed,1518.56
314,834,2023-12-31 14:10:06,Pending,118.3
315,437,2024-04-29 20:48:13,Pending,489.85
316,684,2024-04-05 04:48:20,Completed,1730.3500000000001
317,509,2024-08-26 13:33:12,Completed,1337.55
318,787,2025-06-03 15:03:24,Completed,509.48
319,111,2025-10-12 13:36:21,Completed,4460.84
320,119,2024-07-28 06:06:03,Cancelled,226.38
321,294,2025-07-30 00:44:08,Pending,1291.8400000000001
322,870,2025-03-20 02:25:45,Pending,1560.6
323,997,2024-05-16 01:11:38,Completed,916.83
324,288,2025-07-22 19:47:24,Pending,2824.77
325,977,2024-03-03 03:25:33,Pending,1933.81
326,968,2025-07-30 16:49:25,Completed,123.93
327,724,2024-06-28 04:56:44,Pending,2298.55
328,182,2024-09-02 08:53:15,Cancelled,3491.07
329,715,2023-12-08 21:11:10,Completed,1310.02
330,939,2025-07-17 20:01:19,Completed,1094.69
331,800,2025-06-15 11:22:57,Completed,3455.02
332,693,2024-04-20 14:04:56,Cancelled,1394.29
333,455,2025-03-10 16:47:21,Completed,378.1
334,706,2023-12-05 02:56:53,Cancelled,387.14
335,91,2023-10-26 01:44:31,Completed,3180.2799999999997
336,704,2025-03-22 08:10:40,Completed,665.52
337,523,2025-10-11 18:19:46,Pending,495.64
338,954,2024-05-17 05:12:00,Cancelled,215.76
339,471,2024-10-13 11:43:29,Completed,3611.31
340,919,2023-12-02 04:47:41,Completed,1758.29
341,885,2025-08-02 04:21:55,Cancelled,1771.85
342,939,2025-09-25 17:48:20,Cancelled,1758.2600000000002
343,942,2023-11-22 17:12:32,Completed,432.72
344,603,2024-04-07 21:57:11,Cancelled,714.45
345,734,2024-10-19 23:53:45,Cancelled,1008.02
346,142,2025-09-25 12:03:21,Cancelled,2377.1
347,503,2025-06-26 21:02:45,Cancelled,818.34
348,963,2024-10-30 04:18:31,Cancelled,2330.5
349,929,2025-08-17 00:49:32,Cancelled,2041.5
350,214,2025-01-04 08:39:01,Completed,992.6400000000001
351,515,2024-02-14 03:45:45,Cancelled,1443.9
352,450,2025-04-08 08:24:45,Completed,722.6500000000001
353,438,2024-09-10 20:16:31,Pending,2311.13
354,650,2023-12-04 19:51:57,Completed,1962.57
355,696,2024-03-09 22:11:45,Cancelled,3660.05
356,367,2024-04-12 08:53:05,Completed,1063.11
357,195,2024-07-10 06:54:17,Pending,430.41999999999996
358,536,2024-02-03 00:01:48,Pending,2214.6
359,569,2024-03-29 04:18:07,Cancelled,3424.89
360,528,2025-03-18 13:19:55,Cancelled,921.16
361,990,2025-04-01 22:24:29,Cancelled,1098.33
362,338,2024-03-05 19:53:39,Completed,1762.44
363,265,2025-03-01 15:18:52,Completed,1894.6000000000001
364,747,2024-06-06 13:45:37,Pending,3185.05
365,871,2025-02-21 20:33:02,Cancelled,2071.29
366,453,2024-07-28 11:07:27,Cancelled,2124.94
367,936,2023-11-10 19:29:14,Completed,2708.84
368,215,2025-02-08 11:23:58,Completed,1195.96
369,359,2025-03-01 15:32:53,Pending,644.35
370,851,2024-05-10 23:23:35,Cancelled,1479.5700000000002
371,513,2025-05-25 11:37:35,Pending,1600.17
372,598,2025-04-07 08:26:43,Pending,1149.22
373,812,2024-03-20 19:53:14,Cancelled,4088.75
374,911,2024-12-30 21:34:25,Cancelled,2288.6
375,410,2023-11-13 22:50:32,Cancelled,551.75
376,305,2024-12-27 04:08:23,Cancelled,152.3
377,607,2025-04-23 09:07:09,Completed,1132.1399999999999
378,622,2024-10-13 06:53:24,Completed,2704.78
379,720,2025-07-08 11:02:24,Pending,257.74
380,232,2024-05-03 03:20:35,Pending,3282.54
381,45,2025-08-09 16:38:51,Cancelled,1131.96
382,658,2024-05-17 08:17:13,Cancelled,359.64
383,332,2024-11-05 21:14:31,Cancelled,5161.69
384,1000,2025-03-07 04:14:42,Completed,838.9100000000001
385,134,2025-06-05 18:37:49,Cancelled,1619.8600000000001
386,311,2024-08-10 12:37:21,Cancelled,1509.3
387,502,2024-12-18 01:25:25,Completed,3498.59
388,999,2025-02-14 05:57:06,Cancelled,3230.7200000000003
389,83,2024-11-30 10:28:08,Cancelled,2648.46
390,296,2024-12-05 06:22:09,Cancelled,1649.07
391,901,2023-11-28 12:49:21,Pending,1922.1
392,379,2024-04-08 23:55:32,Cancelled,1049.1799999999998
393,950,2025-04-19 05:46:29,Cancelled,821.36
394,375,2025-05-10 04:52:08,Cancelled,3674.0099999999998
395,469,2025-01-26 14:19:19,Cancelled,2131.61
396,972,2024-10-06 19:31:17,Pending,284.11
397,838,2025-05-07 03:05:48,Cancelled,4235.97
398,756,2024-08-20 18:35:03,Cancelled,141.52
399,401,2024-04-05 16:05:38,Pending,767.72
400,466,2024-12-24 11:38:18,Completed,1065.4
401,326,2025-05-12 20:04:26,Completed,2268.51
402,497,2023-12-06 02:46:19,Completed,1509.3
403,406,2024-03-20 14:17:34,Pending,1952.63
404,261,2025-09-22 21:45:49,Completed,1014.9100000000001
405,521,2025-07-03 01:41:16,Cancelled,4681.39
406,70,2024-07-19 20:51:11,Completed,2583.94
407,47,2025-03-31 20:36:49,Pending,482.22
408,748,2024-01-13 04:19:56,Pending,1435.3
409,489,2025-05-26 10:37:00,Cancelled,1625.25
410,497,2023-11-29 18:18:13,Completed,592.1
411,109,2024-03-03 05:45:38,Cancelled,158.81
412,32,2024-08-25 11:09:24,Cancelled,1805.77
413,524,2024-05-24 04:12:32,Pending,1867.82
414,482,2024-08-06 17:55:42,Completed,4088.0
415,408,2024-01-07 01:45:52,Cancelled,760.6
416,190,2025-07-23 19:42:12,Cancelled,3821.88
417,239,2025-02-26 03:59:54,Cancelled,3476.37
418,870,2024-05-30 12:43:35,Completed,816.77
419,344,2024-01-22 11:18:45,Cancelled,3451.85
420,645,2024-07-27 13:27:53,Pending,3264.02
421,85,2024-02-14 19:42:19,Cancelled,1616.35
422,382,2025-06-22 05:52:10,Pending,2478.2
423,882,2024-06-09 18:52:23,Cancelled,3906.25
424,268,2024-02-22 21:16:17,Cancelled,590.9
425,246,2024-09-02 16:08:00,Completed,1837.04
426,268,2025-03-21 18:42:04,Cancelled,1620.74
427,99,2024-03-04 01:02:19,Pending,1926.1100000000001
428,512,2025-06-22 16:53:58,Cancelled,1863.83
429,751,2025-03-12 03:07:25,Completed,346.28
430,491,2024-02-09 13:18:51,Cancelled,918.63
431,366,2025-03-31 08:40:48,Completed,2613.0600000000004
432,831,2024-05-26 03:20:02,Cancelled,604.63
433,688,2025-04-08 02:02:03,Cancelled,2926.24
434,549,2024-10-19 14:47:26,Cancelled,760.6
435,651,2025-04-06 17:45:21,Pending,1233.03
436,792,2024-06-28 02:19:06,Pending,1031.6100000000001
437,543,2024-10-18 12:46:47,Cancelled,1275.6399999999999
438,282,2024-05-29 06:47:36,Pending,1037.86
439,31,2024-01-04 14:35:46,Completed,225.2
440,364,2025-02-08 11:22:37,Pending,1215.55
441,572,2025-02-17 20:11:09,Pending,135.12
442,104,2025-08-25 01:47:09,Pending,1434.0
443,829,2024-04-02 01:53:48,Cancelled,1935.05
444,151,2024-01-27 22:53:49,Cancelled,548.07
445,867,2024-02-18 11:47:00,Cancelled,1157.49
446,393,2025-05-29 06:47:55,Cancelled,321.93
447,747,2025-07-07 17:06:04,Pending,2779.9399999999996
448,600,2025-08-28 18:35:14,Cancelled,2161.54
449,747,2024-05-06 08:49:54,Pending,426.76
450,837,2024-10-13 17:50:18,Completed,493.72
451,138,2025-04-04 20:45:06,Cancelled,128.87
452,864,2024-06-04 03:39:11,Completed,2695.06
453,315,2025-05-30 20:07:59,Pending,2707.2
454,401,2024-09-23 01:09:28,Pending,451.7
455,612,2023-12-14 15:33:00,Cancelled,456.03999999999996
456,788,2024-12-28 12:35:16,Completed,2583.74
457,159,2025-10-05 07:54:43,Pending,4639.69
458,55,2023-12-22 16:24:40,Pending,1292.29
459,626,2024-07-12 00:46:08,Pending,2728.56
460,197,2025-08-01 07:01:18,Completed,3244.75
461,98,2024-07-21 09:57:03,Pending,2894.2999999999997
462,515,2024-08-04 00:14:32,Pending,3946.51
463,482,2025-08-15 20:12:05,Pending,3079.6099999999997
464,749,2025-05-17 04:59:41,Cancelled,2686.13
465,736,2023-10-31 15:53:28,Pending,1602.24
466,241,2024-12-14 13:44:55,Cancelled,1982.2
467,282,2025-01-23 15:13:35,Completed,1449.99
468,82,2025-08-09 20:01:44,Pending,2815.99
469,985,2023-10-29 15:10:42,Completed,4556.3
470,527,2025-09-21 22:44:05,Cancelled,2088.5899999999997
471,412,2023-11-10 13:15:48,Cancelled,2914.33
472,823,2024-11-16 21:03:33,Completed,2958.9300000000003
473,6,2024-08-01 06:20:46,Completed,577.79
474,893,2025-03-17 21:01:13,Pending,1359.31
475,591,2024-08-20 23:17:38,Completed,221.84
476,184,2025-08-01 17:49:50,Cancelled,794.05
477,450,2023-12-30 15:26:12,Completed,612.42
478,98,2025-04-23 15:55:49,Cancelled,3428.4300000000003
479,849,2025-05-17 22:15:19,Pending,4846.23
480,910,2024-12-12 12:33:19,Pending,432.49
481,590,2023-12-05 12:59:09,Pending,427.26
482,506,2025-05-22 10:41:56,Cancelled,806.07
483,819,2025-08-05 20:12:12,Cancelled,1982.56
484,323,2025-03-08 03:43:21,Cancelled,2803.18
485,649,2024-07-08 18:38:10,Cancelled,1016.46
486,201,2024-02-04 17:46:42,Cancelled,1103.98
487,586,2025-07-06 13:08:52,Completed,2959.26
488,301,2024-08-01 18:06:45,Pending,1443.44
489,405,2024-06-27 18:58:47,Cancelled,2423.03
490,932,2024-12-23 12:34:30,Completed,225.85
491,11,2025-04-01 17:49:18,Cancelled,214.08
492,380,2024-02-15 21:02:37,Completed,434.7
493,788,2025-02-07 12:52:03,Completed,355.26
494,107,2025-03-10 07:51:10,Pending,1838.62
495,570,2025-09-10 01:28:39,Cancelled,403.2
496,242,2024-12-24 00:15:42,Pending,79.43
497,248,2024-06-15 14:08:01,Completed,820.28
498,310,2025-10-15 10:03:49,Cancelled,3220.48
499,183,2025-03-03 09:17:59,Completed,4919.719999999999
500,457,2025-01-29 01:09:58,Cancelled,2457.96
501,44,2025-07-24 23:51:18,Completed,3185.66
502,66,2025-03-11 14:21:29,Pending,3369.29
503,673,2024-09-17 02:10:44,Completed,113.1
504,830,2025-02-18 03:29:47,Cancelled,2101.2799999999997
505,315,2025-10-09 00:38:36,Cancelled,2940.94
506,309,2025-05-17 16:55:11,Completed,993.1600000000001
507,755,2024-03-05 22:50:07,Cancelled,2837.16
508,56,2025-04-17 17:02:11,Pending,1904.05
509,125,2023-12-16 20:28:21,Cancelled,1106.3500000000001
510,708,2025-05-07 17:56:43,Completed,1856.31
511,248,2024-05-09 02:52:43,Completed,4932.8099999999995
512,39,2024-09-10 03:32:54,Completed,1858.52
513,876,2025-03-30 15:48:32,Pending,2386.95
514,595,2023-12-17 02:49:58,Pending,987.44
515,60,2024-06-02 10:32:39,Pending,3707.4399999999996
516,320,2025-08-03 11:55:27,Completed,634.32
517,115,2023-12-27 22:50:21,Completed,1469.13
518,971,2024-06-23 11:07:03,Completed,960.71
519,158,2024-12-21 05:26:47,Cancelled,3139.86
520,734,2024-08-03 22:04:42,Pending,3269.98
521,3,2025-09-19 13:49:27,Completed,135.48
522,770,2024-08-04 21:28:50,Completed,665.52
523,931,2025-06-14 23:35:45,Completed,173.14
524,979,2025-02-21 09:45:38,Pending,647.61
525,447,2023-12-25 08:23:19,Cancelled,1666.38
526,455,2024-01-07 08:11:27,Pending,2046.05
527,165,2024-01-20 20:36:12,Cancelled,3412.42
528,807,2025-06-02 03:36:01,Pending,1340.0700000000002
529,603,2023-11-06 20:19:00,Cancelled,225.18
530,181,2024-12-18 13:40:58,Pending,766.84
531,270,2024-02-11 18:21:31,Pending,4260.07
532,630,2025-06-07 04:13:58,Completed,714.5
533,520,2024-04-15 16:04:02,Cancelled,1663.96
534,250,2025-10-20 14:03:49,Cancelled,3446.99
535,112,2025-07-09 16:11:53,Pending,451.05
536,4,2023-11-01 06:46:45,Completed,1991.3200000000002
537,923,2024-04-09 09:21:06,Cancelled,3832.41
538,512,2024-08-05 10:27:03,Pending,1078.08
539,556,2024-10-04 17:27:49,Completed,2257.45
540,512,2025-08-09 02:35:03,Pending,2225.96
541,527,2023-10-28 16:11:38,Pending,1251.92
542,94,2025-04-28 12:30:34,Cancelled,1840.5900000000001
543,900,2024-08-08 05:40:17,Cancelled,2474.45
544,762,2025-06-05 15:01:55,Cancelled,1925.0
545,711,2025-02-20 20:31:43,Cancelled,4009.2200000000003
546,310,2023-11-27 00:49:31,Completed,2409.48
547,747,2025-07-20 11:17:58,Cancelled,1446.6
548,723,2025-02-08 06:45:35,Completed,269.7
549,946,2025-09-03 03:43:56,Completed,1028.15
550,702,2025-09-10 12:24:09,Pending,2163.1
551,57,2024-03-31 08:57:04,Completed,566.62
552,683,2024-04-12 06:01:58,Pending,225.67999999999998
553,627,2025-10-06 04:47:27,Cancelled,406.3
554,640,2025-01-17 03:38:58,Cancelled,3740.46
555,914,2024-12-06 19:05:09,Completed,2583.53
556,962,2024-05-01 02:22:53,Pending,4189.780000000001
557,142,2025-05-26 14:41:12,Completed,1321.71
558,911,2025-10-16 04:57:48,Cancelled,1155.38
559,547,2024-06-06 12:00:44,Cancelled,4105.7
560,654,2025-06-26 05:10:39,Cancelled,2158.94
561,216,2025-03-29 01:41:16,Completed,1860.9
562,210,2025-08-24 00:13:21,Pending,1371.51
563,43,2025-01-28 01:11:45,Pending,1414.6399999999999
564,981,2024-04-13 21:58:39,Cancelled,759.28
565,831,2025-06-30 12:28:00,Pending,1382.71
566,104,2024-10-21 20:50:54,Pending,509.48
567,367,2024-03-10 20:47:05,Pending,1170.45
568,420,2024-10-28 13:33:30,Cancelled,1631.03
569,687,2024-07-29 10:12:40,Cancelled,3120.7599999999998
570,301,2024-10-03 08:08:17,Cancelled,1268.38
571,897,2024-01-03 10:18:07,Pending,1477.09
572,897,2024-06-14 22:30:16,Pending,1341.3700000000001
573,28,2024-03-31 00:59:25,Cancelled,341.85
574,649,2025-10-19 22:29:07,Pending,2775.6
575,765,2025-07-05 08:27:17,Completed,2777.5299999999997
576,432,2025-03-03 15:51:20,Completed,6236.23
577,281,2025-03-23 14:13:07,Pending,2778.09
578,130,2025-08-16 22:53:23,Completed,641.4
579,489,2025-10-16 02:31:42,Cancelled,2057.4900000000002
580,87,2025-03-28 18:56:30,Cancelled,3242.1899999999996
581,32,2024-10-17 09:14:47,Pending,695.24
582,931,2025-09-10 10:25:57,Pending,1901.42
583,799,2024-05-03 21:26:14,Cancelled,3449.3500000000004
584,569,2024-01-20 03:45:26,Completed,2553.4300000000003
585,325,2024-07-16 19:15:30,Completed,2038.3000000000002
586,733,2024-01-29 06:07:53,Cancelled,3861.87
587,413,2024-05-24 08:51:31,Cancelled,1409.49
588,414,2024-12-02 04:53:21,Completed,118.42
589,842,2025-07-08 13:12:50,Pending,2465.26
590,870,2025-02-16 06:30:35,Completed,761.35
591,415,2024-09-11 11:56:19,Pending,791.6999999999999
592,750,2025-03-01 02:11:31,Cancelled,3527.91
593,3,2025-07-28 13:55:13,Cancelled,1986.05
594,167,2024-06-13 20:25:46,Pending,1370.47
595,682,2025-01-12 04:20:08,Cancelled,1465.38
596,971,2024-11-11 01:03:15,Pending,890.5699999999999
597,324,2025-04-17 00:58:19,Completed,3020.42
598,485,2023-11-12 00:05:33,Cancelled,1922.0500000000002
599,776,2024-10-16 20:19:13,Pending,4827.4
600,930,2024-07-08 19:08:55,Cancelled,317.62
601,200,2025-06-16 02:28:05,Pending,1785.78
602,8,2024-12-04 01:28:00,Completed,3759.8
603,6,2024-09-11 03:22:47,Pending,2080.9500000000003
604,572,2024-07-30 13:51:31,Pending,159.99
605,616,2024-11-04 09:14:43,Pending,1284.67
606,466,2024-11-22 14:00:22,Completed,4432.07
607,238,2025-05-02 21:10:02,Cancelled,135.48
608,169,2025-07-07 22:41:48,Completed,41.31
609,840,2024-02-28 00:32:35,Completed,190.5
610,711,2025-04-21 08:49:48,Cancelled,3233.46
611,526,2025-04-16 11:56:31,Pending,1991.56
612,439,2023-12-20 19:35:08,Pending,235.71
613,499,2025-07-25 03:09:57,Pending,2548.28
614,489,2024-08-10 05:26:56,Cancelled,285.78
615,231,2025-02-16 15:37:40,Pending,317.74
616,312,2024-10-10 17:15:57,Cancelled,171.18
617,946,2025-06-16 02:01:12,Pending,2641.2000000000003
618,694,2024-03-29 15:14:15,Pending,2667.9700000000003
619,107,2024-03-03 21:02:52,Cancelled,2301.1400000000003
620,560,2023-11-24 10:21:57,Cancelled,2525.75
621,143,2025-05-23 16:01:32,Completed,2211.03
622,265,2025-10-07 08:47:02,Completed,2575.56
623,403,2024-06-18 02:51:46,Cancelled,2246.23
624,311,2024-11-07 03:25:59,Cancelled,2915.6800000000003
625,396,2025-10-15 08:20:06,Cancelled,1832.47
626,524,2024-02-22 10:27:27,Completed,2535.0
627,730,2024-10-02 12:58:17,Pending,1682.6599999999999
628,126,2024-04-20 14:46:15,Cancelled,1537.68
629,83,2024-04-22 22:27:17,Pending,756.2
630,226,2024-04-12 09:50:09,Completed,1109.2
631,674,2025-10-05 17:38:06,Cancelled,1471.3
632,26,2025-02-11 16:00:37,Cancelled,2604.52
633,668,2024-08-19 21:49:59,Completed,1775.4699999999998
634,62,2023-12-10 08:12:38,Completed,142.89
635,317,2025-10-02 03:41:27,Pending,999.05
636,259,2024-10-04 04:34:07,Pending,1766.09
637,153,2025-03-05 15:08:37,Completed,774.9
638,469,2025-07-19 06:57:57,Completed,2872.6000000000004
639,433,2025-07-11 04:59:16,Completed,2946.39
640,577,2023-11-16 01:38:39,Pending,1085.67
641,242,2023-10-25 09:34:47,Completed,934.08
642,992,2024-10-17 05:50:11,Pending,5155.7
643,729,2024-12-04 21:40:19,Completed,1581.23
644,44,2025-08-15 02:00:07,Pending,2335.2200000000003
645,628,2025-10-08 12:32:49,Cancelled,2391.06
646,257,2025-02-07 12:01:24,Pending,1416.96
647,980,2024-02-19 17:06:49,Pending,1507.8
648,55,2024-04-02 00:45:49,Cancelled,264.39
649,409,2025-08-09 09:57:10,Completed,768.32
650,575,2025-09-02 03:40:54,Completed,3120.93
651,655,2024-02-10 03:18:01,Pending,3200.13
652,384,2025-03-09 08:31:29,Cancelled,825.3599999999999
653,686,2025-07-07 21:56:11,Pending,3357.6499999999996
654,21,2024-12-04 16:45:18,Cancelled,778.63
655,594,2025-03-20 04:38:14,Pending,387.14
656,59,2024-04-15 04:09:07,Completed,2118.84
657,154,2025-08-12 15:04:40,Cancelled,591.26
658,171,2025-06-27 19:48:45,Pending,1893.71
659,184,2025-01-11 07:04:56,Completed,377.56
660,221,2025-09-25 13:12:05,Pending,3318.34
661,291,2024-05-19 02:13:00,Pending,3500.3900000000003
662,862,2023-10-31 07:09:05,Cancelled,1150.1599999999999
663,819,2024-03-27 02:53:59,Cancelled,2291.7799999999997
664,637,2024-08-15 08:48:42,Completed,1989.7
665,227,2025-07-08 08:09:57,Pending,3053.19
666,481,2025-06-08 23:15:01,Cancelled,1673.49
667,239,2024-03-31 23:38:38,Pending,1465.6999999999998
668,546,2025-02-28 02:03:31,Cancelled,305.97
669,684,2025-07-28 11:28:54,Pending,1430.46
670,685,2025-08-02 08:11:28,Cancelled,2835.0
671,981,2024-06-26 05:57:56,Cancelled,1643.46
672,54,2025-06-29 15:56:44,Completed,317.62
673,458,2025-01-06 16:28:11,Pending,277.65999999999997
674,547,2025-01-05 17:44:13,Cancelled,907.6
675,772,2025-10-19 01:48:05,Pending,3525.8
676,955,2024-08-08 11:42:58,Cancelled,757.25
677,732,2025-08-18 23:44:42,Cancelled,880.68
678,360,2025-04-24 21:25:07,Cancelled,1778.65
679,49,2024-02-28 11:42:40,Completed,3597.98
680,746,2025-07-01 04:20:39,Cancelled,704.46
681,371,2024-01-25 13:47:38,Pending,1704.51
682,954,2025-02-14 11:01:23,Cancelled,4199.4800000000005
683,639,2024-02-12 22:13:40,Pending,1792.43
684,780,2024-10-24 23:38:59,Completed,2788.92
685,478,2024-10-04 07:34:12,Cancelled,2028.23
686,353,2024-03-31 07:25:52,Pending,1292.48
687,936,2024-03-13 13:20:38,Pending,3369.73
688,639,2025-07-07 05:08:13,Completed,295.75
689,113,2024-09-25 02:37:28,Completed,1484.5500000000002
690,488,2025-03-09 00:38:42,Completed,926.7
691,878,2024-07-17 15:46:09,Completed,1519.24
692,785,2025-10-19 08:56:37,Completed,2096.25
693,994,2025-07-09 04:27:10,Cancelled,1169.74
694,412,2024-02-20 19:50:10,Completed,509.48
695,124,2024-11-07 20:02:06,Completed,437.04
696,111,2024-07-06 06:07:55,Cancelled,2517.98
697,650,2024-09-07 04:37:04,Cancelled,5623.47
698,449,2025-05-06 06:23:24,Cancelled,2061.93
699,201,2024-11-21 05:01:59,Cancelled,1315.52
700,744,2024-09-27 05:03:34,Completed,4529.87
701,302,2024-06-19 10:53:45,Pending,140.37
702,617,2024-04-01 09:37:08,Cancelled,812.59
703,949,2024-05-21 09:51:19,Pending,1120.7
704,226,2025-08-23 04:54:12,Pending,1297.55
705,269,2023-12-24 13:03:50,Pending,714.19
706,900,2024-04-02 15:03:36,Cancelled,2994.44
707,967,2024-02-27 03:29:04,Completed,3533.37
708,267,2024-08-08 12:05:58,Completed,2102.5
709,653,2024-10-06 23:25:44,Completed,3300.7799999999997
710,19,2024-08-30 06:39:36,Cancelled,1202.3
711,203,2025-08-04 11:48:40,Cancelled,1420.76
712,184,2025-06-08 12:22:10,Completed,2687.16
713,666,2025-04-28 05:38:49,Completed,2548.82
714,794,2024-11-13 11:39:20,Completed,2411.4
715,883,2024-04-03 00:48:53,Completed,2844.5
716,240,2024-10-10 11:54:10,Cancelled,768.32
717,537,2025-10-06 02:15:56,Completed,428.16
718,544,2024-11-10 23:03:06,Cancelled,1625.47
719,304,2024-01-04 12:21:36,Pending,537.96
720,675,2024-11-21 06:16:42,Pending,1426.1000000000001
721,315,2024-01-09 02:26:02,Cancelled,1488.72
722,659,2024-09-24 08:25:16,Pending,369.1
723,188,2025-01-28 08:39:51,Completed,2763.77
724,811,2024-09-23 02:49:36,Completed,955.84
725,91,2024-01-11 01:10:53,Pending,1337.82
726,613,2025-04-29 21:58:44,Pending,391.05
727,471,2024-04-07 19:14:30,Pending,1480.4199999999998
728,161,2025-02-10 12:00:23,Pending,1815.42
729,989,2024-03-19 20:42:18,Completed,2583.7000000000003
730,403,2024-01-24 18:53:53,Pending,1175.13
731,688,2024-10-03 17:29:02,Completed,711.9
732,814,2024-05-01 02:47:11,Pending,3070.26
733,657,2024-09-01 09:52:24,Pending,1751.3099999999997
734,777,2025-08-01 13:04:45,Cancelled,1421.72
735,45,2024-02-10 17:04:01,Completed,180.91
736,55,2023-12-02 19:35:31,Cancelled,3101.92
737,249,2024-07-03 23:53:29,Completed,2623.6800000000003
738,235,2024-10-30 20:08:42,Pending,1116.54
739,544,2024-03-01 02:35:35,Completed,1749.8600000000001
740,449,2024-04-13 10:02:15,Pending,3175.64
741,174,2025-08-03 05:33:22,Cancelled,1987.6999999999998
742,107,2025-02-02 10:10:02,Cancelled,635.24
743,575,2024-09-29 10:42:01,Completed,5531.26
744,457,2024-11-07 19:28:39,Completed,2312.02
745,843,2024-06-08 06:51:00,Cancelled,913.02
746,745,2025-07-19 11:44:29,Cancelled,2022.13
747,213,2025-06-04 01:20:24,Completed,1608.13
748,198,2024-08-04 00:26:33,Pending,3392.8500000000004
749,213,2024-12-23 03:58:54,Completed,379.64
750,567,2024-06-13 15:24:48,Cancelled,1815.2
751,897,2025-04-03 10:57:49,Pending,2631.61
752,682,2025-07-03 08:14:44,Cancelled,787.99
753,853,2024-05-03 00:20:38,Completed,152.4
754,379,2024-02-10 12:46:17,Cancelled,2674.08
755,84,2023-11-15 06:25:34,Cancelled,1626.36
756,480,2025-09-25 16:11:10,Completed,4221.55
757,264,2023-11-09 13:48:53,Pending,1772.01
758,343,2024-08-20 07:32:54,Completed,1014.3499999999999
759,333,2025-05-02 03:42:44,Pending,3093.29
760,36,2025-05-20 14:38:37,Completed,1421.72
761,536,2025-06-22 14:46:56,Cancelled,1740.4
762,580,2024-11-07 09:23:17,Completed,1379.01
763,241,2025-01-31 05:11:58,Pending,509.48
764,803,2024-09-05 07:16:06,Pending,326.91999999999996
765,544,2024-05-30 00:11:38,Cancelled,477.45
766,534,2024-01-19 00:45:50,Cancelled,799.69
767,660,2024-10-27 09:05:39,Pending,1737.86
768,481,2024-03-05 14:37:20,Completed,592.1
769,312,2025-04-15 09:58:08,Cancelled,3562.8
770,47,2024-09-14 18:47:46,Pending,3554.05
771,678,2024-08-28 13:32:57,Cancelled,1396.45
772,383,2024-07-02 07:54:09,Cancelled,2257.94
773,1,2023-12-09 01:07:49,Completed,2344.91
774,405,2024-03-27 20:54:12,Pending,1398.3
775,879,2024-09-20 18:39:34,Completed,1496.06
776,574,2025-05-22 21:30:29,Pending,4869.51
777,398,2024-11-07 15:21:37,Cancelled,1388.6
778,350,2025-08-22 21:11:42,Pending,865.7
779,511,2025-01-06 19:34:04,Pending,1463.56
780,191,2024-10-30 09:14:11,Pending,1710.6799999999998
781,626,2024-04-26 16:23:29,Pending,2361.36
782,395,2025-09-24 01:03:59,Pending,408.3
783,852,2025-06-02 07:09:40,Completed,3359.09
784,845,2024-11-20 06:40:23,Cancelled,35.95
785,348,2024-01-09 00:31:30,Pending,939.28
786,483,2024-03-14 07:49:14,Pending,1759.6999999999998
787,844,2024-08-01 20:54:53,Completed,2050.65
788,824,2024-02-26 11:23:53,Cancelled,927.62
789,481,2024-09-01 06:59:47,Pending,1720.01
790,169,2024-03-16 01:50:55,Cancelled,2191.78
791,577,2024-09-07 01:25:46,Pending,483.08
792,601,2024-06-10 16:01:56,Completed,1490.6000000000001
793,792,2024-02-12 16:58:57,Cancelled,2459.68
794,895,2025-09-16 18:05:57,Completed,1029.43
795,523,2024-05-05 02:45:15,Cancelled,2478.2
796,536,2023-10-23 00:55:12,Cancelled,2680.54
797,90,2023-12-24 15:54:56,Cancelled,450.36
798,240,2023-11-14 18:00:22,Cancelled,3352.3999999999996
799,864,2024-11-14 14:14:39,Cancelled,2272.02
800,445,2025-01-30 18:56:47,Cancelled,3385.8
801,714,2024-02-03 07:04:57,Cancelled,1605.52
802,86,2025-08-04 02:54:31,Cancelled,447.67
803,949,2024-04-19 09:37:32,Cancelled,706.5
804,346,2023-12-30 11:39:30,Completed,114.12
805,898,2025-10-15 15:43:57,Completed,285.78
806,563,2025-03-03 00:48:37,Cancelled,3028.2799999999997
807,753,2023-12-06 19:14:41,Completed,727.2
808,35,2023-11-08 15:26:45,Pending,4345.42
809,956,2024-05-04 17:08:53,Cancelled,1801.22
810,516,2025-07-14 22:06:10,Completed,2437.06
811,555,2024-08-03 16:07:26,Pending,3529.37
812,585,2025-04-08 13:16:22,Cancelled,427.68
813,767,2024-02-24 17:37:23,Pending,1324.7
814,691,2025-10-08 14:35:34,Cancelled,705.1
815,255,2025-03-17 04:48:17,Pending,306.21
816,786,2025-05-09 23:11:44,Completed,856.32
817,82,2024-04-07 21:30:51,Cancelled,1940.89
818,339,2025-09-29 00:25:11,Completed,2603.72
819,673,2024-02-16 05:38:12,Completed,3895.1
820,495,2024-08-02 22:34:39,Cancelled,1090.17
821,274,2024-06-22 04:36:11,Completed,1498.1
822,175,2024-12-15 22:02:06,Cancelled,360.79999999999995
823,760,2024-01-12 05:08:33,Cancelled,2007.31
824,930,2024-08-25 00:09:15,Cancelled,1323.5900000000001
825,912,2025-06-03 06:36:10,Pending,4440.14
826,49,2024-03-23 23:07:01,Completed,3012.21
827,111,2024-10-17 20:23:37,Completed,3318.12
828,73,2025-02-24 15:52:14,Cancelled,1737.08
829,588,2023-11-28 03:04:40,Cancelled,1025.35
830,650,2024-05-11 22:54:33,Pending,1977.44
831,848,2024-01-03 05:56:28,Cancelled,1947.9099999999999
832,464,2024-04-05 19:43:12,Pending,3325.9
833,42,2025-07-15 02:39:00,Pending,990.17
834,361,2024-11-13 20:22:20,Cancelled,355.43
835,884,2023-11-27 00:26:57,Completed,1331.16
836,208,2024-10-31 15:51:29,Pending,1873.2800000000002
837,257,2025-04-26 00:10:12,Pending,316.11
838,323,2024-07-26 08:29:01,Pending,2308.4
839,47,2025-08-16 09:23:15,Completed,1104.3
840,437,2024-06-26 13:49:43,Pending,2473.74
841,953,2024-12-27 18:15:04,Cancelled,839.88
842,660,2024-03-31 12:38:29,Pending,859.38
843,450,2024-07-11 10:20:52,Completed,3281.33
844,258,2025-01-29 16:42:37,Pending,1858.7
845,728,2024-10-31 12:57:42,Pending,3622.3900000000003
846,29,2024-07-08 06:33:07,Pending,1889.63
847,455,2024-07-15 14:43:21,Completed,1528.8400000000001
848,154,2025-04-15 19:21:09,Completed,82.8
849,871,2023-12-23 01:35:54,Cancelled,707.1600000000001
850,252,2024-04-30 03:21:22,Pending,60.92
851,29,2024-12-19 16:32:45,Cancelled,3178.8
852,177,2024-12-27 06:43:00,Cancelled,123.93
853,170,2024-05-15 08:00:06,Completed,788.7
854,109,2025-01-01 15:49:07,Pending,1820.0600000000002
855,673,2024-11-26 08:48:32,Cancelled,3153.02
856,601,2025-06-16 07:36:28,Completed,760.56
857,237,2024-05-25 00:35:25,Completed,901.31
858,982,2025-05-24 05:53:48,Cancelled,1019.52
859,690,2024-12-30 10:29:55,Completed,721.49
860,330,2024-04-20 15:27:56,Pending,665.52
861,477,2025-03-03 18:44:06,Cancelled,334.71
862,416,2023-10-28 07:51:16,Pending,1143.98
863,663,2025-10-05 14:57:38,Cancelled,1382.4299999999998
864,954,2024-01-11 14:03:56,Cancelled,3069.65
865,773,2025-05-06 19:43:20,Pending,4269.43
866,119,2024-09-25 21:13:22,Cancelled,1445.02
867,27,2025-06-16 00:57:42,Pending,1324.47
868,709,2024-08-19 11:15:13,Completed,1302.81
869,779,2025-08-24 12:15:20,Pending,2483.0600000000004
870,573,2025-02-23 07:20:31,Completed,2380.3
871,745,2024-04-28 17:19:16,Pending,2135.31
872,187,2025-03-29 14:35:00,Pending,1717.14
873,770,2024-01-15 16:27:30,Completed,434.67999999999995
874,918,2024-04-15 12:21:42,Pending,2123.4
875,140,2024-10-10 07:26:06,Cancelled,3853.23
876,781,2024-05-27 05:17:58,Pending,186.32
877,514,2024-12-16 01:08:07,Cancelled,1306.55
878,818,2024-11-04 22:13:34,Cancelled,1740.7
879,511,2024-03-03 17:28:01,Completed,2856.02
880,608,2023-11-08 21:08:53,Pending,1304.0
881,796,2025-01-10 03:20:16,Completed,571.16
882,98,2023-12-25 23:44:18,Completed,1211.14
883,928,2024-10-20 05:22:04,Completed,1782.48
884,389,2024-12-26 19:04:32,Cancelled,2342.01
885,808,2023-12-11 21:03:25,Completed,203.42
886,65,2024-10-05 18:04:44,Cancelled,432.72
887,542,2024-05-09 19:33:34,Completed,922.19
888,166,2024-05-18 03:28:56,Pending,86.94
889,167,2024-07-17 22:36:40,Pending,4539.5599999999995
890,118,2024-03-01 01:50:58,Cancelled,728.08
891,254,2024-04-11 00:39:03,Cancelled,1560.22
892,133,2024-07-26 22:04:46,Completed,1093.4
893,264,2024-09-18 23:21:06,Pending,1710.3500000000001
894,450,2025-08-27 08:10:26,Completed,4552.889999999999
895,754,2025-01-30 21:57:14,Completed,542.66
896,615,2025-09-06 00:53:37,Pending,1227.46
897,484,2025-09-16 21:46:37,Completed,90.08
898,936,2024-10-23 03:55:47,Pending,658.59
899,789,2024-05-22 15:56:17,Cancelled,1232.59
900,538,2024-05-07 06:35:24,Pending,141.3
901,796,2024-12-10 11:40:29,Completed,2280.85
902,502,2025-08-13 10:36:16,Pending,306.21
903,469,2024-04-02 22:47:56,Completed,3854.13
904,936,2024-11-23 05:35:07,Pending,1737.2
905,442,2024-02-05 07:16:33,Completed,1218.59
906,737,2023-10-27 16:24:12,Cancelled,2484.21
907,559,2024-10-06 10:22:02,Cancelled,1855.93
908,569,2023-11-22 21:44:57,Completed,2724.42
909,288,2025-06-19 13:22:24,Completed,302.48
910,420,2024-12-28 19:49:21,Pending,1379.76
911,429,2024-07-20 08:27:21,Cancelled,477.92
912,182,2024-08-15 05:18:36,Cancelled,671.74
913,464,2025-09-10 17:14:47,Cancelled,389.85
914,820,2024-05-08 20:59:25,Pending,2073.31
915,122,2025-03-12 00:37:29,Cancelled,1142.02
916,490,2025-08-29 08:57:33,Pending,2904.25
917,319,2024-10-05 08:53:45,Completed,1944.87
918,253,2024-07-20 16:01:36,Cancelled,422.87
919,900,2024-03-23 08:15:15,Pending,372.18
920,205,2025-04-16 23:26:10,Completed,1996.21
921,87,2025-02-26 10:51:11,Completed,901.63
922,386,2025-02-19 13:06:33,Cancelled,807.8
923,124,2023-12-12 23:36:34,Cancelled,2075.52
924,937,2025-06-20 15:00:31,Completed,2524.64
925,161,2024-11-20 00:18:03,Pending,232.9
926,232,2024-06-17 04:57:08,Pending,1543.32
927,197,2023-10-31 23:29:06,Pending,2269.0
928,165,2023-11-25 22:24:59,Cancelled,83.36
929,62,2024-04-25 10:33:10,Completed,2239.69
930,598,2025-03-31 22:11:27,Completed,499.4
931,745,2025-04-16 06:28:53,Pending,1610.06
932,621,2025-04-15 11:13:01,Completed,3279.56
933,588,2024-09-15 00:58:34,Cancelled,710.86
934,822,2025-07-16 00:35:23,Completed,1580.55
935,83,2023-11-26 03:30:25,Pending,453.8
936,415,2023-10-25 17:36:36,Cancelled,2090.16
937,462,2024-01-15 19:06:29,Completed,1699.24
938,692,2024-02-28 16:12:18,Completed,30.46
939,205,2024-06-16 18:32:02,Pending,783.93
940,141,2024-03-05 21:21:01,Pending,2432.52
941,707,2025-01-02 06:54:45,Pending,1957.6999999999998
942,482,2024-03-13 23:05:22,Completed,2583.27
943,278,2025-08-01 01:37:29,Completed,989.4
944,21,2025-10-18 21:12:42,Completed,451.7
945,312,2024-01-19 07:02:17,Completed,3562.91
946,685,2025-06-22 20:46:42,Completed,378.1
947,172,2025-02-19 08:22:19,Pending,1837.6
948,207,2025-01-16 19:00:41,Pending,1751.54
949,102,2024-05-03 10:14:45,Cancelled,2615.2799999999997
950,503,2025-08-25 06:10:50,Completed,3005.93
951,664,2024-08-02 08:45:38,Cancelled,2226.3900000000003
952,730,2025-09-02 12:31:56,Cancelled,1187.28
953,109,2025-01-26 04:55:41,Pending,1099.62
954,423,2025-09-07 04:57:32,Pending,2018.79
955,131,2024-09-09 16:27:45,Completed,3009.04
956,927,2025-01-29 20:06:15,Cancelled,5477.95
957,765,2025-06-20 06:11:17,Cancelled,1575.23
958,732,2025-06-28 07:17:43,Pending,611.94
959,11,2024-05-24 02:51:51,Cancelled,723.64
960,853,2023-10-23 08:55:05,Cancelled,2803.72
961,252,2025-07-23 18:09:14,Completed,450.65
962,413,2024-11-09 00:17:36,Completed,2563.12
963,596,2025-05-26 08:38:29,Cancelled,2284.14
964,947,2024-08-02 12:54:27,Cancelled,1837.6
965,876,2025-06-28 05:17:56,Completed,1297.73
966,978,2024-09-06 20:52:05,Pending,748.12
967,206,2025-10-07 09:11:15,Pending,1241.59
968,966,2025-01-12 08:02:57,Pending,2937.17
969,622,2024-04-07 04:37:10,Completed,385.83
970,614,2025-07-08 18:34:10,Pending,568.22
971,92,2025-05-24 01:55:55,Cancelled,4559.17
972,707,2023-12-15 12:20:20,Pending,2611.35
973,214,2023-11-26 07:35:31,Pending,392.85
974,281,2024-03-05 02:31:42,Completed,1067.7
975,839,2025-01-05 13:43:02,Pending,748.12
976,59,2025-02-13 05:47:08,Pending,769.21
977,418,2024-10-01 04:55:38,Completed,2546.76
978,361,2025-04-30 21:17:12,Pending,1979.76
979,531,2024-06-11 07:12:00,Completed,67.86
980,193,2024-12-17 03:23:03,Cancelled,4875.48
981,60,2024-12-15 20:46:41,Pending,3984.54
982,952,2024-02-14 20:44:22,Completed,67.86
983,398,2024-06-14 00:32:07,Pending,2208.08
984,393,2024-06-22 13:48:54,Cancelled,1900.7600000000002
985,828,2024-10-01 21:28:05,Completed,1514.52
986,956,2024-12-19 09:02:28,Pending,1968.3000000000002
987,145,2025-08-03 16:06:18,Pending,629.34
988,505,2025-02-19 14:43:35,Completed,816.6
989,401,2024-05-16 00:13:09,Cancelled,944.46
990,802,2025-10-20 20:04:10,Cancelled,2579.26
991,595,2024-06-28 18:03:32,Cancelled,2203.12
992,49,2024-08-04 10:29:43,Completed,427.27
993,682,2024-07-01 04:22:07,Completed,1145.27
994,426,2025-09-30 11:09:41,Pending,3109.4
995,265,2025-02-10 07:07:51,Cancelled,1254.5400000000002
996,446,2024-05-10 13:59:54,Completed,399.65999999999997
997,961,2025-06-24 16:22:39,Completed,1493.67
998,913,2025-03-10 15:34:34,Cancelled,2126.7799999999997
999,623,2025-09-18 03:27:11,Cancelled,1525.69
1000,17,2025-06-15 13:49:33,Cancelled,2272.19
1001,684,2025-10-01 11:54:36,Pending,1439.3999999999999
1002,728,2024-03-27 08:00:02,Pending,2716.2
1003,883,2023-12-11 08:52:00,Cancelled,1243.81
1004,297,2025-02-10 16:26:10,Completed,2971.8999999999996
1005,28,2024-10-25 02:17:51,Completed,3130.3599999999997
1006,374,2024-05-22 10:33:46,Pending,2561.06
1007,501,2024-09-22 00:23:23,Pending,2052.79
1008,474,2024-02-29 04:13:07,Cancelled,158.86
1009,46,2024-09-14 06:46:15,Cancelled,666.3000000000001
1010,405,2024-04-23 13:39:00,Completed,139.74
1011,629,2025-08-08 23:30:05,Pending,3717.91
1012,960,2024-10-23 01:45:29,Pending,1361.4
1013,123,2025-08-28 17:04:34,Cancelled,434.7
1014,69,2025-02-23 10:39:29,Cancelled,266.61
1015,764,2025-09-08 13:19:29,Completed,1361.0500000000002
1016,360,2023-11-25 01:53:54,Cancelled,332.79
1017,895,2024-10-18 23:08:36,Completed,2695.96
1018,734,2024-01-06 04:51:39,Completed,1668.1000000000001
1019,641,2025-03-15 08:28:12,Cancelled,702.08
1020,616,2024-03-08 21:06:32,Cancelled,201.0
1021,298,2025-04-17 19:58:49,Cancelled,3746.22
1022,779,2025-10-15 16:20:17,Cancelled,2044.33
1023,129,2024-06-22 21:17:05,Completed,4066.1000000000004
1024,964,2025-01-05 20:17:58,Completed,2963.6800000000003
1025,669,2024-06-03 04:51:06,Cancelled,3774.9
1026,826,2023-10-29 13:23:19,Cancelled,1766.61
1027,445,2024-05-30 08:27:08,Cancelled,2573.2400000000002
1028,579,2025-02-14 17:24:16,Completed,221.95
1029,251,2024-10-20 04:02:23,Completed,1191.63
1030,19,2024-03-28 11:27:07,Pending,2529.6099999999997
1031,555,2024-08-22 21:37:20,Pending,1949.6799999999998
1032,35,2023-11-05 21:22:19,Cancelled,2206.51
1033,903,2024-11-25 15:39:56,Cancelled,1506.83
1034,658,2025-10-21 10:29:55,Pending,2622.48
1035,392,2025-05-14 19:03:09,Pending,32.27
1036,596,2023-12-13 04:05:11,Cancelled,2341.96
1037,62,2025-09-27 23:25:31,Pending,339.45
1038,840,2024-12-24 23:45:03,Completed,516.1800000000001
1039,701,2025-10-06 16:24:40,Pending,4831.94
1040,872,2024-03-01 10:49:12,Completed,1649.0
1041,738,2024-03-20 09:44:12,Completed,3135.8199999999997
1042,380,2025-10-09 01:55:44,Pending,2119.04
1043,924,2025-06-03 09:52:54,Cancelled,1790.94
1044,226,2025-08-31 11:17:36,Cancelled,358.54999999999995
1045,771,2024-07-24 03:17:06,Cancelled,3217.5
1046,631,2024-06-01 04:21:13,Cancelled,270.48
1047,618,2023-12-04 02:51:38,Cancelled,4272.57
1048,757,2025-01-21 01:44:50,Completed,1195.48
1049,249,2023-11-29 16:02:22,Cancelled,1671.8600000000001
1050,834,2025-10-06 21:11:16,Pending,2284.1800000000003
1051,218,2024-02-25 09:03:15,Pending,121.84
1052,222,2023-11-04 03:08:52,Cancelled,1699.05
1053,37,2025-05-24 18:03:57,Pending,1280.28
1054,36,2024-12-26 22:28:53,Pending,962.75
1055,860,2023-10-28 15:13:32,Pending,1590.33
1056,964,2025-05-14 00:43:46,Pending,602.49
1057,583,2025-09-01 20:54:00,Pending,1420.55
1058,54,2024-10-10 15:21:20,Completed,1331.16
1059,246,2024-03-08 01:27:16,Completed,592.1
1060,29,2024-08-02 08:32:28,Pending,2518.3199999999997
1061,157,2024-12-16 08:28:17,Cancelled,1958.11
1062,97,2024-10-25 12:18:08,Cancelled,1026.97
1063,984,2025-07-15 12:09:50,Pending,225.8
1064,203,2024-06-01 04:52:52,Cancelled,1848.17
1065,277,2025-10-08 23:13:56,Completed,1962.4
1066,882,2024-04-09 23:30:04,Cancelled,962.93
1067,266,2025-09-12 12:09:36,Cancelled,1252.96
1068,445,2025-07-03 16:59:56,Cancelled,3729.2799999999997
1069,751,2024-08-30 19:29:15,Pending,2189.84
1070,56,2025-07-07 10:53:49,Completed,2887.26
1071,263,2025-05-20 21:18:53,Completed,2469.17
1072,490,2025-06-23 18:01:06,Cancelled,744.81
1073,589,2025-06-20 15:15:30,Pending,3447.5299999999997
1074,269,2025-02-06 01:22:55,Completed,3434.37
1075,636,2025-09-09 14:56:58,Cancelled,3298.65
1076,598,2025-07-22 14:03:38,Cancelled,2839.4900000000002
1077,146,2024-04-01 15:22:01,Pending,2988.46
1078,504,2024-06-23 05:57:52,Completed,3767.46
1079,157,2025-05-21 18:29:34,Cancelled,2405.4700000000003
1080,152,2025-10-12 08:18:42,Completed,1011.03
1081,277,2025-03-02 03:19:36,Cancelled,3136.9
1082,889,2024-11-11 21:16:25,Completed,3411.6
1083,441,2023-12-25 19:52:16,Cancelled,2496.62
1084,701,2023-12-05 13:58:22,Cancelled,3899.17
1085,450,2024-11-23 23:26:43,Completed,3788.51
1086,116,2024-04-22 11:38:41,Cancelled,3493.46
1087,892,2024-09-30 16:38:21,Pending,2051.01
1088,332,2024-07-25 07:32:10,Cancelled,2480.74
1089,249,2025-06-27 14:56:50,Cancelled,722.12
1090,671,2025-06-13 04:06:40,Cancelled,5556.469999999999
1091,975,2024-08-02 19:17:31,Pending,446.28
1092,723,2024-04-15 16:45:59,Pending,278.15
1093,42,2025-01-12 16:59:23,Pending,783.08
1094,522,2025-03-15 19:38:31,Cancelled,2638.94
1095,817,2025-01-07 23:54:22,Pending,810.03
1096,329,2024-06-10 18:16:06,Completed,3141.1899999999996
1097,87,2025-05-07 02:24:40,Completed,3256.3900000000003
1098,376,2025-07-06 12:23:44,Pending,5516.98
1099,865,2024-04-26 07:03:03,Cancelled,4577.01
1100,676,2025-06-10 02:31:46,Completed,581.38
1101,6,2025-08-04 04:53:21,Cancelled,4251.69
1102,853,2024-12-08 11:15:55,Cancelled,55.2
1103,315,2024-10-30 22:00:18,Cancelled,369.1
1104,904,2025-01-11 18:33:30,Cancelled,516.13
1105,147,2025-07-19 01:43:22,Completed,2560.62
1106,414,2023-12-14 00:15:22,Pending,1843.56
1107,166,2024-11-29 12:51:40,Pending,2719.07
1108,836,2024-04-22 15:54:55,Cancelled,470.04999999999995
1109,900,2024-10-04 12:56:37,Pending,3763.22
1110,210,2025-06-27 00:08:43,Cancelled,1462.2600000000002
1111,147,2024-03-24 19:11:21,Completed,1073.31
1112,569,2024-02-12 10:50:21,Pending,458.13
1113,979,2025-08-14 13:54:11,Completed,1966.35
1114,497,2024-03-23 01:25:51,Cancelled,114.3
1115,734,2024-06-15 04:09:37,Completed,384.52000000000004
1116,558,2024-06-10 07:03:18,Cancelled,777.0400000000001
1117,229,2024-05-17 00:08:51,Completed,1640.27
1118,353,2025-04-24 07:49:33,Completed,3098.7200000000003
1119,736,2024-07-16 12:56:01,Cancelled,1881.33
1120,120,2024-12-02 07:57:29,Pending,2057.2
1121,449,2025-05-28 11:31:08,Completed,540.02
1122,278,2024-08-26 19:20:23,Pending,2538.69
1123,842,2025-07-15 10:54:53,Completed,378.1
1124,214,2024-04-22 09:33:33,Cancelled,1170.45
1125,839,2024-11-24 00:56:39,Pending,542.53
1126,469,2024-09-11 19:25:48,Completed,1060.08
1127,667,2025-07-05 23:09:15,Pending,1922.7
1128,305,2024-06-21 01:51:59,Pending,4105.55
1129,811,2024-10-18 10:16:57,Cancelled,2780.49
1130,453,2025-04-06 04:47:40,Pending,437.04
1131,810,2024-08-04 05:48:58,Completed,1078.92
1132,200,2025-05-09 02:56:54,Pending,1691.13
1133,367,2025-08-25 23:31:52,Cancelled,2012.65
1134,171,2024-10-23 00:20:50,Completed,2510.85
1135,276,2025-05-04 01:41:23,Pending,2932.7799999999997
1136,958,2024-04-07 19:16:23,Completed,1176.54
1137,261,2025-03-10 06:53:27,Completed,3295.53
1138,923,2025-07-28 05:26:34,Pending,2351.94
1139,317,2025-04-02 13:52:17,Cancelled,3565.78
1140,661,2023-11-19 11:23:42,Completed,2908.8100000000004
1141,181,2025-06-24 03:38:37,Completed,3298.09
1142,358,2024-08-10 03:22:24,Completed,1953.45
1143,697,2024-03-21 01:25:53,Completed,1356.88
1144,37,2024-06-30 06:56:20,Cancelled,312.84
1145,936,2024-04-07 08:59:40,Pending,434.7
1146,209,2024-02-26 10:23:30,Pending,1311.12
1147,495,2024-04-20 07:40:52,Pending,2514.29
1148,574,2024-03-12 15:43:28,Cancelled,165.24
1149,70,2025-02-24 01:54:45,Completed,189.05
1150,691,2024-11-02 23:23:10,Cancelled,1816.77
1151,80,2024-10-18 07:32:41,Pending,545.4
1152,348,2025-01-06 00:44:55,Pending,3440.6
1153,498,2025-01-23 18:58:10,Completed,615.21
1154,582,2024-08-08 18:19:16,Cancelled,1797.0900000000001
1155,23,2023-12-13 01:19:28,Cancelled,794.42
1156,244,2025-02-21 09:13:10,Pending,494.94
1157,684,2025-09-21 06:27:40,Pending,1280.5500000000002
1158,174,2023-12-30 04:35:40,Cancelled,1569.3999999999999
1159,60,2025-09-24 09:43:16,Pending,3821.0299999999997
1160,57,2025-03-12 20:01:04,Pending,540.9
1161,736,2025-02-24 12:25:36,Completed,2784.12
1162,882,2025-05-25 09:33:53,Completed,719.28
1163,486,2024-04-07 17:18:33,Pending,3823.11
1164,915,2025-09-03 17:27:13,Completed,2527.86
1165,920,2024-11-23 12:58:28,Cancelled,1447.98
1166,671,2025-04-26 03:14:46,Cancelled,3097.67
1167,423,2023-12-30 17:14:47,Completed,774.28
1168,673,2025-06-28 03:30:44,Cancelled,169.22
1169,186,2025-04-30 17:58:52,Completed,2074.21
1170,425,2024-10-28 21:28:03,Pending,989.6700000000001
1171,21,2024-11-23 04:24:56,Pending,3731.83
1172,35,2024-03-20 01:00:48,Completed,2473.7200000000003
1173,746,2025-07-27 06:05:19,Cancelled,1699.25
1174,296,2024-08-15 13:30:00,Pending,1892.6299999999999
1175,419,2025-01-15 18:56:41,Cancelled,3761.5
1176,783,2025-04-18 19:15:00,Cancelled,62.52
1177,451,2025-06-16 21:33:22,Pending,453.8
1178,337,2025-03-31 04:03:45,Pending,234.82
1179,267,2024-07-20 02:09:18,Cancelled,200.92000000000002
1180,297,2025-07-29 01:04:47,Cancelled,3204.66
1181,725,2024-10-19 15:19:56,Completed,1648.07
1182,723,2024-10-31 12:49:47,Cancelled,485.42
1183,718,2023-11-10 18:59:52,Completed,1486.98
1184,113,2024-03-05 05:43:49,Pending,2453.25
1185,766,2024-01-24 21:26:59,Cancelled,612.42
1186,125,2024-04-13 08:47:01,Pending,50.25
1187,583,2024-02-08 00:36:01,Completed,2294.04
1188,235,2024-08-30 13:40:50,Cancelled,2080.23
1189,975,2024-08-09 09:33:18,Cancelled,1500.02
1190,591,2024-05-07 03:03:01,Pending,2949.2200000000003
1191,533,2024-07-16 01:51:36,Cancelled,5033.51
1192,219,2024-02-01 12:12:12,Pending,853.52
1193,907,2024-08-22 07:40:09,Pending,1922.6
1194,489,2024-01-24 04:41:33,Pending,1991.56
1195,825,2025-07-16 00:19:28,Cancelled,64.54
1196,439,2024-02-26 00:37:29,Cancelled,1442.41
1197,9,2025-03-16 18:04:04,Pending,884.55
1198,865,2024-01-24 15:53:14,Completed,2150.84
1199,741,2025-03-25 10:02:14,Pending,651.46
1200,771,2024-07-16 09:55:54,Pending,2178.08
1201,225,2024-03-07 19:44:47,Completed,1348.77
1202,638,2024-05-20 19:09:58,Pending,3536.01
1203,916,2025-03-18 02:13:35,Cancelled,680.77
1204,525,2024-11-12 18:23:58,Pending,2630.55
1205,534,2024-07-17 20:04:30,Completed,1780.91
1206,822,2024-10-20 10:24:23,Completed,2187.33
1207,954,2025-07-29 06:41:41,Cancelled,2814.46
1208,577,2024-12-31 04:51:16,Cancelled,3677.8
1209,207,2023-10-25 17:28:21,Pending,2433.48
1210,38,2024-03-19 14:23:14,Cancelled,1423.8
1211,632,2024-12-12 15:20:26,Pending,1664.27
1212,447,2024-05-24 10:56:09,Completed,932.2
1213,801,2024-08-30 16:16:26,Completed,3024.28
1214,135,2024-03-20 12:50:52,Completed,2128.28
1215,68,2025-10-09 21:14:35,Pending,432.72
1216,132,2024-10-30 18:25:46,Pending,397.15
1217,191,2025-10-07 08:17:26,Pending,3453.0099999999998
1218,476,2025-02-14 10:21:39,Cancelled,1560.6
1219,82,2024-02-16 16:49:50,Completed,2251.7400000000002
1220,671,2023-11-11 18:02:59,Pending,165.24
1221,794,2025-07-30 02:45:45,Completed,2740.38
1222,24,2024-02-20 18:59:13,Pending,2960.41
1223,48,2024-10-19 18:31:41,Pending,1843.92
1224,405,2025-03-01 10:02:25,Pending,913.78
1225,736,2025-01-21 17:23:50,Cancelled,672.0
1226,570,2024-08-12 07:04:18,Pending,1697.6399999999999
1227,148,2024-03-14 02:08:28,Completed,1779.36
1228,228,2024-10-10 17:00:50,Completed,329.82
1229,341,2024-03-30 16:53:06,Pending,1474.93
1230,589,2025-05-27 18:19:27,Completed,410.14
1231,263,2024-12-27 12:38:15,Cancelled,3626.92
1232,780,2025-03-20 04:41:26,Completed,3134.17
1233,211,2024-01-23 07:59:01,Cancelled,4423.49
1234,280,2024-10-08 13:32:53,Cancelled,1010.4300000000001
1235,237,2024-12-29 00:09:35,Pending,140.37
1236,30,2024-01-18 12:43:51,Cancelled,1330.6399999999999
1237,40,2024-05-15 18:56:06,Completed,2549.06
1238,54,2025-06-08 03:28:18,Cancelled,2950.67
1239,692,2024-01-09 23:56:55,Cancelled,165.24
1240,936,2024-01-18 16:23:39,Cancelled,1581.28
1241,896,2024-10-31 06:27:55,Pending,1320.8899999999999
1242,904,2023-11-29 06:38:57,Completed,1937.11
1243,777,2025-06-12 20:55:48,Cancelled,887.18
1244,853,2025-06-18 08:59:42,Completed,2804.01
1245,148,2025-03-19 04:40:30,Cancelled,104.2
1246,195,2025-03-31 21:28:20,Completed,708.74
1247,319,2025-09-08 13:38:48,Cancelled,627.77
1248,335,2024-12-15 23:25:15,Pending,3700.87
1249,57,2024-06-02 19:10:38,Completed,2123.4
1250,575,2023-12-12 16:47:09,Completed,376.96000000000004
1251,273,2024-02-02 14:39:53,Cancelled,2150.6000000000004
1252,764,2025-01-08 10:35:41,Cancelled,568.22
1253,375,2024-06-15 22:13:04,Completed,748.12
1254,840,2025-02-04 16:02:03,Pending,3731.98
1255,349,2024-08-12 00:30:47,Cancelled,2758.26
1256,674,2024-09-20 22:47:59,Completed,180.64
1257,519,2024-12-22 19:04:44,Cancelled,2474.7
1258,430,2024-01-06 03:44:32,Pending,4123.4
1259,277,2024-08-24 14:22:54,Pending,1309.6599999999999
1260,578,2025-10-01 15:30:39,Cancelled,228.24
1261,724,2025-03-30 07:50:12,Completed,2562.7
1262,933,2023-11-26 16:29:46,Cancelled,3900.2999999999997
1263,13,2025-01-03 05:02:04,Cancelled,2946.83
1264,779,2025-10-03 22:52:32,Cancelled,2755.9700000000003
1265,735,2023-12-10 09:11:34,Cancelled,67.86
1266,212,2025-09-30 08:48:57,Completed,1188.13
1267,515,2024-10-21 11:46:14,Cancelled,1759.91
1268,424,2023-12-18 15:05:38,Cancelled,2871.62
1269,435,2024-01-13 06:58:44,Pending,732.79
1270,984,2024-03-19 11:51:10,Pending,2822.98
1271,285,2025-03-23 06:15:07,Pending,289.02
1272,338,2025-09-10 01:37:19,Pending,3263.05
1273,316,2024-04-08 13:22:20,Cancelled,3451.94
1274,307,2024-05-29 22:26:59,Pending,1287.58
1275,297,2024-07-04 00:44:28,Pending,2252.38
1276,426,2024-08-06 01:04:48,Pending,1098.31
1277,878,2023-12-11 10:30:22,Cancelled,2483.71
1278,476,2024-07-14 06:18:36,Completed,4161.27
1279,179,2023-12-15 21:21:13,Pending,2516.5
1280,710,2023-11-23 13:53:59,Cancelled,306.08
1281,812,2024-04-25 07:17:05,Pending,1246.53
1282,86,2024-07-24 13:25:47,Cancelled,1454.95
1283,871,2024-06-11 14:42:37,Cancelled,645.47
1284,279,2025-05-21 06:46:57,Pending,1961.52
1285,50,2024-04-25 00:42:20,Pending,810.03
1286,466,2023-12-22 22:09:56,Pending,189.05
1287,532,2024-09-30 06:38:10,Completed,2135.51
1288,865,2023-10-30 17:07:09,Pending,285.78
1289,618,2025-01-12 22:47:16,Pending,2006.9
1290,623,2024-01-19 06:30:56,Cancelled,1447.63
1291,65,2025-04-02 21:42:12,Pending,4288.79
1292,719,2025-03-24 13:21:11,Cancelled,1384.88
1293,290,2024-07-29 00:38:09,Pending,631.34
1294,868,2024-02-01 09:29:07,Completed,3070.95
1295,710,2024-05-15 11:19:08,Completed,1815.15
1296,538,2024-03-09 14:32:18,Completed,1213.55
1297,918,2025-04-10 20:30:06,Pending,2843.45
1298,969,2024-09-26 11:27:24,Completed,2036.64
1299,76,2025-03-04 13:29:26,Completed,989.88
1300,600,2025-04-21 03:43:44,Cancelled,96.81
1301,48,2025-10-17 16:51:01,Cancelled,1194.8
1302,685,2024-02-09 09:41:31,Cancelled,452.76
1303,410,2025-04-02 18:01:19,Pending,1945.28
1304,891,2024-03-26 07:34:17,Completed,1746.3799999999999
1305,261,2024-11-05 05:18:48,Completed,3512.6000000000004
1306,636,2025-02-01 08:21:00,Cancelled,2792.96
1307,428,2025-05-28 23:29:36,Completed,2399.59
1308,486,2025-04-25 19:08:21,Pending,1597.3700000000001
1309,616,2025-02-01 10:12:40,Pending,3564.1800000000003
1310,934,2024-09-29 19:27:06,Cancelled,1578.72
1311,200,2024-05-01 00:44:08,Cancelled,3873.96
1312,908,2025-02-25 15:27:16,Pending,926.7
1313,386,2025-03-28 03:07:14,Pending,730.76
1314,559,2025-08-29 08:06:28,Completed,451.49
1315,401,2025-05-27 21:50:45,Pending,4089.41
1316,775,2024-10-11 15:41:42,Pending,1262.15
1317,512,2025-01-09 06:02:45,Cancelled,173.14
1318,743,2024-04-01 04:35:19,Pending,1816.25
1319,697,2024-08-28 21:50:45,Cancelled,857.64
1320,746,2024-05-03 08:23:16,Cancelled,2596.3900000000003
1321,865,2025-03-14 09:38:34,Cancelled,2523.74
1322,137,2025-08-06 06:54:09,Completed,1509.3
1323,965,2024-05-31 10:14:16,Completed,3389.62
1324,969,2025-03-28 19:25:42,Cancelled,434.27
1325,49,2025-05-09 05:36:28,Pending,323.06
1326,806,2025-06-03 10:44:14,Completed,903.78
1327,216,2025-07-08 21:37:21,Cancelled,3418.79
1328,720,2025-10-17 16:52:01,Pending,1298.13
1329,471,2024-07-10 13:47:00,Completed,4323.5599999999995
1330,27,2025-10-19 14:46:14,Pending,4493.42
1331,169,2025-09-15 07:55:28,Pending,2943.08
1332,250,2024-11-27 18:52:03,Cancelled,1275.3200000000002
1333,583,2025-01-05 07:29:40,Pending,1274.02
1334,812,2024-11-16 04:18:42,Cancelled,1080.4099999999999
1335,811,2025-06-01 00:13:23,Pending,2232.4700000000003
1336,73,2025-09-05 10:38:44,Completed,452.76
1337,849,2023-11-01 02:45:59,Cancelled,118.42
1338,855,2023-12-04 05:19:38,Pending,357.25
1339,683,2024-12-05 18:24:48,Pending,1170.45
1340,549,2024-09-10 01:21:51,Pending,2660.14
1341,31,2025-07-28 17:15:24,Pending,1344.92
1342,221,2024-05-01 09:23:51,Cancelled,3318.6699999999996
1343,367,2025-06-01 12:28:47,Pending,128.87
1344,681,2025-01-08 17:16:30,Cancelled,55.2
1345,184,2024-07-13 21:04:00,Cancelled,1157.49
1346,858,2024-02-10 17:44:32,Pending,1641.28
1347,530,2024-08-12 02:12:38,Pending,698.88
1348,784,2025-09-05 04:35:08,Completed,768.84
1349,325,2025-06-14 09:03:54,Pending,451.7
1350,436,2024-04-25 22:47:57,Cancelled,177.45
1351,250,2024-03-24 08:00:49,Completed,2411.9500000000003
1352,30,2025-06-06 04:15:09,Completed,611.94
1353,331,2024-08-29 17:08:50,Pending,2370.96
1354,439,2024-07-02 12:53:11,Pending,1070.4
1355,981,2024-09-16 01:31:54,Completed,1554.5900000000001
1356,418,2025-09-26 13:44:34,Cancelled,1840.64
1357,859,2025-08-11 07:26:51,Pending,987.44
1358,509,2024-01-23 21:22:40,Completed,2902.6499999999996
1359,98,2024-03-14 18:27:18,Completed,428.67
1360,383,2024-12-25 09:50:18,Completed,1698.72
1361,377,2025-06-01 05:47:31,Completed,2402.83
1362,707,2024-05-30 03:55:02,Pending,1224.84
1363,509,2025-08-31 04:27:34,Cancelled,1889.01
1364,444,2023-11-09 04:36:04,Cancelled,1047.24
1365,203,2025-01-22 13:20:24,Completed,1996.54
1366,44,2025-01-05 20:57:19,Cancelled,1739.4
1367,952,2025-05-22 04:57:23,Pending,1757.81
1368,648,2025-08-02 17:16:13,Cancelled,537.6
1369,114,2023-12-31 00:21:00,Pending,612.1899999999999
1370,963,2024-09-01 12:15:27,Cancelled,55.2
1371,16,2024-01-19 10:29:55,Cancelled,4066.36
1372,244,2024-09-14 10:39:53,Completed,1684.27
1373,423,2024-02-13 18:36:03,Completed,4084.4700000000003
1374,307,2025-06-08 05:02:56,Pending,90.21
1375,283,2025-02-13 07:56:43,Completed,2326.98
1376,455,2025-02-10 13:10:47,Cancelled,3036.81
1377,390,2024-12-03 09:58:20,Pending,2848.7300000000005
1378,580,2024-08-05 21:56:05,Completed,2683.3500000000004
1379,411,2024-09-18 00:25:16,Completed,3006.8799999999997
1380,409,2025-08-31 00:22:38,Cancelled,268.8
1381,630,2025-08-28 17:50:54,Cancelled,1350.21
1382,112,2025-07-22 09:47:11,Completed,1655.38
1383,855,2024-07-09 10:28:50,Cancelled,335.12
1384,574,2025-01-09 10:15:15,Pending,2207.7400000000002
1385,812,2024-08-19 08:44:24,Pending,1860.55
1386,387,2024-06-11 03:13:29,Pending,2786.93
1387,879,2024-12-07 21:52:44,Cancelled,1142.96
1388,912,2025-07-29 20:05:48,Completed,5644.6900000000005
1389,330,2025-03-01 13:38:30,Completed,1991.56
1390,506,2025-04-05 06:40:48,Cancelled,1229.3400000000001
1391,639,2024-06-15 12:04:17,Pending,3546.38
1392,560,2025-09-18 04:53:46,Completed,4159.17
1393,148,2024-09-08 11:32:21,Completed,2662.74
1394,12,2025-05-29 18:27:45,Pending,795.48
1395,508,2024-01-25 18:30:07,Completed,212.07
1396,173,2025-06-11 10:34:13,Pending,432.83
1397,850,2025-09-01 22:20:43,Cancelled,236.6
1398,759,2025-02-21 07:04:25,Completed,4015.38
1399,829,2024-09-24 09:47:07,Cancelled,2914.6499999999996
1400,686,2025-05-05 06:22:19,Completed,30.46
1401,895,2025-06-30 00:15:38,Completed,1925.65
1402,445,2025-02-05 06:04:23,Pending,4736.77
1403,902,2023-11-06 07:11:37,Pending,3563.8900000000003
1404,246,2025-05-29 17:06:31,Cancelled,261.31
1405,844,2023-12-11 17:34:04,Cancelled,945.25
1406,46,2025-01-01 03:21:32,Completed,944.73
1407,254,2025-10-11 15:50:42,Pending,2944.98
1408,176,2025-05-11 03:50:27,Completed,3360.06
1409,48,2024-03-11 16:45:50,Cancelled,3614.7
1410,686,2025-03-23 19:32:32,Completed,1302.81
1411,75,2025-05-28 05:57:50,Completed,3472.09
1412,807,2024-09-21 01:02:34,Pending,1827.04
1413,900,2023-11-13 21:01:18,Pending,3339.86
1414,785,2024-04-15 00:20:31,Pending,557.85
1415,609,2024-01-16 07:07:50,Pending,236.84
1416,755,2024-11-08 00:38:11,Cancelled,472.08
1417,113,2025-09-10 07:05:08,Cancelled,3614.89
1418,216,2024-05-23 22:21:05,Cancelled,1453.5900000000001
1419,815,2025-03-09 19:55:47,Cancelled,2400.8199999999997
1420,566,2024-11-20 16:08:38,Completed,958.86
1421,897,2025-01-13 11:45:13,Pending,2723.91
1422,326,2024-02-14 08:22:49,Completed,2051.6
1423,153,2024-12-12 05:21:01,Completed,567.15
1424,955,2024-01-01 00:24:25,Completed,976.98
1425,997,2023-12-17 07:29:08,Pending,1593.4
1426,128,2023-12-14 15:40:45,Completed,828.98
1427,836,2024-06-04 20:56:28,Completed,1442.82
1428,282,2025-01-19 15:48:08,Pending,233.95
1429,916,2024-03-23 22:02:57,Completed,748.97
1430,542,2024-03-08 11:12:25,Pending,232.9
1431,866,2024-06-19 01:50:12,Cancelled,2305.97
1432,613,2024-02-13 01:36:55,Pending,618.5
1433,512,2024-11-16 19:15:51,Pending,3115.42
1434,445,2025-07-11 06:23:13,Pending,2124.2
1435,902,2025-05-18 20:16:52,Cancelled,4348.5
1436,935,2025-09-18 13:53:17,Pending,352.63
1437,387,2024-03-08 08:36:20,Pending,157.14
1438,284,2025-05-08 09:31:02,Pending,1329.8099999999997
1439,318,2024-05-06 14:22:07,Pending,62.52
1440,815,2024-12-29 01:12:26,Cancelled,1016.36
1441,698,2024-09-16 03:17:31,Completed,147.51999999999998
1442,892,2025-03-08 22:07:10,Completed,435.38
1443,903,2023-10-25 09:07:08,Cancelled,960.47
1444,23,2024-07-04 04:42:24,Cancelled,4741.82
1445,498,2024-10-21 04:58:15,Completed,3453.6499999999996
1446,212,2024-08-19 06:58:44,Cancelled,3138.11
1447,216,2025-03-30 20:12:30,Pending,787.9000000000001
1448,89,2025-02-27 13:30:03,Pending,332.79
1449,437,2024-09-09 08:13:49,Completed,5200.88
1450,760,2024-06-15 14:07:51,Cancelled,2554.46
1451,521,2025-06-23 02:59:09,Pending,3951.56
1452,661,2024-09-03 01:17:06,Completed,3171.8
1453,741,2025-05-30 02:11:44,Completed,59.15
1454,938,2025-09-10 14:37:36,Pending,407.23
1455,470,2024-02-26 19:25:15,Cancelled,1159.65
1456,930,2025-09-09 22:28:15,Cancelled,4162.69
1457,552,2025-05-09 15:31:30,Pending,2257.45
1458,438,2025-06-25 01:58:31,Cancelled,1178.7
1459,529,2024-03-04 06:26:17,Cancelled,1666.5
1460,826,2025-07-18 16:40:12,Completed,1220.17
1461,548,2024-10-12 10:54:27,Cancelled,339.84
1462,265,2025-07-15 15:01:55,Completed,2323.15
1463,469,2024-03-10 00:08:23,Cancelled,3901.89
1464,45,2025-06-06 16:30:45,Cancelled,1748.58
1465,379,2025-09-10 22:18:30,Completed,143.97000000000003
1466,292,2024-08-16 09:22:02,Completed,3104.74
1467,999,2023-11-15 22:59:52,Cancelled,169.22
1468,747,2024-06-09 21:35:56,Pending,846.1
1469,552,2025-03-12 23:48:31,Pending,985.18
1470,748,2024-06-10 04:34:26,Completed,1271.7
1471,69,2025-07-12 15:11:07,Completed,1412.85
1472,704,2025-09-24 18:58:20,Pending,1953.3000000000002
1473,124,2025-10-21 04:39:36,Completed,2564.73
1474,502,2025-01-11 19:11:41,Cancelled,1799.9999999999998
1475,766,2024-10-26 07:12:48,Completed,2514.75
1476,394,2024-04-16 08:25:34,Completed,4518.66
1477,794,2024-07-11 03:29:13,Pending,1150.99
1478,194,2024-11-29 17:45:54,Cancelled,270.63
1479,752,2024-03-30 05:46:17,Pending,2610.92
1480,60,2024-09-16 00:36:18,Pending,1946.04
1481,728,2025-09-07 09:40:41,Cancelled,2507.43
1482,430,2024-04-24 02:59:45,Pending,5687.219999999999
1483,825,2024-12-27 13:01:52,Completed,4665.639999999999
1484,958,2025-10-05 17:31:17,Completed,2255.86
1485,803,2024-04-20 01:58:55,Cancelled,2934.95
1486,615,2024-07-23 04:41:27,Cancelled,2038.52
1487,891,2024-10-24 04:07:45,Completed,1693.08
1488,400,2025-07-10 01:33:58,Cancelled,2554.06
1489,174,2025-09-30 02:57:00,Pending,2889.2599999999998
1490,433,2025-04-28 06:39:19,Pending,3520.11
1491,138,2025-04-28 18:00:08,Completed,338.44
1492,556,2023-11-25 00:52:26,Cancelled,3388.0099999999998
1493,210,2025-06-14 19:13:48,Completed,2748.58
1494,774,2024-07-20 10:10:56,Cancelled,459.79999999999995
1495,772,2024-01-01 01:33:42,Completed,285.78
1496,465,2025-08-12 15:17:18,Cancelled,1750.86
1497,331,2024-08-18 22:55:39,Completed,2412.59
1498,410,2025-01-16 02:21:10,Cancelled,699.76
1499,840,2024-01-12 17:45:31,Completed,238.96
1500,977,2023-11-17 22:02:30,Pending,442.64
1501,906,2025-03-21 02:18:39,Pending,2567.08
1502,45,2023-12-28 23:24:35,Cancelled,6018.65
1503,493,2024-01-22 05:58:44,Cancelled,2736.6800000000003
1504,902,2023-11-26 22:41:44,Completed,1539.33
1505,852,2023-12-20 04:58:13,Cancelled,620.76
1506,878,2024-05-23 20:54:46,Pending,1739.0600000000002
1507,170,2025-10-17 13:37:29,Completed,2693.52
1508,939,2024-07-31 22:34:04,Completed,1949.06
1509,881,2024-06-30 21:08:20,Cancelled,3580.35
1510,876,2025-07-09 16:27:14,Pending,3133.85
1511,38,2023-12-27 22:09:02,Cancelled,952.96
1512,74,2025-08-07 15:46:22,Pending,2845.44
1513,637,2025-01-26 21:40:57,Cancelled,319.98
1514,327,2024-01-02 17:17:09,Cancelled,2929.8
1515,87,2025-09-27 09:20:22,Completed,1234.56
1516,558,2024-11-06 22:50:34,Pending,317.16
1517,394,2025-06-11 17:33:25,Cancelled,1517.44
1518,269,2025-06-09 06:50:06,Pending,2983.5299999999997
1519,127,2023-12-15 13:10:45,Pending,2283.04
1520,266,2025-04-01 09:31:17,Pending,2042.64
1521,419,2024-02-02 10:01:36,Completed,1284.23
1522,352,2025-05-22 19:45:13,Cancelled,27.6
1523,623,2024-05-07 19:04:10,Cancelled,2163.3500000000004
1524,850,2025-10-14 07:38:14,Cancelled,4711.8099999999995
1525,68,2024-04-02 12:39:33,Completed,165.24
1526,11,2024-10-18 18:15:10,Pending,3107.58
1527,385,2025-06-21 19:18:48,Completed,4309.51
1528,825,2023-11-25 11:36:54,Pending,1575.83
1529,861,2025-08-12 04:46:27,Completed,3538.2
1530,175,2024-05-13 05:34:15,Pending,1119.8000000000002
1531,452,2025-09-05 05:43:18,Cancelled,3156.41
1532,279,2025-01-14 16:11:01,Cancelled,1332.28
1533,750,2024-10-14 12:36:00,Cancelled,3757.7200000000003
1534,318,2024-08-28 10:57:28,Cancelled,1991.56
1535,941,2025-09-10 12:24:09,Completed,4299.23
1536,252,2024-10-18 09:05:15,Cancelled,4886.55
1537,856,2023-12-24 13:58:22,Cancelled,1054.26
1538,625,2024-11-12 04:29:13,Pending,417.96
1539,884,2025-06-06 23:37:32,Completed,2250.06
1540,403,2023-12-23 23:45:32,Cancelled,3112.6099999999997
1541,154,2024-04-30 12:20:38,Completed,38.1
1542,260,2025-08-21 14:37:56,Pending,1387.08
1543,675,2025-03-27 10:25:08,Pending,3229.6899999999996
1544,18,2024-03-21 07:15:29,Completed,2484.54
1545,299,2023-12-05 08:47:47,Cancelled,2230.65
1546,19,2024-10-11 18:04:06,Cancelled,3179.6800000000003
1547,349,2024-03-05 11:29:58,Pending,611.94
1548,942,2023-12-02 15:11:08,Pending,783.93
1549,508,2025-05-24 11:53:03,Completed,1957.1000000000001
1550,335,2025-05-08 05:59:50,Cancelled,4949.88
1551,910,2025-09-08 10:44:46,Cancelled,2841.74
1552,151,2024-06-26 07:05:48,Completed,895.64
1553,368,2025-09-09 03:49:18,Pending,846.1
1554,222,2025-02-19 05:26:20,Pending,93.58
1555,630,2025-07-08 15:30:53,Cancelled,2464.23
1556,807,2025-01-17 23:51:16,Pending,1912.63
1557,868,2024-11-12 17:54:09,Pending,3009.34
1558,628,2025-08-10 20:32:29,Cancelled,5419.42
1559,51,2024-11-27 18:40:47,Cancelled,1292.1200000000001
1560,405,2025-10-03 00:38:47,Pending,108.18
1561,581,2025-10-02 22:31:20,Cancelled,1301.3999999999999
1562,764,2024-09-11 16:07:29,Completed,917.6300000000001
1563,986,2023-11-08 00:15:09,Cancelled,4423.4800000000005
1564,860,2025-03-27 00:26:53,Pending,2392.93
1565,685,2025-01-13 02:20:45,Pending,1153.26
1566,830,2025-01-29 03:41:47,Pending,534.54
1567,825,2025-02-16 13:45:58,Cancelled,4465.18
1568,125,2024-03-17 08:31:01,Cancelled,2345.42
1569,699,2024-06-14 02:08:25,Pending,962.91
1570,77,2023-11-26 15:37:06,Cancelled,141.92
1571,437,2025-03-08 15:53:47,Pending,1715.42
1572,260,2024-06-10 20:56:53,Pending,2204.08
1573,100,2025-08-22 15:33:21,Cancelled,2533.1499999999996
1574,466,2025-08-26 14:52:13,Completed,1588.6
1575,235,2024-08-23 05:14:27,Completed,4474.6
1576,786,2024-08-20 14:54:04,Completed,235.71
1577,165,2024-11-28 08:52:11,Cancelled,3291.5699999999997
1578,532,2024-12-13 04:33:19,Cancelled,1472.1399999999999
1579,224,2025-01-04 23:30:55,Pending,3443.81
1580,33,2024-07-15 03:47:49,Completed,2090.96
1581,406,2024-01-14 08:29:42,Cancelled,2464.72
1582,460,2024-11-06 02:08:00,Completed,1950.75
1583,359,2024-04-09 19:27:07,Pending,3317.67
1584,716,2023-11-13 07:02:15,Cancelled,3796.74
1585,791,2023-11-01 04:59:48,Pending,2122.45
1586,258,2024-10-07 23:33:42,Completed,3230.8599999999997
1587,647,2024-10-08 20:28:51,Pending,989.4
1588,970,2024-04-25 13:20:57,Pending,537.6
1589,200,2024-06-03 19:24:13,Completed,1773.13
1590,292,2024-07-15 04:45:31,Completed,2269.0
1591,499,2024-10-13 02:44:24,Pending,1027.17
1592,656,2025-01-04 16:17:08,Completed,2442.65
1593,551,2024-04-14 20:01:18,Cancelled,1995.63
1594,150,2024-08-27 04:10:18,Cancelled,232.9
1595,430,2024-05-04 02:41:10,Pending,1348.6100000000001
1596,82,2024-11-19 01:22:55,Pending,2313.88
1597,963,2025-03-15 07:12:41,Pending,341.85
1598,578,2024-06-19 04:46:26,Cancelled,5232.1900000000005
1599,13,2024-05-12 15:38:29,Completed,2170.62
1600,637,2024-06-10 04:43:34,Cancelled,3369.08
1601,4,2023-10-30 03:21:36,Completed,188.78
1602,959,2024-12-03 13:41:44,Pending,2361.15
1603,226,2024-04-29 13:12:47,Pending,1970.1100000000001
1604,904,2025-05-19 15:37:17,Pending,500.57
1605,754,2024-08-13 18:55:36,Pending,2518.29
1606,480,2024-01-27 13:07:09,Cancelled,771.66
1607,958,2025-10-13 15:26:34,Completed,799.95
1608,15,2024-04-16 18:58:10,Completed,4292.52
1609,996,2025-04-16 00:48:20,Completed,1989.96
1610,398,2024-02-09 22:09:37,Cancelled,1438.56
1611,449,2024-04-28 12:32:49,Cancelled,2865.6099999999997
1612,794,2025-02-20 02:01:01,Cancelled,2717.13
1613,300,2023-12-19 09:39:22,Cancelled,1574.92
1614,128,2024-03-15 02:03:11,Completed,1146.2
1615,656,2024-11-28 11:29:46,Pending,1714.72
1616,248,2025-06-04 04:20:20,Pending,7693.77
1617,414,2024-05-23 23:00:36,Pending,2088.0299999999997
1618,47,2024-02-16 16:12:00,Completed,1449.28
1619,884,2024-04-23 10:31:35,Completed,1939.9899999999998
1620,680,2025-04-24 13:18:57,Pending,881.0999999999999
1621,292,2023-11-15 18:23:50,Pending,4000.49
1622,694,2025-04-04 16:15:46,Cancelled,1216.6200000000001
1623,317,2025-05-18 22:09:44,Pending,1805.96
1624,172,2025-03-17 21:02:41,Completed,730.9200000000001
1625,244,2024-03-02 12:35:06,Pending,2067.6
1626,904,2024-05-29 05:47:55,Cancelled,2741.96
1627,662,2025-03-20 16:35:46,Cancelled,3016.3599999999997
1628,288,2025-09-23 22:18:26,Pending,2174.66
1629,693,2024-02-21 18:45:30,Completed,1616.46
1630,267,2025-08-25 02:52:54,Cancelled,329.8
1631,179,2024-10-12 08:27:52,Cancelled,1771.85
1632,573,2024-08-06 23:09:49,Pending,750.6
1633,36,2024-02-22 17:32:27,Completed,4015.62
1634,393,2025-04-05 18:03:43,Pending,4060.6800000000003
1635,950,2024-12-13 03:40:08,Cancelled,653.73
1636,888,2024-07-07 04:43:45,Completed,1625.56
1637,878,2025-10-01 11:07:24,Cancelled,403.34000000000003
1638,858,2024-03-09 10:25:24,Cancelled,1240.01
1639,623,2024-01-01 10:36:48,Completed,4628.62
1640,89,2023-12-31 16:46:01,Cancelled,93.16
1641,843,2024-04-16 09:34:41,Pending,537.6
1642,234,2024-05-22 08:27:01,Cancelled,5486.1
1643,515,2024-09-07 15:45:13,Completed,1421.3700000000001
1644,268,2024-03-29 19:01:50,Cancelled,2555.1800000000003
1645,78,2024-10-13 04:05:11,Completed,1406.8899999999999
1646,533,2023-12-07 20:12:18,Cancelled,3532.37
1647,39,2025-05-28 00:06:34,Pending,2819.54
1648,202,2025-09-01 15:54:20,Completed,3744.22
1649,182,2025-02-06 09:00:01,Pending,1093.29
1650,791,2023-12-27 18:21:40,Pending,60.92
1651,311,2025-08-01 03:45:06,Pending,1362.7
1652,38,2025-03-15 09:12:00,Completed,679.14
1653,64,2025-05-09 16:08:08,Pending,634.32
1654,56,2024-09-21 00:26:31,Pending,1774.74
1655,428,2024-02-06 10:47:56,Cancelled,236.84
1656,657,2024-10-24 05:03:51,Cancelled,424.68
1657,77,2024-01-21 23:01:27,Cancelled,1320.46
1658,402,2025-03-10 12:03:27,Cancelled,2827.5299999999997
1659,701,2024-10-31 08:25:58,Pending,1342.06
1660,755,2024-12-13 20:53:13,Pending,1978.57
1661,836,2024-10-27 11:28:11,Completed,1649.6499999999999
1662,741,2024-08-06 03:45:36,Completed,1982.56
1663,504,2025-01-09 16:29:44,Cancelled,675.54
1664,580,2024-10-15 13:38:54,Cancelled,1302.75
1665,445,2024-08-02 01:32:12,Cancelled,236.6
1666,543,2024-07-23 14:46:00,Pending,2184.81
1667,310,2025-08-18 06:35:47,Pending,1138.45
1668,708,2025-07-16 14:08:38,Cancelled,30.46
1669,484,2025-03-16 23:00:09,Pending,2624.6
1670,798,2024-07-14 07:23:25,Completed,2391.65
1671,165,2024-08-16 17:20:06,Cancelled,1330.0
1672,959,2025-02-06 04:07:27,Cancelled,932.2
1673,421,2025-06-12 08:58:05,Pending,651.98
1674,556,2025-01-15 19:45:53,Pending,100.5
1675,579,2024-07-22 04:09:26,Completed,1109.2
1676,75,2025-02-26 13:39:43,Cancelled,519.15
1677,446,2024-09-10 21:09:54,Completed,1667.2
1678,714,2024-11-20 04:16:34,Pending,3406.08
1679,547,2025-07-29 00:57:18,Pending,3516.75
1680,321,2025-07-17 13:17:35,Pending,3600.57
1681,295,2024-02-02 16:44:17,Pending,1010.63
1682,183,2025-06-03 14:23:33,Pending,1697.51
1683,475,2024-04-07 16:19:03,Pending,3497.4900000000002
1684,127,2024-08-26 05:59:25,Cancelled,1957.3200000000002
1685,610,2025-05-22 16:53:01,Completed,2875.33
1686,660,2025-08-13 07:07:58,Pending,2275.84
1687,441,2025-01-19 06:12:41,Completed,2462.38
1688,239,2025-03-14 03:52:53,Pending,2209.02
1689,751,2025-09-13 23:32:49,Cancelled,5268.129999999999
1690,878,2024-10-26 00:08:55,Cancelled,557.85
1691,106,2024-05-28 00:27:06,Pending,59.15
1692,182,2025-05-01 09:30:31,Cancelled,3591.0299999999997
1693,977,2025-05-08 15:26:30,Cancelled,613.22
1694,658,2025-07-30 02:45:32,Completed,1871.1
1695,912,2024-08-01 12:48:48,Pending,1384.98
1696,840,2025-10-07 03:10:27,Completed,1077.02
1697,563,2024-07-26 14:36:40,Completed,711.9
1698,7,2024-06-11 12:52:16,Pending,2968.16
1699,652,2024-11-13 18:52:49,Completed,676.88
1700,912,2025-08-24 07:04:54,Completed,4103.35
1701,244,2024-09-03 09:10:35,Completed,3074.42
1702,938,2024-11-03 00:19:06,Cancelled,677.55
1703,495,2024-04-23 03:56:25,Completed,2310.49
1704,894,2023-11-06 17:10:56,Cancelled,157.14
1705,331,2025-09-24 21:14:43,Cancelled,548.07
1706,525,2024-03-08 02:59:56,Cancelled,2794.94
1707,178,2024-08-08 17:44:40,Cancelled,1007.8000000000001
1708,332,2024-09-26 03:56:28,Cancelled,895.3100000000001
1709,123,2023-11-05 20:54:54,Completed,152.3
1710,152,2024-08-02 17:39:33,Pending,55.2
1711,536,2025-03-14 15:29:28,Completed,1810.42
1712,622,2025-05-13 01:08:59,Completed,1161.42
1713,264,2025-05-09 19:34:43,Completed,171.37
1714,874,2025-04-13 05:33:58,Cancelled,2046.68
1715,233,2024-04-13 09:09:55,Completed,848.58
1716,765,2023-11-09 23:33:08,Cancelled,338.44
1717,221,2025-04-01 01:24:05,Completed,1771.85
1718,432,2024-03-24 20:36:59,Completed,1621.68
1719,680,2024-09-25 05:14:24,Cancelled,2164.0
1720,576,2024-04-18 17:34:27,Pending,1322.31
1721,249,2025-05-24 13:37:26,Pending,517.28
1722,896,2025-02-02 18:09:06,Pending,1160.91
1723,29,2024-04-22 16:28:16,Cancelled,1871.29
1724,392,2024-06-13 19:53:00,Cancelled,3922.27
1725,616,2024-11-02 15:24:42,Completed,94.39
1726,171,2023-12-05 01:30:46,Completed,3279.67
1727,540,2024-01-04 01:18:49,Pending,4251.3
1728,510,2025-05-13 08:58:23,Cancelled,1290.4
1729,936,2024-12-27 06:13:41,Pending,1955.8400000000001
1730,936,2025-05-11 04:25:50,Completed,588.9200000000001
1731,94,2025-09-14 01:28:06,Pending,398.98999999999995
1732,964,2024-07-23 22:47:03,Pending,942.8100000000001
1733,210,2024-08-02 21:44:55,Cancelled,1748.16
1734,699,2024-10-02 07:05:41,Completed,339.39
1735,731,2024-06-01 11:59:39,Pending,1169.39
1736,638,2024-04-20 19:59:54,Cancelled,1056.8799999999999
1737,975,2025-10-06 05:02:59,Completed,4413.24
1738,907,2024-08-26 10:39:21,Completed,1382.25
1739,94,2024-03-30 08:31:10,Pending,1512.56
1740,970,2025-01-25 21:28:03,Pending,2171.35
1741,780,2025-01-24 10:10:17,Cancelled,989.4
1742,963,2024-08-03 09:45:11,Pending,156.42
1743,109,2023-12-09 23:09:36,Cancelled,600.94
1744,806,2024-05-05 08:46:56,Cancelled,1524.48
1745,287,2024-08-29 20:03:49,Completed,1836.3600000000001
1746,556,2025-03-04 11:53:37,Completed,1953.46
1747,402,2024-12-29 01:19:21,Completed,445.74
1748,597,2025-06-18 00:40:47,Completed,1157.49
1749,524,2024-03-20 00:04:48,Pending,2503.92
1750,650,2025-05-28 05:38:13,Completed,2711.8
1751,355,2024-12-17 00:10:02,Completed,83.36
1752,265,2024-02-17 00:01:09,Pending,317.16
1753,365,2025-01-20 12:01:25,Cancelled,472.23
1754,245,2024-09-19 11:33:59,Completed,4045.8599999999997
1755,303,2025-03-08 11:00:36,Cancelled,3419.95
1756,614,2025-02-06 15:08:29,Cancelled,1712.6799999999998
1757,44,2024-12-14 05:51:08,Cancelled,1318.1000000000001
1758,591,2025-10-12 12:40:58,Completed,1059.6
1759,979,2025-07-28 16:58:48,Cancelled,3925.63
1760,92,2024-10-16 22:37:50,Pending,3432.0200000000004
1761,143,2025-04-15 16:10:38,Completed,1531.53
1762,65,2025-03-26 13:37:10,Pending,567.15
1763,636,2024-08-22 11:02:59,Completed,2080.22
1764,594,2023-12-06 12:30:47,Completed,4720.82
1765,974,2024-07-19 17:01:52,Cancelled,2474.15
1766,535,2025-01-30 09:41:23,Cancelled,4090.8399999999997
1767,935,2025-06-21 06:57:57,Cancelled,285.78
1768,542,2024-07-18 03:12:16,Completed,872.1700000000001
1769,133,2024-02-12 14:26:27,Pending,3786.5
1770,940,2025-10-10 20:45:30,Completed,620.04
1771,723,2024-12-01 10:38:01,Completed,1699.2
1772,511,2025-10-12 16:20:28,Cancelled,91.38
1773,414,2025-01-04 04:06:50,Cancelled,1084.6
1774,147,2025-04-25 00:58:07,Cancelled,1486.92
1775,176,2024-06-01 14:03:54,Pending,1302.6000000000001
1776,918,2025-04-30 01:05:48,Completed,346.28
1777,846,2025-08-20 04:58:17,Cancelled,4703.58
1778,590,2025-03-24 14:48:32,Completed,2607.49
1779,378,2023-12-17 22:24:15,Completed,357.25
1780,734,2024-04-16 08:34:14,Pending,3111.8
1781,954,2025-04-14 18:18:35,Cancelled,586.19
1782,415,2024-09-06 05:57:39,Cancelled,1104.45
1783,204,2025-01-25 13:01:32,Cancelled,537.99
1784,748,2025-07-05 18:51:20,Cancelled,2551.88
1785,962,2024-09-02 02:49:51,Cancelled,713.95
1786,136,2025-02-26 03:23:05,Pending,1264.44
1787,522,2023-12-27 09:42:48,Cancelled,1815.2
1788,396,2025-06-23 12:50:20,Completed,2289.7799999999997
1789,281,2024-12-10 00:35:42,Completed,2473.26
1790,570,2024-11-14 20:44:37,Completed,1544.0900000000001
1791,214,2025-04-28 01:26:24,Cancelled,1707.75
1792,607,2024-10-07 02:56:55,Pending,1063.11
1793,777,2023-10-29 15:54:59,Cancelled,7319.299999999999
1794,841,2024-11-17 19:50:40,Cancelled,917.3
1795,432,2024-10-02 20:56:21,Pending,3413.66
1796,976,2025-09-23 23:03:25,Completed,644.35
1797,882,2024-06-08 15:04:10,Cancelled,2881.2799999999997
1798,687,2025-04-26 06:13:02,Cancelled,2361.15
1799,766,2024-10-18 03:16:40,Pending,226.38
1800,441,2025-03-09 06:50:01,Pending,1312.49
1801,601,2025-09-04 15:19:49,Cancelled,1438.56
1802,880,2025-02-02 09:00:32,Pending,4499.75
1803,251,2024-07-13 20:26:18,Cancelled,2808.06
1804,236,2025-07-10 15:06:51,Completed,100.5
1805,672,2025-05-14 03:35:50,Pending,212.88
1806,304,2025-03-04 05:38:57,Cancelled,332.85
1807,772,2025-03-10 17:03:37,Cancelled,1615.1299999999999
1808,377,2024-04-28 07:47:40,Cancelled,1869.98
1809,607,2024-03-20 00:51:43,Completed,384.42
1810,114,2025-08-04 23:12:32,Completed,2641.8
1811,60,2024-11-17 23:16:01,Completed,1866.9099999999999
1812,716,2024-11-26 06:38:11,Completed,430.15
1813,558,2024-10-26 07:36:16,Cancelled,959.77
1814,716,2023-11-20 14:26:00,Pending,5259.58
1815,987,2024-07-04 15:40:14,Pending,3642.7
1816,783,2025-09-10 22:30:55,Pending,2233.0
1817,226,2024-01-22 20:21:35,Pending,1302.54
1818,524,2024-10-28 04:23:44,Cancelled,1581.1299999999999
1819,21,2025-02-26 21:21:43,Completed,692.56
1820,82,2025-08-09 05:19:10,Completed,2803.15
1821,861,2024-03-11 08:33:52,Completed,4619.89
1822,888,2024-12-06 23:45:01,Pending,1953.6999999999998
1823,694,2025-08-20 13:22:41,Cancelled,1590.96
1824,738,2024-11-25 21:33:06,Completed,1872.0
1825,648,2025-08-22 21:23:33,Cancelled,3051.38
1826,886,2024-04-13 07:32:03,Completed,1304.12
1827,209,2025-02-26 23:34:34,Completed,4085.63
1828,878,2024-07-02 20:25:21,Cancelled,1299.54
1829,787,2025-08-28 10:37:02,Cancelled,1094.4099999999999
1830,899,2025-03-31 10:07:13,Cancelled,860.9000000000001
1831,803,2025-05-14 19:23:42,Completed,2767.16
1832,876,2024-01-11 05:41:38,Completed,1595.6999999999998
1833,387,2024-09-24 16:03:30,Pending,2695.12
1834,101,2025-02-06 16:27:26,Cancelled,2361.7999999999997
1835,926,2024-12-26 02:58:49,Cancelled,2232.7200000000003
1836,149,2025-07-17 12:02:30,Cancelled,3867.7200000000003
1837,944,2024-09-06 08:15:14,Completed,1025.55
1838,57,2025-09-25 02:39:27,Completed,2187.07
1839,194,2023-11-16 07:29:33,Completed,2175.36
1840,731,2025-06-21 05:42:32,Pending,1212.6799999999998
1841,335,2025-08-10 22:43:15,Completed,3177.07
1842,334,2024-08-23 18:15:41,Completed,2876.48
1843,706,2024-11-25 13:12:49,Cancelled,400.73
1844,162,2025-10-10 08:26:18,Cancelled,1883.0
1845,358,2025-02-02 06:01:32,Completed,544.51
1846,982,2025-01-16 15:09:51,Completed,3482.12
1847,497,2025-09-23 16:18:55,Cancelled,3158.87
1848,752,2024-05-05 15:38:58,Completed,384.42
1849,176,2024-11-24 04:39:24,Completed,3049.43
1850,444,2024-11-12 14:49:04,Completed,1673.04
1851,130,2024-05-07 12:12:13,Pending,3214.54
1852,272,2024-10-19 22:53:17,Completed,1345.84
1853,653,2024-12-02 17:46:24,Pending,2168.36
1854,585,2025-07-19 22:26:12,Completed,710.86
1855,793,2025-07-13 10:36:30,Completed,339.84
1856,53,2024-04-20 06:14:11,Cancelled,2377.66
1857,160,2025-03-17 04:52:57,Pending,140.37
1858,869,2024-12-03 01:51:31,Cancelled,1439.54
1859,705,2024-02-12 22:54:47,Cancelled,2109.12
1860,798,2025-08-10 22:51:10,Completed,3556.92
1861,40,2024-02-15 17:20:01,Completed,2648.88
1862,611,2024-07-22 22:19:42,Pending,317.62
1863,428,2024-06-09 22:37:35,Cancelled,4255.97
1864,485,2025-06-06 11:08:42,Cancelled,1763.2399999999998
1865,642,2025-01-04 12:24:22,Cancelled,4765.75
1866,463,2024-07-26 07:59:51,Pending,182.69
1867,393,2024-06-09 19:55:55,Completed,2006.9
1868,659,2024-03-29 17:03:21,Completed,1224.84
1869,529,2024-10-29 18:28:43,Completed,1418.31
1870,545,2025-08-21 02:35:07,Completed,1927.6599999999999
1871,612,2025-04-10 06:53:01,Cancelled,1537.68
1872,914,2025-09-29 14:50:56,Completed,1224.22
1873,934,2024-04-09 23:29:54,Cancelled,118.02
1874,107,2025-01-11 23:37:18,Pending,392.35
1875,121,2024-03-25 09:32:44,Cancelled,1053.03
1876,878,2024-05-24 02:53:29,Pending,128.87
1877,676,2024-11-22 01:37:44,Completed,1947.69
1878,282,2024-01-19 18:57:53,Cancelled,713.95
1879,315,2024-03-21 11:49:36,Completed,1323.26
1880,163,2023-11-17 10:07:31,Pending,349.11
1881,315,2024-09-26 02:44:52,Cancelled,1955.69
1882,98,2024-05-25 21:38:03,Cancelled,3192.0600000000004
1883,66,2024-11-09 08:28:18,Completed,141.9
1884,321,2025-08-30 13:53:06,Pending,1125.9
1885,381,2025-04-02 01:03:58,Pending,738.2
1886,600,2023-12-10 22:30:39,Cancelled,2062.25
1887,571,2025-04-13 14:21:50,Cancelled,1353.5499999999997
1888,737,2024-03-21 15:14:29,Cancelled,3609.56
1889,34,2024-05-09 02:21:13,Completed,3966.8599999999997
1890,343,2024-11-08 07:24:50,Completed,1502.0500000000002
1891,177,2024-06-28 15:27:51,Completed,2748.29
1892,583,2024-01-20 07:37:59,Pending,1859.36
1893,914,2023-12-04 15:03:26,Cancelled,2785.8
1894,28,2024-08-20 05:12:29,Cancelled,3274.83
1895,300,2025-03-23 23:04:51,Completed,309.72
1896,82,2024-07-14 14:30:07,Pending,2677.87
1897,833,2025-03-19 09:50:42,Cancelled,3151.33
1898,835,2024-07-11 03:14:17,Completed,1740.58
1899,361,2025-06-14 20:35:40,Completed,152.3
1900,69,2025-01-11 20:05:40,Cancelled,477.92
1901,537,2024-02-14 23:01:12,Completed,1165.33
1902,779,2025-03-07 11:31:31,Cancelled,90.48
1903,844,2025-07-29 08:36:14,Cancelled,90.08
1904,369,2024-05-23 13:33:16,Cancelled,1135.75
1905,849,2024-03-28 16:13:07,Completed,1555.77
1906,738,2024-07-02 05:57:33,Cancelled,425.21000000000004
1907,638,2024-12-07 21:24:10,Cancelled,2148.97
1908,351,2024-12-23 21:09:44,Pending,1340.0400000000002
1909,183,2024-02-18 03:27:46,Completed,3387.3900000000003
1910,701,2024-09-18 19:19:29,Cancelled,2997.0299999999997
1911,634,2024-05-13 09:35:43,Cancelled,3167.58
1912,597,2025-05-02 14:36:59,Completed,2845.36
1913,578,2024-03-13 02:03:12,Cancelled,2003.65
1914,191,2025-06-19 04:43:36,Cancelled,4417.18
1915,261,2024-07-16 18:01:48,Pending,128.87
1916,839,2023-11-26 20:41:32,Cancelled,1238.6999999999998
1917,657,2025-09-02 10:15:35,Pending,2431.74
1918,386,2024-06-30 23:30:00,Completed,2488.5499999999997
1919,263,2024-04-01 04:43:47,Cancelled,3798.7
1920,178,2025-05-08 03:09:33,Pending,319.98
1921,702,2025-01-17 18:02:24,Pending,1994.83
1922,890,2024-06-30 10:35:39,Completed,536.82
1923,440,2023-12-28 19:48:57,Pending,1786.25
1924,743,2024-11-14 18:34:45,Cancelled,3165.08
1925,62,2024-09-24 18:35:03,Pending,5733.58
1926,291,2025-09-28 12:09:48,Pending,1757.25
1927,62,2024-09-10 10:50:21,Pending,738.07
1928,534,2023-11-13 00:40:40,Cancelled,1416.69
1929,715,2024-05-23 16:57:26,Cancelled,868.54
1930,611,2024-02-13 18:29:14,Cancelled,3924.27
1931,572,2024-07-21 09:59:35,Cancelled,1556.74
1932,536,2025-04-30 18:39:25,Cancelled,3514.56
1933,102,2024-11-18 13:02:32,Pending,924.21
1934,723,2025-04-23 16:38:27,Cancelled,1196.02
1935,453,2025-01-06 13:58:02,Completed,948.33
1936,471,2025-04-15 04:46:26,Pending,1922.84
1937,384,2025-04-19 06:41:38,Pending,565.77
1938,688,2024-09-25 01:04:30,Cancelled,2431.3199999999997
1939,913,2025-02-15 01:52:19,Completed,274.14
1940,797,2024-06-25 15:43:56,Cancelled,2565.36
1941,32,2024-12-24 23:13:52,Pending,762.79
1942,928,2024-02-16 15:26:15,Pending,675.31
1943,461,2024-10-06 11:14:49,Completed,1170.45
1944,493,2024-06-16 13:56:16,Completed,163.32
1945,597,2025-03-28 07:22:56,Completed,815.62
1946,902,2024-02-26 23:49:32,Completed,3498.63
1947,376,2025-02-12 20:14:00,Cancelled,2728.77
1948,399,2024-03-18 17:50:06,Cancelled,874.78
1949,929,2024-06-26 07:11:40,Completed,2911.3
1950,210,2025-04-17 14:40:49,Pending,820.28
1951,891,2024-12-07 09:43:39,Completed,1911.1
1952,825,2024-04-10 12:50:20,Completed,76.2
1953,14,2024-09-11 23:47:56,Cancelled,1395.51
1954,489,2025-05-17 14:29:47,Cancelled,1312.1599999999999
1955,155,2024-11-22 03:56:25,Cancelled,198.89000000000001
1956,115,2025-09-15 21:57:11,Cancelled,1097.38
1957,840,2025-06-19 17:11:23,Cancelled,324.54
1958,306,2024-11-24 01:36:54,Cancelled,38.1
1959,770,2024-11-19 11:10:55,Pending,2480.5
1960,277,2024-01-03 23:33:43,Cancelled,2376.05
1961,768,2025-05-29 21:42:33,Pending,3894.52
1962,936,2025-02-01 13:36:47,Cancelled,809.16
1963,517,2024-05-23 15:18:33,Completed,483.08
1964,937,2025-09-18 15:47:58,Cancelled,1336.66
1965,306,2024-02-02 18:19:55,Cancelled,1684.95
1966,855,2025-05-02 08:29:50,Cancelled,2175.87
1967,327,2024-07-20 12:01:56,Cancelled,476.43
1968,206,2025-10-05 21:38:22,Completed,1508.7
1969,15,2024-02-10 10:52:37,Pending,1651.9399999999998
1970,147,2025-07-22 00:56:17,Pending,635.74
1971,566,2024-11-29 13:40:19,Completed,4645.24
1972,173,2024-05-22 09:37:04,Pending,3211.3
1973,93,2025-01-15 11:19:08,Completed,3174.69
1974,709,2023-11-29 15:34:33,Cancelled,907.0699999999999
1975,375,2024-03-04 05:14:41,Completed,4392.93
1976,42,2025-01-04 11:26:34,Cancelled,5590.35
1977,645,2024-07-26 05:57:31,Pending,319.98
1978,682,2025-08-29 18:26:52,Pending,5206.19
1979,866,2024-10-22 05:26:22,Pending,2012.0300000000002
1980,316,2025-09-21 12:47:30,Completed,3921.7799999999997
1981,921,2025-06-30 15:42:22,Cancelled,3039.5
1982,619,2025-07-25 21:27:46,Completed,1781.7400000000002
1983,458,2024-04-25 06:39:44,Cancelled,1585.8
1984,809,2024-04-02 10:23:55,Pending,50.25
1985,818,2025-07-23 11:54:14,Completed,3919.27
1986,331,2024-03-24 01:31:38,Cancelled,1512.11
1987,211,2024-11-13 09:00:55,Cancelled,1700.29
1988,384,2024-09-08 08:02:12,Pending,53.94
1989,433,2025-02-12 10:18:12,Pending,2919.84
1990,302,2024-02-09 21:37:03,Completed,236.6
1991,579,2025-08-16 00:31:26,Completed,2432.17
1992,495,2024-10-14 18:52:47,Completed,905.58
1993,114,2024-03-14 02:06:03,Cancelled,1514.24
1994,967,2025-10-13 01:45:42,Pending,3134.4
1995,109,2024-01-08 05:04:23,Completed,238.96
1996,94,2025-03-24 14:37:26,Cancelled,1965.5700000000002
1997,517,2024-07-17 08:28:25,Completed,4208.32
1998,131,2024-02-19 11:43:56,Cancelled,1214.94
1999,528,2024-04-05 23:20:15,Completed,314.07
2000,954,2024-06-06 04:17:32,Cancelled,3492.66
2001,409,2024-04-27 05:17:25,Cancelled,235.71
2002,762,2025-03-27 21:35:01,Completed,235.71
2003,18,2024-04-02 08:17:12,Pending,1431.1799999999998
2004,921,2023-11-16 20:07:44,Pending,1529.85
2005,802,2024-09-29 09:29:25,Completed,403.78
2006,37,2025-05-07 03:04:48,Completed,2347.3599999999997
2007,342,2024-08-26 01:02:51,Cancelled,903.4
2008,157,2025-03-27 08:47:26,Cancelled,2122.7799999999997
2009,32,2024-05-24 21:21:23,Pending,169.22
2010,551,2023-11-16 18:59:24,Completed,2222.6400000000003
2011,479,2024-02-25 20:36:32,Pending,2880.5
2012,296,2024-09-20 00:32:49,Pending,1589.44
2013,732,2025-06-01 16:03:18,Pending,1221.97
2014,442,2024-08-01 08:59:39,Cancelled,1918.78
2015,72,2023-11-28 18:43:11,Cancelled,2180.0
2016,156,2024-10-12 10:34:48,Pending,2576.45
2017,914,2024-01-15 05:33:32,Completed,1274.71
2018,662,2025-06-18 22:11:19,Pending,6548.19
2019,785,2023-12-27 08:30:14,Pending,1664.7
2020,614,2025-07-08 19:24:37,Pending,3285.9
2021,901,2024-04-15 20:53:32,Completed,1979.76
2022,26,2024-10-23 18:27:48,Completed,1207.7
2023,419,2025-05-01 15:20:35,Cancelled,2902.3
2024,530,2024-07-01 21:33:00,Cancelled,1116.54
2025,375,2025-07-02 23:41:22,Pending,2618.44
2026,602,2024-06-29 16:15:20,Cancelled,1926.58
2027,115,2025-07-10 17:55:35,Cancelled,639.96
2028,224,2024-09-07 06:06:02,Completed,1651.1299999999999
2029,511,2024-08-26 00:40:05,Completed,3495.32
2030,816,2024-01-08 08:24:17,Pending,3481.38
2031,25,2024-08-26 12:34:08,Completed,1429.0
2032,847,2024-02-17 04:55:13,Completed,1021.96
2033,323,2025-04-03 06:55:11,Cancelled,1536.64
2034,805,2025-09-06 11:42:20,Pending,622.67
2035,300,2024-02-06 00:01:46,Pending,3331.88
2036,382,2025-02-03 22:33:48,Cancelled,3085.44
2037,922,2024-01-09 04:20:35,Pending,680.32
2038,982,2023-12-11 09:59:15,Cancelled,723.64
2039,543,2025-08-06 21:23:25,Cancelled,317.16
2040,414,2023-12-18 02:57:53,Pending,304.24
2041,917,2024-06-11 00:13:47,Cancelled,1163.51
2042,193,2025-04-28 14:50:06,Completed,57.06
2043,757,2023-11-28 23:00:50,Pending,1434.1999999999998
2044,82,2025-05-12 18:00:30,Pending,2477.04
2045,466,2023-12-05 16:29:44,Cancelled,1701.3
2046,270,2025-05-14 00:40:32,Pending,1060.58
2047,772,2024-02-29 11:59:41,Completed,1902.96
2048,877,2024-08-24 17:50:31,Cancelled,1067.85
2049,648,2024-06-10 15:55:45,Completed,1699.83
2050,573,2023-11-28 15:18:48,Pending,2915.23
2051,513,2024-11-04 02:29:26,Cancelled,1030.09
2052,658,2024-05-26 18:44:33,Cancelled,1588.84
2053,685,2024-12-01 17:43:03,Cancelled,2761.86
2054,105,2024-11-03 06:45:48,Cancelled,107.88
2055,870,2025-06-11 09:50:05,Pending,877.96
2056,36,2024-09-15 20:21:01,Completed,1122.18
2057,727,2025-05-24 08:09:42,Cancelled,2364.61
2058,123,2024-12-30 00:40:23,Pending,2427.76
2059,741,2025-09-05 14:53:31,Completed,615.21
2060,309,2024-06-15 03:15:31,Cancelled,2843.42
2061,936,2024-06-10 04:40:24,Completed,1153.26
2062,803,2024-09-13 18:26:51,Pending,2428.48
2063,676,2023-11-26 15:07:22,Cancelled,1448.53
2064,451,2024-04-18 17:38:10,Completed,1674.64
2065,164,2024-03-04 15:32:02,Cancelled,1893.6
2066,748,2025-03-08 19:25:01,Cancelled,2713.98
2067,870,2024-02-13 00:01:33,Completed,1384.1100000000001
2068,893,2024-01-06 03:26:22,Pending,3709.38
2069,772,2024-09-24 15:09:10,Completed,1605.52
2070,601,2024-08-10 11:01:45,Completed,2047.41
2071,101,2025-06-13 17:22:45,Completed,1543.4899999999998
2072,231,2023-12-03 16:22:41,Completed,2978.26
2073,275,2024-11-19 20:33:23,Pending,3202.8900000000003
2074,346,2025-01-12 09:05:56,Pending,71.9
2075,163,2025-08-30 15:11:42,Cancelled,173.88
2076,588,2025-06-04 00:19:11,Cancelled,2023.9199999999998
2077,72,2025-06-06 04:51:11,Completed,1282.05
2078,577,2024-06-17 13:04:14,Completed,1565.79
2079,494,2024-09-22 21:16:24,Pending,94.39
2080,885,2024-10-26 01:05:50,Cancelled,1768.24
2081,978,2025-04-06 01:21:45,Completed,156.42
2082,500,2024-08-08 11:11:28,Completed,380.64
2083,65,2024-03-09 02:21:54,Cancelled,4253.61
2084,808,2024-03-11 23:19:54,Cancelled,2802.53
2085,782,2025-03-08 11:40:19,Cancelled,1991.56
2086,236,2024-09-14 06:50:48,Pending,1532.47
2087,971,2025-09-02 21:28:33,Completed,1763.35
2088,119,2025-10-06 07:23:46,Completed,959.67
2089,243,2024-09-23 08:29:14,Cancelled,719.24
2090,797,2024-08-22 01:15:36,Pending,771.66
2091,857,2023-11-15 04:51:00,Completed,3709.48
2092,914,2024-05-28 00:28:40,Cancelled,4578.0
2093,465,2024-05-22 19:57:21,Pending,504.63
2094,822,2024-12-23 11:29:34,Pending,1955.27
2095,228,2024-10-03 15:12:43,Completed,373.48
2096,873,2024-05-09 04:16:24,Cancelled,4074.5699999999997
2097,431,2025-05-27 21:33:20,Pending,3277.3500000000004
2098,628,2024-12-07 20:35:08,Pending,465.94
2099,540,2025-03-10 14:17:20,Pending,2798.14
2100,485,2024-08-19 22:59:54,Pending,1429.0
2101,71,2023-12-16 18:42:45,Cancelled,949.69
2102,33,2024-07-02 08:36:25,Pending,1462.0900000000001
2103,842,2025-01-05 20:04:43,Completed,1350.05
2104,238,2025-04-20 14:16:56,Pending,3783.95
2105,40,2023-11-20 02:03:40,Cancelled,354.06
2106,305,2024-06-11 17:21:35,Completed,4632.43
2107,451,2025-01-21 05:49:26,Pending,2540.85
2108,419,2024-04-19 18:16:12,Completed,3419.44
2109,707,2024-03-15 16:13:18,Cancelled,1588.84
2110,71,2025-06-06 22:46:34,Completed,1107.3
2111,257,2024-03-13 01:46:17,Pending,2881.32
2112,133,2024-12-01 22:29:55,Completed,3745.7999999999997
2113,511,2023-11-15 23:59:20,Pending,3357.7
2114,467,2024-06-30 12:11:34,Completed,3124.29
2115,250,2025-08-28 23:15:42,Completed,3556.56
2116,469,2024-10-18 03:50:38,Cancelled,527.26
2117,421,2025-01-17 17:49:25,Completed,3418.38
2118,147,2025-01-17 20:58:24,Completed,1954.0100000000002
2119,758,2024-01-31 10:07:25,Cancelled,2190.23
2120,54,2024-08-28 08:43:36,Pending,2783.08
2121,516,2024-12-28 19:16:55,Cancelled,2117.5
2122,786,2025-02-02 22:58:51,Pending,1304.6000000000001
2123,181,2024-07-27 17:08:22,Pending,1158.0
2124,878,2024-01-28 01:25:13,Cancelled,2700.96
2125,287,2024-05-26 07:03:59,Cancelled,1521.31
2126,691,2025-05-05 12:15:17,Cancelled,3840.73
2127,433,2024-11-17 09:40:12,Pending,315.4
2128,94,2025-08-01 04:01:28,Completed,3996.3500000000004
2129,246,2025-05-10 13:17:38,Cancelled,3066.0299999999997
2130,455,2024-10-20 21:25:39,Cancelled,374.06
2131,285,2025-03-22 05:47:27,Cancelled,1864.4
2132,211,2024-01-01 13:58:20,Cancelled,4245.18
2133,998,2025-10-17 21:33:06,Pending,1012.38
2134,412,2024-03-01 01:52:49,Pending,443.14
2135,55,2025-10-03 03:00:38,Cancelled,1549.98
2136,941,2024-06-10 23:13:01,Pending,1893.4299999999998
2137,486,2024-02-20 22:54:32,Pending,1808.8600000000001
2138,677,2024-01-05 22:05:06,Completed,1985.14
2139,239,2025-08-31 00:18:44,Completed,2833.54
2140,374,2023-10-30 21:09:33,Pending,2330.49
2141,61,2025-02-10 07:46:11,Cancelled,114.12
2142,371,2024-02-16 22:30:15,Pending,2108.68
2143,48,2025-03-12 05:03:04,Cancelled,1191.08
2144,793,2023-10-27 15:20:04,Cancelled,152.4
2145,403,2025-07-30 09:22:46,Cancelled,1075.73
2146,760,2023-10-30 15:23:30,Completed,2053.04
2147,634,2024-06-23 15:03:38,Pending,2898.0499999999997
2148,471,2025-09-21 06:46:25,Cancelled,379.64
2149,345,2024-03-06 08:03:37,Completed,113.1
2150,838,2025-07-18 15:21:03,Completed,2162.73
2151,145,2025-05-15 07:01:49,Pending,970.84
2152,43,2024-11-27 06:04:44,Pending,90.08
2153,509,2024-08-25 15:27:00,Pending,2683.13
2154,747,2024-03-26 03:48:32,Completed,851.01
2155,419,2025-09-16 16:38:16,Cancelled,1537.68
2156,150,2025-06-08 22:33:18,Cancelled,1499.1599999999999
2157,800,2025-03-20 13:48:31,Cancelled,2135.0
2158,12,2025-03-16 10:15:35,Cancelled,32.27
2159,288,2023-11-27 07:19:42,Completed,1775.4499999999998
2160,166,2024-09-23 22:59:28,Pending,5425.139999999999
2161,926,2024-02-05 07:42:00,Cancelled,428.67
2162,65,2025-06-16 22:00:11,Completed,4016.93
2163,703,2025-07-28 10:03:26,Cancelled,3518.54
2164,463,2024-12-23 10:50:24,Pending,1939.13
2165,354,2025-03-17 22:19:24,Completed,955.84
2166,952,2024-04-04 07:53:07,Completed,1935.3200000000002
2167,185,2024-11-12 07:41:49,Completed,2474.7
2168,425,2024-12-13 01:07:23,Cancelled,790.47
2169,218,2025-05-15 00:32:36,Cancelled,1778.9199999999998
2170,57,2025-01-31 03:40:26,Pending,3403.02
2171,204,2025-07-02 16:24:32,Completed,2627.5600000000004
2172,296,2024-03-28 23:12:01,Pending,1049.69
2173,57,2024-02-12 16:34:09,Cancelled,205.07
2174,318,2025-05-21 06:09:36,Pending,3974.6
2175,489,2023-10-31 15:19:14,Pending,4728.92
2176,584,2024-08-21 01:11:37,Cancelled,3504.41
2177,627,2025-03-23 01:34:11,Pending,1957.29
2178,123,2025-02-11 02:44:39,Cancelled,2784.9
2179,446,2023-11-26 10:51:25,Completed,675.54
2180,352,2023-11-17 14:44:58,Cancelled,236.84
2181,242,2024-12-03 13:39:40,Completed,2330.9300000000003
2182,564,2024-05-17 02:47:02,Cancelled,2998.48
2183,70,2024-12-03 16:13:05,Pending,2485.8
2184,546,2024-08-23 04:50:23,Pending,1457.9299999999998
2185,655,2024-11-12 11:05:00,Cancelled,2224.7599999999998
2186,702,2025-08-24 18:40:21,Pending,1751.3999999999999
2187,166,2025-08-21 14:44:11,Cancelled,2518.2200000000003
2188,19,2024-06-07 16:42:48,Pending,2380.57
2189,377,2024-06-26 18:01:46,Completed,2869.0699999999997
2190,366,2024-11-25 07:01:29,Cancelled,698.52
2191,647,2024-06-19 10:55:27,Completed,1639.3
2192,533,2024-09-04 03:31:10,Cancelled,5135.25
2193,583,2024-06-03 10:05:40,Pending,2666.7699999999995
2194,65,2024-09-15 02:49:53,Completed,3169.77
2195,664,2024-09-25 02:57:39,Pending,2153.46
2196,909,2024-10-07 17:57:10,Cancelled,874.08
2197,678,2024-10-05 14:04:22,Cancelled,1502.9299999999998
2198,384,2023-12-09 17:06:40,Pending,1678.99
2199,131,2025-01-12 08:33:38,Pending,1674.32
2200,795,2025-03-19 11:42:05,Completed,1976.16
2201,579,2024-11-07 17:24:01,Completed,2766.6600000000003
2202,977,2024-07-12 04:10:50,Cancelled,3076.87
2203,319,2024-07-31 04:01:38,Completed,1326.22
2204,293,2024-01-22 22:28:52,Cancelled,866.4399999999999
2205,868,2024-01-21 17:21:34,Cancelled,2123.4
2206,527,2024-06-08 19:43:34,Cancelled,823.6
2207,414,2024-12-07 16:09:28,Pending,1857.59
2208,859,2024-03-11 23:01:29,Completed,670.48
2209,466,2024-09-30 19:39:54,Pending,1820.08
2210,465,2023-12-05 06:12:29,Completed,2821.37
2211,873,2024-08-02 17:49:15,Completed,1135.56
2212,895,2024-06-06 04:09:24,Completed,587.85
2213,828,2024-05-22 13:45:36,Pending,1541.56
2214,586,2025-07-19 18:12:43,Cancelled,251.25
2215,124,2023-12-23 07:38:13,Pending,306.21
2216,290,2025-07-08 09:23:04,Cancelled,1957.7600000000002
2217,536,2023-12-15 10:36:44,Pending,873.88
2218,198,2024-08-17 18:48:06,Cancelled,3138.49
2219,808,2024-07-06 11:10:58,Completed,1829.37
2220,186,2025-09-26 09:28:37,Completed,4649.549999999999
2221,434,2025-07-25 14:39:53,Completed,3693.5699999999997
2222,568,2024-11-17 14:15:57,Cancelled,2810.46
2223,33,2025-05-17 15:15:19,Cancelled,385.83
2224,567,2024-05-13 03:21:10,Completed,4169.49
2225,130,2025-08-27 22:42:29,Cancelled,2639.1600000000003
2226,112,2025-04-30 17:10:22,Completed,180.42
2227,691,2023-11-18 11:00:17,Cancelled,3002.0699999999997
2228,733,2024-01-26 07:33:32,Completed,1817.0
2229,203,2025-05-31 15:07:51,Pending,1978.6200000000001
2230,889,2024-09-12 08:01:35,Completed,887.36
2231,641,2025-10-14 12:38:01,Cancelled,4305.51
2232,446,2025-07-29 15:33:47,Completed,3774.36
2233,107,2025-08-20 13:19:21,Completed,1695.62
2234,893,2024-09-11 04:05:16,Cancelled,1889.37
2235,1000,2024-06-08 06:26:12,Completed,452.76
2236,410,2024-05-18 12:21:05,Completed,627.28
2237,41,2025-08-16 20:21:31,Completed,346.28
2238,822,2025-04-14 23:59:14,Completed,2855.6
2239,746,2024-02-09 23:17:26,Pending,1592.4899999999998
2240,639,2024-09-07 06:15:29,Completed,3613.85
2241,357,2025-07-20 15:01:17,Pending,282.6
2242,455,2024-05-23 23:47:01,Cancelled,1311.12
2243,630,2023-12-24 10:58:58,Pending,1567.91
2244,818,2024-03-22 01:01:02,Pending,3059.66
2245,736,2024-04-18 00:55:04,Pending,598.4599999999999
2246,609,2024-12-23 04:36:29,Completed,651.3599999999999
2247,936,2023-10-22 03:39:56,Pending,2683.5699999999997
2248,55,2024-10-13 16:17:57,Cancelled,981.5999999999999
2249,208,2024-05-16 11:53:37,Cancelled,2261.3900000000003
2250,499,2023-12-22 13:22:29,Completed,4259.15
2251,838,2025-09-30 20:30:38,Pending,2436.64
2252,158,2024-06-08 19:50:14,Completed,1090.68
2253,685,2025-01-23 21:39:03,Completed,3741.05
2254,101,2025-03-03 16:05:09,Pending,4021.2799999999997
2255,518,2025-06-16 05:34:25,Completed,723.64
2256,243,2024-09-05 10:39:05,Completed,2038.77
2257,158,2025-08-05 01:47:07,Pending,1836.8799999999999
2258,256,2025-02-09 03:02:31,Cancelled,2008.4700000000003
2259,851,2025-01-10 21:11:13,Completed,1102.56
2260,125,2025-08-28 21:53:25,Cancelled,787.28
2261,999,2025-09-25 08:20:42,Cancelled,1859.8500000000001
2262,695,2024-04-14 02:01:38,Completed,4014.8099999999995
2263,186,2025-02-22 12:32:47,Cancelled,1619.7
2264,876,2024-01-14 13:40:26,Pending,2920.82
2265,800,2025-02-06 15:39:13,Pending,2066.59
2266,21,2025-06-09 12:23:19,Cancelled,236.6
2267,882,2024-04-10 02:01:50,Pending,180.16
2268,939,2024-03-22 21:21:58,Completed,1855.97
2269,605,2024-05-18 06:08:39,Completed,2842.95
2270,593,2024-10-11 04:10:41,Cancelled,1841.04
2271,41,2023-11-02 21:12:34,Completed,1734.06
2272,301,2024-04-20 06:38:58,Cancelled,3194.5
2273,275,2023-11-08 07:58:33,Pending,4329.24
2274,118,2023-11-19 02:44:00,Pending,622.55
2275,211,2024-01-21 04:29:13,Completed,1991.42
2276,552,2025-10-07 14:58:25,Pending,3757.8999999999996
2277,535,2024-04-06 04:38:51,Pending,1613.3
2278,873,2024-12-09 13:11:25,Cancelled,2658.46
2279,108,2024-11-13 00:23:44,Cancelled,2348.2999999999997
2280,662,2024-03-15 23:51:57,Pending,2278.69
2281,310,2023-12-22 23:50:09,Cancelled,2626.56
2282,286,2025-01-06 07:59:35,Cancelled,6243.12
2283,931,2025-04-25 04:41:59,Completed,2763.0
2284,890,2024-12-27 20:10:50,Completed,542.6
2285,238,2025-04-18 16:10:18,Cancelled,663.46
2286,305,2024-05-14 20:34:07,Cancelled,1412.44
2287,314,2024-09-27 03:32:58,Pending,1367.4
2288,205,2024-09-09 00:10:20,Pending,2861.6000000000004
2289,238,2023-12-23 15:43:53,Cancelled,236.04
2290,701,2025-10-07 11:33:40,Cancelled,158.86
2291,122,2025-09-04 21:04:29,Completed,6546.9400000000005
2292,338,2025-02-04 09:11:00,Cancelled,820.28
2293,974,2024-02-02 08:02:59,Completed,3398.6499999999996
2294,210,2025-05-25 00:33:35,Pending,1713.81
2295,142,2023-12-23 07:16:12,Pending,2042.8600000000001
2296,567,2024-08-21 05:17:54,Cancelled,198.98
2297,562,2025-06-18 12:44:59,Cancelled,2354.9
2298,910,2024-10-29 16:35:18,Cancelled,3368.46
2299,191,2024-02-26 13:30:44,Cancelled,2036.0500000000002
2300,833,2025-04-26 13:23:18,Cancelled,1407.29
2301,693,2024-05-20 10:49:37,Completed,1153.88
2302,764,2025-02-24 06:32:24,Pending,41.68
2303,331,2024-03-16 10:13:34,Completed,1152.48
2304,764,2025-03-31 03:59:26,Cancelled,316.11
2305,925,2024-03-05 22:26:37,Completed,4416.24
2306,85,2023-12-18 17:15:36,Cancelled,3593.7599999999998
2307,149,2025-05-06 12:09:03,Cancelled,165.24
2308,844,2025-04-25 13:12:24,Completed,2809.66
2309,203,2024-06-04 23:40:36,Completed,142.79
2310,912,2024-03-06 11:27:13,Completed,2016.06
2311,155,2025-05-15 14:39:26,Pending,2251.26
2312,341,2025-03-14 11:42:16,Cancelled,3810.8500000000004
2313,720,2023-12-02 00:46:51,Pending,6256.32
2314,977,2025-02-19 16:16:01,Completed,1219.0
2315,429,2025-09-16 22:05:14,Pending,1544.72
2316,520,2023-10-29 11:13:41,Cancelled,3488.08
2317,544,2024-03-31 13:33:16,Completed,234.63
2318,396,2025-01-24 10:10:03,Pending,2755.4900000000002
2319,40,2024-08-10 19:14:30,Completed,1435.29
2320,777,2025-06-17 04:50:10,Cancelled,3481.0
2321,432,2024-05-31 17:09:06,Pending,704.02
2322,460,2025-02-04 02:31:30,Pending,1389.28
2323,486,2025-03-06 16:12:28,Completed,1918.02
2324,668,2024-11-22 09:49:21,Completed,3425.75
2325,149,2025-05-24 17:25:58,Completed,2486.9
2326,950,2025-06-13 22:09:47,Pending,1039.6
2327,331,2025-04-12 13:45:35,Cancelled,4641.62
2328,596,2025-09-29 01:38:11,Completed,90.21
2329,533,2024-01-11 01:42:15,Completed,317.62
2330,996,2025-02-14 21:54:37,Completed,3339.88
2331,621,2024-04-22 02:03:49,Pending,1128.78
2332,346,2025-02-21 15:37:07,Pending,1513.9
2333,958,2024-08-12 08:47:18,Pending,2236.05
2334,629,2025-08-05 12:15:29,Completed,2024.8300000000002
2335,580,2025-05-13 19:28:27,Completed,1434.22
2336,856,2024-09-28 10:08:13,Completed,2041.0900000000001
2337,967,2025-02-05 11:14:04,Completed,900.72
2338,395,2024-01-13 20:23:44,Completed,3004.25
2339,228,2024-08-06 21:29:07,Completed,677.55
2340,61,2024-10-20 15:59:32,Pending,2352.56
2341,115,2025-07-06 14:55:02,Cancelled,4392.04
2342,662,2024-12-24 22:19:11,Pending,1836.1799999999998
2343,153,2024-01-06 13:12:23,Pending,1780.92
2344,363,2025-06-17 08:18:31,Cancelled,1770.12
2345,638,2025-03-31 13:14:40,Pending,1922.17
2346,363,2025-06-09 19:27:56,Cancelled,2869.91
2347,500,2024-02-24 02:28:45,Cancelled,2561.2599999999998
2348,477,2023-12-02 05:19:36,Cancelled,1040.79
2349,16,2024-10-26 18:44:46,Pending,3541.06
2350,531,2024-10-12 17:54:03,Pending,1239.52
2351,453,2024-12-26 09:31:11,Pending,1268.46
2352,485,2025-09-07 08:10:26,Completed,428.16
2353,860,2025-05-03 23:26:48,Pending,773.88
2354,441,2025-07-24 08:37:22,Completed,2661.41
2355,420,2024-08-11 23:11:40,Pending,768.86
2356,515,2025-09-24 14:09:46,Cancelled,659.6
2357,640,2025-09-09 03:06:57,Completed,3142.2799999999997
2358,142,2024-07-23 18:30:27,Completed,3294.9
2359,810,2025-10-05 11:27:51,Cancelled,346.28
2360,532,2024-12-17 15:07:18,Completed,2775.77
2361,46,2024-11-11 13:01:35,Cancelled,559.62
2362,158,2025-03-21 03:05:46,Pending,1910.95
2363,739,2025-08-28 06:27:33,Completed,1782.25
2364,880,2024-03-20 00:55:16,Pending,3279.51
2365,240,2024-07-05 23:05:37,Pending,4529.69
2366,973,2025-08-19 09:59:19,Cancelled,1048.18
2367,153,2025-03-22 12:23:33,Pending,2647.68
2368,993,2024-02-24 12:05:52,Completed,2227.9
2369,164,2025-07-13 13:23:26,Completed,855.56
2370,295,2025-08-27 18:07:06,Pending,2119.9300000000003
2371,645,2024-03-25 06:02:13,Pending,5657.76
2372,678,2024-12-29 18:52:46,Cancelled,2000.3999999999999
2373,97,2025-05-12 19:57:34,Completed,3308.69
2374,376,2025-03-17 22:57:01,Completed,1204.14
2375,740,2023-12-18 19:39:05,Pending,215.76
2376,770,2024-08-09 10:16:09,Pending,2056.06
2377,530,2024-09-06 07:37:00,Cancelled,183.64
2378,542,2024-03-03 10:21:19,Completed,1883.98
2379,254,2025-02-19 04:03:32,Cancelled,4073.42
2380,797,2024-09-04 21:03:25,Completed,5524.78
2381,45,2023-10-26 12:06:45,Cancelled,2716.2400000000002
2382,448,2024-12-05 15:26:19,Cancelled,2420.66
2383,538,2025-04-12 02:45:14,Pending,82.62
2384,447,2025-01-23 02:23:33,Completed,2087.98
2385,366,2024-12-23 20:00:01,Pending,3267.79
2386,146,2025-09-05 19:17:32,Pending,2713.48
2387,763,2024-11-30 05:40:41,Cancelled,1483.99
2388,515,2025-01-31 09:09:04,Completed,1777.15
2389,550,2024-01-29 16:24:52,Completed,1583.0900000000001
2390,558,2024-04-23 12:10:03,Pending,1041.05
2391,973,2025-03-06 05:37:42,Completed,2778.75
2392,14,2024-09-05 21:19:48,Cancelled,1924.29
2393,188,2024-06-03 13:22:33,Cancelled,951.46
2394,206,2024-04-10 09:54:21,Pending,1889.8400000000001
2395,709,2024-03-04 06:11:48,Pending,3108.8199999999997
2396,267,2023-12-28 18:53:32,Cancelled,2944.04
2397,808,2024-07-10 23:07:11,Pending,797.26
2398,776,2024-01-18 20:04:45,Pending,2611.2200000000003
2399,86,2025-01-30 12:40:03,Pending,2468.6
2400,83,2023-12-23 12:11:20,Pending,1416.35
2401,229,2023-12-30 09:06:40,Pending,3334.23
2402,241,2025-04-24 07:48:57,Cancelled,234.82
2403,556,2024-07-23 05:24:41,Cancelled,476.43
2404,990,2025-05-06 07:06:35,Completed,976.52
2405,430,2025-04-02 09:00:04,Cancelled,1445.85
2406,572,2024-06-07 22:12:05,Completed,2542.3199999999997
2407,746,2025-10-09 22:16:09,Cancelled,32.27
2408,734,2025-06-09 22:27:49,Completed,1870.8500000000001
2409,475,2024-02-24 03:10:46,Completed,451.49
2410,462,2025-04-27 04:42:07,Pending,1057.45
2411,62,2024-08-19 06:22:43,Completed,175.52
2412,856,2024-12-19 19:30:21,Cancelled,2208.43
2413,820,2025-10-18 21:25:42,Completed,2396.68
2414,958,2025-04-23 09:55:44,Pending,1251.29
2415,275,2025-01-15 14:43:38,Pending,4529.66
2416,941,2025-03-22 07:52:53,Completed,522.62
2417,580,2024-10-22 23:40:50,Completed,1645.8000000000002
2418,358,2024-10-26 02:18:28,Completed,107.85
2419,323,2025-07-10 15:21:51,Cancelled,3165.25
2420,293,2024-03-26 01:19:09,Completed,2233.1
2421,183,2025-09-21 02:13:33,Cancelled,4252.61
2422,451,2025-07-29 14:24:23,Cancelled,794.05
2423,469,2024-01-25 13:11:28,Pending,3992.79
2424,204,2024-04-29 06:14:38,Cancelled,3197.58
2425,61,2023-12-11 09:56:49,Pending,565.2
2426,197,2025-07-25 10:34:19,Completed,1469.64
2427,315,2025-01-11 16:58:38,Pending,2652.8599999999997
2428,402,2024-05-05 17:09:38,Pending,153.42000000000002
2429,219,2025-08-28 15:52:19,Pending,3018.33
2430,705,2025-03-11 19:28:42,Completed,608.9200000000001
2431,611,2025-10-12 12:45:09,Cancelled,2003.65
2432,692,2025-04-18 18:39:27,Completed,2274.48
2433,101,2024-08-19 20:01:32,Pending,4467.83
2434,609,2024-08-12 08:13:42,Cancelled,90.08
2435,94,2024-03-03 08:26:01,Pending,1102.54
2436,890,2024-07-18 04:24:03,Pending,1029.14
2437,137,2024-05-08 06:28:52,Completed,1012.4200000000001
2438,608,2024-11-17 17:08:24,Pending,107.88
2439,188,2024-02-10 16:30:55,Pending,45.24
2440,568,2024-03-21 22:26:11,Completed,3931.82
2441,785,2024-01-27 10:48:02,Pending,522.62
2442,813,2024-01-27 10:29:08,Cancelled,1222.5
2443,652,2025-07-10 09:42:28,Completed,2072.29
2444,626,2025-04-23 02:24:46,Cancelled,2326.48
2445,325,2024-07-03 22:04:59,Pending,2539.48
2446,232,2025-01-09 02:56:46,Completed,659.6
2447,859,2023-10-24 15:56:14,Pending,816.25
2448,634,2025-01-30 18:09:32,Pending,2657.25
2449,541,2025-08-30 09:47:06,Cancelled,679.14
2450,215,2024-05-25 17:14:04,Cancelled,1871.85
2451,823,2025-09-10 16:16:04,Pending,2003.65
2452,131,2025-10-07 02:30:22,Completed,1647.57
2453,227,2024-12-11 15:24:39,Cancelled,390.15
2454,34,2024-10-09 07:32:21,Completed,1922.54
2455,503,2024-01-31 10:43:47,Pending,2604.44
2456,991,2024-01-25 23:38:00,Completed,1888.92
2457,803,2025-03-31 20:46:49,Cancelled,1470.08
2458,17,2024-11-01 04:58:42,Pending,735.33
2459,144,2025-10-21 13:07:26,Completed,2766.5699999999997
2460,770,2024-01-06 17:45:31,Cancelled,1301.41
2461,703,2023-10-25 02:41:50,Cancelled,2432.09
2462,919,2024-05-18 07:17:02,Pending,3331.6
2463,380,2024-12-04 22:28:19,Cancelled,2207.09
2464,742,2023-10-28 18:30:51,Pending,1468.86
2465,252,2025-07-17 02:54:47,Completed,2577.08
2466,633,2025-02-28 12:44:43,Completed,1753.3799999999999
2467,231,2024-10-20 05:52:00,Completed,2861.57
2468,629,2024-12-04 11:14:48,Completed,4018.4
2469,474,2024-04-08 19:48:06,Pending,4661.610000000001
2470,453,2024-10-26 19:56:05,Completed,1128.48
2471,956,2024-01-12 06:30:49,Completed,3072.15
2472,866,2024-03-01 21:04:25,Cancelled,969.28
2473,620,2024-04-02 14:50:50,Cancelled,1498.22
2474,479,2024-01-31 00:00:20,Completed,1264.44
2475,213,2024-04-11 05:43:45,Pending,3635.1
2476,477,2025-01-26 08:29:46,Cancelled,2071.71
2477,622,2023-12-05 07:00:52,Cancelled,1202.19
2478,468,2023-10-28 11:22:57,Pending,933.01
2479,905,2024-11-18 03:30:14,Pending,1689.1599999999999
2480,986,2025-10-03 10:54:29,Pending,1082.03
2481,101,2024-02-02 07:37:33,Cancelled,1512.98
2482,809,2024-07-09 07:57:52,Cancelled,540.02
2483,183,2025-02-27 22:54:22,Cancelled,1548.56
2484,726,2024-11-03 11:03:04,Pending,76.2
2485,930,2025-06-03 09:40:29,Cancelled,728.13
2486,616,2025-06-28 22:33:36,Completed,243.35999999999999
2487,760,2024-06-07 10:29:15,Completed,2267.1099999999997
2488,825,2025-06-24 04:57:47,Pending,424.62
2489,713,2025-01-30 10:33:00,Completed,1336.19
2490,57,2025-05-08 02:42:09,Pending,679.14
2491,520,2024-01-02 05:20:41,Pending,1302.81
2492,222,2024-04-06 07:17:59,Completed,2286.64
2493,576,2024-05-11 21:34:35,Pending,2106.91
2494,980,2024-10-12 16:58:21,Pending,238.29
2495,914,2024-05-26 21:41:06,Completed,3074.2200000000003
2496,653,2024-03-04 11:53:45,Completed,676.88
2497,396,2025-01-31 10:45:42,Pending,861.64
2498,173,2024-11-25 06:52:43,Completed,1739.3899999999999
2499,205,2025-02-20 13:32:11,Completed,3204.3199999999997
2500,715,2025-03-30 15:37:54,Completed,1101.6
2501,131,2025-03-30 22:21:54,Pending,30.46
2502,581,2025-02-24 07:36:16,Cancelled,2791.75
2503,832,2024-09-19 04:03:24,Completed,2935.4
2504,302,2023-12-05 20:06:45,Cancelled,2616.52
2505,615,2024-07-24 23:34:34,Cancelled,2701.04
2506,612,2025-06-12 05:30:44,Completed,2017.1
2507,418,2025-07-30 20:02:57,Completed,2602.7799999999997
2508,537,2025-05-20 09:43:43,Pending,1529.85
2509,901,2025-02-22 11:37:46,Pending,820.28
2510,364,2024-06-02 05:49:11,Completed,3036.55
2511,610,2024-12-27 22:37:19,Pending,1816.6299999999999
2512,111,2024-10-04 23:24:33,Completed,1454.5600000000002
2513,613,2024-02-03 23:05:09,Completed,2979.9
2514,997,2024-06-15 14:28:13,Cancelled,2393.21
2515,376,2023-12-18 23:22:39,Pending,210.24
2516,323,2023-11-27 06:45:38,Cancelled,902.41
2517,241,2025-05-12 14:57:24,Pending,665.58
2518,605,2024-12-24 12:37:33,Cancelled,2263.55
2519,127,2025-05-31 22:38:18,Completed,1308.34
2520,83,2025-06-02 06:06:55,Cancelled,401.47999999999996
2521,874,2025-02-11 12:18:45,Pending,3419.08
2522,279,2023-11-20 15:09:34,Pending,366.90999999999997
2523,609,2025-01-02 20:09:54,Pending,1404.99
2524,301,2025-10-08 09:41:16,Pending,590.9300000000001
2525,898,2024-08-21 23:52:35,Pending,355.26
2526,605,2024-11-19 04:56:01,Completed,1281.85
2527,299,2024-01-17 17:34:07,Completed,632.22
2528,726,2024-07-05 14:04:34,Cancelled,407.5
2529,379,2023-12-10 15:18:03,Pending,3260.65
2530,197,2024-04-23 13:43:31,Completed,1932.84
2531,979,2024-10-17 00:42:11,Cancelled,1664.94
2532,278,2024-12-24 18:50:03,Pending,432.06
2533,649,2024-08-07 07:57:38,Cancelled,284.11
2534,739,2025-05-31 22:47:25,Completed,432.16999999999996
2535,430,2024-12-15 17:35:19,Cancelled,2815.8100000000004
2536,861,2024-12-27 10:55:34,Completed,2173.42
2537,701,2025-07-28 18:55:03,Completed,471.91999999999996
2538,345,2024-08-03 19:08:46,Pending,2286.62
2539,979,2023-12-30 13:14:57,Pending,317.62
2540,42,2025-05-25 18:03:46,Pending,3226.81
2541,833,2024-02-09 22:42:13,Pending,436.68
2542,575,2025-06-11 10:23:59,Completed,865.06
2543,87,2024-05-23 01:31:39,Pending,1858.81
2544,611,2025-03-12 04:12:24,Cancelled,663.87
2545,112,2023-11-06 05:35:21,Completed,4901.04
2546,118,2024-05-03 04:47:21,Cancelled,2084.74
2547,506,2025-03-29 01:02:46,Pending,2251.1
2548,926,2025-07-14 18:53:46,Completed,1223.52
2549,645,2025-04-09 17:56:14,Completed,1979.26
2550,186,2024-12-10 18:00:20,Completed,5129.58
2551,695,2024-07-27 11:01:01,Cancelled,2107.13
2552,364,2024-06-21 06:27:57,Cancelled,351.04
2553,298,2024-02-10 06:57:56,Completed,1430.0700000000002
2554,5,2025-05-08 13:36:32,Completed,212.88
2555,301,2024-11-25 17:33:21,Completed,2714.17
2556,842,2024-10-01 15:04:46,Cancelled,1086.3400000000001
2557,528,2024-10-10 14:56:27,Cancelled,2383.94
2558,819,2024-11-15 09:20:30,Completed,782.79
2559,148,2024-02-11 03:13:25,Pending,955.1700000000001
2560,316,2025-07-23 05:27:45,Completed,1329.52
2561,973,2025-02-26 11:28:41,Completed,2236.02
2562,58,2025-05-06 07:32:41,Cancelled,768.32
2563,100,2023-12-28 22:15:52,Completed,4836.4
2564,815,2024-05-15 01:06:41,Completed,1585.21
2565,552,2025-10-05 16:43:39,Completed,62.52
2566,202,2024-08-10 18:10:08,Completed,1161.42
2567,190,2024-05-10 15:34:51,Cancelled,2534.09
2568,881,2024-12-13 02:08:04,Pending,987.44
2569,598,2025-03-16 18:38:32,Pending,152.4
2570,608,2025-03-13 21:35:00,Cancelled,4206.65
2571,954,2025-06-02 19:04:37,Completed,1266.3899999999999
2572,228,2025-01-05 09:15:52,Pending,3656.54
2573,627,2024-01-04 23:13:02,Pending,3370.44
2574,797,2024-01-26 17:19:02,Completed,2947.27
2575,116,2024-07-09 05:58:25,Pending,2377.49
2576,154,2023-11-06 05:25:41,Completed,3049.76
2577,729,2023-12-23 03:34:21,Cancelled,2168.01
2578,542,2024-03-17 08:55:37,Pending,1165.17
2579,991,2025-06-22 18:37:20,Pending,571.16
2580,848,2025-02-03 21:48:26,Pending,2530.3
2581,422,2025-03-03 17:08:51,Pending,2706.27
2582,510,2024-04-07 13:55:48,Completed,236.04
2583,727,2025-08-01 02:46:21,Completed,568.22
2584,474,2024-03-31 08:38:20,Cancelled,424.68
2585,537,2025-03-24 10:24:36,Cancelled,2113.9900000000002
2586,154,2024-10-14 10:42:26,Pending,257.74
2587,390,2024-09-16 21:56:03,Pending,1396.0800000000002
2588,870,2024-04-17 10:25:31,Pending,2722.26
2589,113,2024-10-28 22:37:42,Pending,498.05
2590,191,2025-01-18 20:47:40,Completed,6387.88
2591,893,2024-06-10 11:38:45,Pending,4714.0
2592,730,2025-07-20 00:41:23,Cancelled,1125.9
2593,622,2024-02-14 15:12:39,Completed,4093.32
2594,621,2025-01-21 01:48:28,Completed,1863.1399999999999
2595,953,2025-03-09 08:03:47,Completed,5054.65
2596,474,2025-03-06 01:47:51,Pending,1935.7
2597,184,2024-03-31 22:29:58,Cancelled,2796.2200000000003
2598,885,2024-08-19 06:42:11,Cancelled,1080.04
2599,337,2025-05-27 17:51:16,Cancelled,1619.66
2600,476,2025-08-26 16:21:14,Completed,1805.4999999999998
2601,827,2024-05-11 14:55:48,Pending,1488.72
2602,375,2025-07-11 03:58:38,Completed,2512.2
2603,622,2024-05-17 14:44:47,Pending,1133.98
2604,609,2025-10-13 20:49:24,Cancelled,2810.75
2605,19,2025-07-16 01:20:47,Pending,405.62
2606,827,2024-11-25 00:26:17,Completed,2213.2699999999995
2607,852,2024-12-18 06:23:10,Completed,379.64
2608,698,2025-09-28 10:02:30,Completed,2667.4700000000003
2609,912,2025-07-23 14:23:27,Pending,633.68
2610,40,2025-03-28 09:27:52,Cancelled,1489.3600000000001
2611,142,2024-01-13 16:54:18,Cancelled,2290.29
2612,640,2025-03-19 10:49:37,Pending,2679.9700000000003
2613,571,2024-10-14 23:17:15,Cancelled,1965.44
2614,34,2025-08-13 22:36:09,Pending,1268.64
2615,802,2024-03-27 14:17:43,Pending,1543.32
2616,383,2023-11-27 23:48:49,Cancelled,1646.0700000000002
2617,374,2024-02-20 06:59:38,Cancelled,4325.27
2618,786,2023-11-17 18:55:45,Pending,283.17
2619,658,2025-02-15 19:39:03,Completed,156.42
2620,762,2025-09-16 03:20:12,Completed,2890.32
2621,761,2024-01-31 02:54:48,Completed,1744.35
2622,771,2025-04-25 15:56:13,Completed,2625.01
2623,786,2024-09-11 22:52:29,Cancelled,2566.4700000000003
2624,56,2024-06-16 23:00:28,Completed,2764.29
2625,920,2024-05-17 02:10:44,Pending,568.22
2626,815,2023-11-15 14:18:47,Cancelled,1981.2600000000002
2627,394,2025-02-14 14:21:19,Cancelled,2914.3
2628,112,2025-05-22 02:24:29,Pending,725.71
2629,165,2023-12-09 15:36:43,Completed,1486.92
2630,513,2024-01-21 07:16:24,Completed,889.08
2631,233,2024-05-19 19:10:23,Completed,603.56
2632,690,2024-02-13 02:48:03,Pending,3559.29
2633,306,2025-01-13 02:51:02,Cancelled,5214.91
2634,520,2024-12-12 10:12:31,Pending,1223.88
2635,467,2024-01-27 00:32:12,Pending,2027.28
2636,226,2024-02-23 14:19:55,Pending,1402.47
2637,217,2024-03-28 08:17:31,Completed,2096.41
2638,855,2024-06-06 00:45:01,Completed,2117.0899999999997
2639,322,2024-10-04 08:07:01,Cancelled,2115.18
2640,75,2025-07-12 10:15:13,Completed,408.3
2641,373,2025-08-02 23:40:41,Pending,2867.42
2642,962,2023-11-16 01:23:03,Completed,71.9
2643,147,2024-12-02 11:29:11,Cancelled,1152.48
2644,635,2025-08-12 02:13:10,Completed,30.46
2645,523,2025-01-19 03:35:02,Completed,2185.56
2646,589,2025-04-04 03:12:03,Pending,1307.6
2647,729,2025-07-14 19:16:35,Pending,1045.29
2648,319,2025-06-10 21:19:52,Completed,3020.6400000000003
2649,81,2024-10-13 15:23:39,Completed,1488.72
2650,741,2024-04-29 22:13:31,Cancelled,1119.46
2651,694,2024-12-01 01:57:39,Pending,1429.0
2652,619,2024-03-28 10:35:43,Pending,1350.33
2653,192,2025-01-09 14:34:09,Completed,1288.8400000000001
2654,509,2024-07-21 02:35:26,Completed,1946.39
2655,458,2025-01-15 02:11:01,Pending,2732.33
2656,441,2025-04-03 06:14:45,Completed,1255.37
2657,9,2024-09-04 18:26:25,Completed,1635.6
2658,427,2024-05-02 05:46:13,Cancelled,1588.84
2659,3,2024-05-18 19:47:09,Pending,3021.08
2660,346,2024-03-24 07:22:36,Pending,1116.54
2661,658,2024-11-27 14:47:26,Completed,2474.7
2662,86,2025-06-13 21:34:48,Pending,2834.09
2663,425,2024-01-04 07:08:42,Cancelled,2025.08
2664,458,2025-07-21 06:01:14,Cancelled,257.74
2665,516,2024-12-05 09:48:12,Pending,3435.89
2666,297,2024-11-13 19:39:30,Completed,1072.2
2667,391,2025-07-10 01:02:54,Completed,567.15
2668,431,2024-02-17 23:12:10,Pending,1103.08
2669,968,2024-04-27 09:45:07,Completed,5101.92
2670,836,2024-08-02 21:05:51,Completed,94.39
2671,3,2025-09-06 18:22:20,Completed,382.11
2672,197,2023-12-25 16:03:32,Pending,1271.4
2673,485,2024-03-13 20:04:31,Cancelled,4434.78
2674,210,2025-08-14 22:48:01,Cancelled,1850.2600000000002
2675,329,2023-11-12 15:07:15,Completed,1224.84
2676,739,2024-06-29 11:45:05,Pending,2965.1899999999996
2677,336,2024-05-24 11:49:52,Completed,1643.16
2678,319,2024-07-30 18:04:11,Cancelled,490.56
2679,443,2025-08-27 12:29:05,Cancelled,1892.25
2680,927,2024-07-01 08:06:39,Pending,2147.45
2681,274,2024-12-14 01:03:36,Completed,1285.19
2682,60,2024-03-29 02:52:51,Cancelled,1080.33
2683,291,2025-07-18 06:38:00,Pending,591.8399999999999
2684,875,2023-12-10 23:02:17,Completed,756.69
2685,390,2025-07-04 07:34:15,Pending,2464.7200000000003
2686,464,2025-01-27 23:50:52,Pending,1080.78
2687,180,2024-10-19 20:29:31,Cancelled,2456.51
2688,729,2024-01-28 06:08:23,Completed,4233.63
2689,566,2024-09-01 01:59:16,Cancelled,1833.04
2690,120,2025-01-07 11:31:07,Completed,3087.8999999999996
2691,463,2024-10-28 15:16:22,Cancelled,1830.46
2692,887,2024-08-23 06:47:53,Pending,1917.51
2693,884,2024-06-19 17:32:28,Completed,661.88
2694,85,2025-08-11 21:40:19,Completed,2534.97
2695,886,2024-12-29 12:52:11,Completed,2426.04
2696,144,2025-01-29 22:51:33,Pending,1493.67
2697,944,2024-04-16 03:56:44,Pending,407.06
2698,131,2024-10-24 15:14:22,Cancelled,1147.2
2699,657,2024-12-01 23:40:32,Cancelled,2234.0099999999998
2700,155,2025-09-18 04:33:28,Cancelled,570.3000000000001
2701,685,2025-09-23 15:10:11,Completed,2391.93
2702,275,2025-03-03 13:59:13,Completed,3402.34
2703,853,2024-03-13 17:00:46,Cancelled,1929.15
2704,375,2025-02-17 14:37:17,Pending,2136.26
2705,247,2025-01-26 22:11:48,Cancelled,1698.72
2706,990,2025-09-11 05:52:32,Completed,632.22
2707,59,2025-07-20 00:49:05,Completed,260.82
2708,67,2023-11-17 11:53:00,Cancelled,1167.26
2709,47,2025-07-22 09:15:19,Pending,1394.31
2710,574,2024-04-27 11:47:06,Pending,3682.83
2711,897,2025-06-29 07:44:45,Pending,82.8
2712,679,2024-05-27 13:44:01,Cancelled,2872.33
2713,38,2025-03-05 10:24:21,Pending,810.04
2714,490,2023-11-04 02:23:34,Completed,2299.6800000000003
2715,261,2025-04-11 19:27:00,Pending,2171.35
2716,647,2024-01-09 11:24:28,Completed,737.89
2717,9,2025-04-19 04:13:47,Pending,4248.17
2718,873,2024-08-04 06:38:27,Completed,2697.4700000000003
2719,853,2024-11-29 16:49:23,Pending,2591.52
2720,888,2025-04-06 01:28:34,Cancelled,381.0
2721,951,2023-12-16 19:45:38,Cancelled,3711.89
2722,124,2023-12-13 12:00:01,Pending,1157.44
2723,24,2025-09-27 06:32:51,Pending,2972.76
2724,139,2024-09-08 16:18:35,Pending,2672.52
2725,351,2024-10-16 15:03:02,Completed,1567.02
2726,67,2025-06-06 22:36:31,Pending,1217.3400000000001
2727,347,2024-07-25 21:24:16,Pending,90.32
2728,662,2024-09-02 01:27:24,Pending,1840.15
2729,777,2024-07-10 08:45:48,Pending,892.8
2730,46,2025-08-20 08:06:37,Completed,1950.75
2731,850,2024-04-03 00:43:18,Completed,2978.89
2732,11,2025-10-17 02:16:07,Cancelled,341.85
2733,526,2025-07-29 10:01:24,Cancelled,2739.56
2734,913,2025-09-24 11:30:52,Pending,2668.71
2735,770,2023-11-07 15:25:58,Cancelled,2582.02
2736,639,2024-06-24 16:42:14,Pending,2721.98
2737,622,2025-09-19 01:58:03,Pending,1373.8600000000001
2738,664,2025-03-10 15:45:41,Pending,6827.86
2739,991,2025-04-17 13:52:20,Pending,2562.44
2740,507,2024-04-15 21:15:36,Cancelled,3334.22
2741,827,2025-01-12 09:54:22,Completed,108.18
2742,556,2025-07-22 08:13:01,Pending,403.2
2743,589,2024-07-06 04:28:19,Pending,4498.780000000001
2744,644,2024-03-14 06:54:03,Pending,27.6
2745,415,2024-11-20 04:24:38,Cancelled,2827.12
2746,784,2024-06-07 00:38:08,Pending,1778.44
2747,602,2025-02-26 16:46:57,Cancelled,1620.48
2748,279,2024-05-29 18:23:13,Cancelled,3543.47
2749,676,2024-05-25 18:54:21,Completed,1649.64
2750,735,2025-05-22 20:01:08,Completed,2828.4900000000002
2751,204,2024-08-01 02:25:06,Pending,5192.110000000001
2752,624,2025-06-26 04:46:01,Completed,1815.7
2753,326,2024-03-09 20:43:41,Pending,2971.42
2754,57,2024-02-04 13:44:26,Pending,1454.68
2755,77,2025-05-18 03:15:51,Pending,1355.08
2756,308,2024-12-01 05:12:30,Cancelled,3809.71
2757,781,2025-06-05 06:59:41,Pending,141.92
2758,955,2024-02-06 12:24:39,Completed,2380.04
2759,646,2024-09-14 15:59:59,Cancelled,973.3299999999999
2760,577,2025-08-09 00:10:15,Cancelled,639.96
2761,960,2023-12-29 01:28:33,Cancelled,3796.6000000000004
2762,298,2025-07-11 19:43:17,Cancelled,537.6
2763,131,2024-04-17 05:20:16,Completed,2269.0
2764,410,2025-10-20 10:34:45,Completed,76.2
2765,489,2024-07-21 23:44:20,Cancelled,892.29
2766,747,2024-06-10 07:38:11,Pending,1835.46
2767,204,2024-12-21 17:22:05,Cancelled,261.31
2768,889,2025-05-13 19:50:19,Completed,3534.39
2769,462,2025-09-08 12:43:31,Completed,1493.27
2770,66,2024-09-01 09:44:40,Completed,875.36
2771,463,2024-05-07 10:39:24,Cancelled,887.36
2772,585,2025-10-01 08:11:46,Cancelled,29.45
2773,888,2025-07-03 02:55:52,Cancelled,2533.85
2774,525,2024-11-27 08:02:01,Cancelled,2111.86
2775,651,2024-11-01 15:41:50,Cancelled,1364.8600000000001
2776,289,2025-07-23 23:09:53,Pending,1986.42
2777,312,2024-12-02 22:27:44,Pending,1588.84
2778,552,2025-05-21 05:28:57,Completed,1227.0
2779,382,2025-04-04 21:34:42,Cancelled,1896.8600000000001
2780,893,2025-08-09 23:24:38,Pending,1129.25
2781,705,2024-05-26 19:30:45,Completed,719.28
2782,864,2025-01-27 19:35:02,Cancelled,3045.5
2783,818,2025-07-04 05:25:53,Pending,2005.1799999999998
2784,409,2025-07-18 10:34:08,Cancelled,884.71
2785,252,2025-04-05 09:28:57,Pending,2631.52
2786,241,2025-08-17 09:30:00,Pending,795.48
2787,84,2025-08-18 15:57:25,Cancelled,216.36
2788,836,2024-04-11 20:29:21,Completed,1481.8400000000001
2789,231,2025-05-13 01:52:07,Completed,2032.5700000000002
2790,97,2023-11-29 14:19:50,Completed,1931.3
2791,74,2025-02-12 13:02:11,Pending,1828.1299999999999
2792,16,2024-09-01 14:19:26,Completed,3515.3900000000003
2793,358,2024-07-26 20:14:41,Pending,2259.26
2794,860,2024-01-02 16:31:33,Cancelled,1945.27
2795,848,2023-12-01 14:50:35,Completed,1595.92
2796,612,2024-05-02 05:31:01,Cancelled,2433.61
2797,279,2024-08-14 16:10:05,Cancelled,316.11
2798,130,2024-04-09 06:51:21,Pending,3670.36
2799,201,2024-01-19 19:20:47,Cancelled,845.14
2800,100,2023-12-24 08:24:59,Cancelled,2866.62
2801,487,2025-06-03 05:15:24,Cancelled,771.66
2802,600,2025-09-25 04:22:03,Pending,2777.23
2803,820,2025-02-10 04:12:01,Pending,742.5899999999999
2804,13,2024-06-29 16:40:53,Pending,1417.48
2805,153,2025-08-04 13:08:52,Completed,1806.3700000000001
2806,725,2025-06-20 11:01:48,Pending,2543.74
2807,987,2024-09-28 18:11:47,Pending,4889.72
2808,874,2024-10-09 11:50:52,Cancelled,1579.05
2809,686,2024-06-10 22:26:44,Completed,141.92
2810,262,2024-08-22 03:52:26,Pending,3850.31
2811,482,2025-10-07 15:08:36,Completed,3619.49
2812,26,2023-11-30 07:00:24,Cancelled,4862.72
2813,828,2025-02-28 04:52:27,Completed,2477.08
2814,713,2025-04-23 02:13:38,Pending,283.84
2815,471,2024-02-14 04:36:09,Cancelled,3337.93
2816,703,2023-12-31 23:58:07,Cancelled,3230.36
2817,542,2025-04-16 00:51:02,Completed,1776.05
2818,312,2024-10-25 01:44:55,Cancelled,1218.04
2819,208,2023-12-09 15:35:25,Completed,2118.04
2820,983,2025-01-04 19:49:52,Pending,2307.04
2821,886,2025-03-31 05:45:56,Cancelled,4135.18
2822,637,2023-11-27 10:37:16,Pending,977.36
2823,525,2024-01-06 05:00:25,Cancelled,1567.39
2824,826,2023-12-23 23:35:17,Cancelled,538.77
2825,272,2025-09-29 20:01:23,Cancelled,2610.3500000000004
2826,479,2025-03-20 15:49:27,Pending,2446.46
2827,650,2024-07-06 07:10:59,Cancelled,1015.6
2828,284,2024-07-31 16:20:53,Completed,3190.41
2829,124,2024-03-19 18:34:39,Cancelled,2296.41
2830,656,2025-04-06 12:58:20,Completed,2217.59
2831,693,2024-08-30 14:57:02,Pending,1688.53
2832,745,2024-03-12 15:43:26,Cancelled,784.36
2833,520,2025-06-15 08:28:10,Pending,2448.64
2834,641,2024-09-07 03:42:09,Pending,2387.74
2835,888,2024-07-12 16:58:43,Cancelled,3184.69
2836,883,2024-10-21 05:00:22,Cancelled,3287.41
2837,226,2024-09-17 07:55:50,Pending,1024.1399999999999
2838,733,2023-11-12 16:06:14,Cancelled,1565.49
2839,3,2025-05-03 19:40:05,Cancelled,1602.92
2840,888,2025-08-20 06:24:29,Completed,1350.05
2841,629,2024-04-21 09:02:20,Pending,612.42
2842,404,2025-09-27 19:26:07,Cancelled,456.36
2843,439,2024-05-03 09:35:22,Cancelled,2047.2800000000002
2844,34,2024-04-21 14:05:02,Completed,738.57
2845,464,2024-12-05 17:08:15,Cancelled,828.73
2846,844,2025-06-29 02:42:34,Pending,930.13
2847,739,2025-08-06 23:21:02,Cancelled,1120.05
2848,968,2025-10-21 13:47:33,Pending,3573.21
2849,372,2025-04-26 08:55:43,Cancelled,1503.9
2850,40,2023-12-05 17:09:01,Pending,261.31
2851,462,2024-05-10 05:20:01,Completed,269.7
2852,967,2024-03-31 04:22:35,Cancelled,2330.2200000000003
2853,245,2025-05-25 21:50:22,Completed,1867.7400000000002
2854,82,2025-01-18 16:47:57,Pending,2887.87
2855,557,2023-12-31 22:34:28,Pending,1041.14
2856,354,2024-09-10 00:14:00,Cancelled,91.38
2857,399,2025-09-05 14:24:57,Cancelled,53.94
2858,943,2024-10-08 09:30:00,Pending,2268.75
2859,326,2025-03-29 19:50:34,Cancelled,35.95
2860,192,2024-06-25 01:48:19,Pending,1474.6
2861,338,2025-10-08 01:45:30,Pending,423.9
2862,936,2024-10-29 03:19:32,Completed,2466.18
2863,102,2024-02-14 15:14:22,Pending,212.86
2864,643,2024-07-23 10:06:39,Pending,522.62
2865,140,2024-03-07 20:36:31,Pending,3322.24
2866,322,2024-11-19 02:45:46,Cancelled,2905.74
2867,113,2024-11-03 23:53:43,Cancelled,1164.39
2868,645,2025-07-31 12:05:03,Pending,2840.83
2869,820,2025-05-26 08:18:19,Completed,993.05
2870,341,2025-02-28 09:45:38,Completed,1710.83
2871,43,2025-02-09 12:12:46,Completed,783.93
2872,237,2023-11-01 02:42:13,Cancelled,3210.23
2873,301,2025-06-18 06:35:38,Completed,692.56
2874,867,2023-12-17 21:00:10,Cancelled,1965.6399999999999
2875,833,2024-05-29 14:43:57,Completed,1536.64
2876,938,2025-01-21 16:12:34,Pending,987.44
2877,585,2025-04-04 20:43:59,Pending,2152.17
2878,715,2024-08-26 06:08:37,Cancelled,2441.51
2879,739,2023-12-31 10:52:16,Pending,1226.15
2880,800,2025-02-01 01:46:01,Pending,1030.8
2881,169,2024-03-29 06:51:37,Completed,1321.2
2882,139,2025-06-20 17:10:25,Cancelled,2440.7200000000003
2883,282,2025-02-12 12:03:48,Cancelled,711.9
2884,155,2025-01-19 17:27:41,Cancelled,3169.26
2885,210,2024-03-06 10:51:10,Completed,2322.17
2886,787,2024-06-10 05:56:47,Cancelled,2101.41
2887,366,2023-11-28 02:21:06,Pending,995.78
2888,399,2025-03-19 16:03:28,Pending,259.53999999999996
2889,661,2025-08-11 15:18:33,Completed,2300.19
2890,531,2024-07-14 22:30:13,Pending,2261.16
2891,812,2024-02-16 17:02:45,Cancelled,631.8599999999999
2892,868,2024-10-31 16:12:39,Pending,1979.76
2893,636,2024-04-09 07:46:52,Pending,635.7
2894,832,2024-11-16 20:43:51,Pending,741.36
2895,615,2025-06-17 02:01:34,Completed,2385.29
2896,308,2025-02-04 09:07:50,Completed,1260.1799999999998
2897,369,2025-06-19 05:49:15,Pending,1045.24
2898,909,2024-02-17 12:26:09,Pending,2079.44
2899,459,2024-08-21 20:56:42,Pending,4041.84
2900,541,2024-07-03 05:39:29,Pending,915.61
2901,746,2024-05-28 23:57:59,Completed,306.24
2902,667,2025-05-16 23:03:07,Cancelled,1359.48
2903,297,2024-09-17 23:43:11,Pending,1019.52
2904,483,2024-10-02 05:17:32,Completed,590.35
2905,922,2024-10-07 23:20:15,Pending,3261.4500000000003
2906,674,2025-07-03 04:45:33,Pending,3210.9100000000003
2907,937,2025-02-11 17:09:40,Cancelled,114.3
2908,447,2025-02-25 10:35:33,Pending,1129.25
2909,618,2024-06-20 14:51:50,Cancelled,2342.54
2910,529,2024-04-19 15:14:21,Pending,3275.48
2911,980,2024-07-29 04:03:27,Completed,2005.54
2912,982,2023-12-23 13:42:00,Completed,528.88
2913,752,2024-06-19 00:03:05,Pending,1710.9
2914,945,2024-03-18 04:42:02,Completed,691.09
2915,270,2025-04-28 17:33:30,Completed,2575.53
2916,687,2024-12-08 16:15:12,Pending,2176.5699999999997
2917,459,2024-08-15 21:43:07,Cancelled,2041.85
2918,119,2025-10-09 16:12:02,Pending,233.95
2919,72,2023-12-01 15:53:35,Pending,2279.81
2920,997,2025-08-11 15:26:36,Completed,1821.51
2921,817,2023-11-05 13:31:54,Pending,1531.05
2922,272,2024-01-08 19:53:57,Pending,1398.3
2923,634,2025-08-05 10:41:37,Completed,3226.44
2924,96,2025-03-08 12:47:44,Completed,4567.71
2925,459,2024-06-19 02:30:23,Pending,511.85
2926,635,2025-08-24 18:25:39,Cancelled,2323.12
2927,691,2025-03-11 11:10:01,Cancelled,1900.53
2928,750,2024-05-31 12:01:11,Completed,3505.5699999999997
2929,462,2024-07-10 11:54:03,Cancelled,1749.71
2930,219,2023-12-14 07:58:27,Pending,1196.1200000000001
2931,644,2024-01-09 19:13:14,Pending,2019.07
2932,125,2024-09-24 13:25:43,Pending,1114.03
2933,865,2024-07-05 16:42:08,Cancelled,3269.7799999999997
2934,928,2025-02-22 13:05:49,Pending,1363.4299999999998
2935,706,2024-07-09 17:57:39,Completed,384.42
2936,970,2025-08-18 23:14:15,Pending,329.8
2937,54,2025-01-18 23:27:07,Completed,2514.4500000000003
2938,523,2024-09-11 16:45:40,Cancelled,506.37
2939,209,2024-04-20 22:40:30,Pending,2869.95
2940,801,2024-06-26 13:58:56,Pending,4032.4
2941,472,2025-06-10 07:03:34,Completed,254.74
2942,384,2025-09-30 10:07:28,Pending,3279.06
2943,746,2024-03-26 11:40:51,Pending,2045.32
2944,790,2025-06-25 00:23:07,Pending,2622.13
2945,551,2024-12-12 14:31:03,Completed,1370.8600000000001
2946,758,2024-05-25 17:44:49,Completed,3995.92
2947,292,2024-06-20 13:06:22,Completed,2426.2200000000003
2948,642,2023-11-08 13:39:26,Pending,679.14
2949,837,2024-11-10 23:59:54,Pending,3470.52
2950,758,2024-12-21 21:56:31,Pending,1138.4
2951,875,2025-02-23 05:36:57,Cancelled,2820.5299999999997
2952,371,2024-11-15 06:16:10,Completed,2749.2400000000002
2953,219,2024-04-25 21:44:15,Cancelled,730.76
2954,961,2024-08-02 02:29:33,Completed,1982.56
2955,578,2023-12-28 05:30:12,Cancelled,1258.4199999999998
2956,836,2024-08-31 20:42:26,Pending,2565.06
2957,552,2024-12-11 18:52:44,Completed,683.7
2958,194,2024-08-18 04:03:29,Pending,3635.7400000000002
2959,600,2024-05-03 00:04:19,Pending,234.63
2960,428,2024-09-29 00:29:57,Completed,2639.33
2961,210,2025-04-17 15:15:35,Completed,1646.05
2962,543,2024-08-11 20:56:06,Cancelled,1493.67
2963,379,2024-09-02 08:56:16,Pending,1619.7
2964,744,2024-07-22 20:31:22,Completed,724.62
2965,885,2024-05-03 05:39:16,Completed,779.39
2966,689,2025-04-29 23:58:26,Pending,3056.08
2967,89,2024-07-06 17:15:10,Completed,1030.0
2968,310,2024-05-11 08:44:10,Cancelled,807.13
2969,72,2024-02-21 09:45:56,Cancelled,710.86
2970,261,2024-11-20 12:27:51,Pending,3385.57
2971,413,2024-03-23 03:01:37,Pending,774.58
2972,102,2024-09-13 08:08:52,Completed,1895.96
2973,290,2025-09-29 17:13:53,Cancelled,782.8
2974,729,2024-09-18 00:42:58,Pending,3864.44
2975,74,2024-05-13 19:01:09,Completed,596.18
2976,7,2024-06-23 06:29:58,Pending,1109.52
2977,834,2024-05-04 22:44:52,Cancelled,2635.7
2978,922,2024-10-13 18:04:44,Cancelled,1561.65
2979,255,2025-05-25 06:57:43,Completed,4561.16
2980,943,2025-08-21 19:18:23,Completed,1990.28
2981,259,2023-11-05 05:45:45,Completed,492.59
2982,915,2023-11-07 13:43:00,Pending,1736.1799999999998
2983,506,2024-07-08 09:42:43,Cancelled,1319.2
2984,403,2023-11-15 00:46:46,Pending,1820.73
2985,540,2024-12-26 14:06:34,Completed,1125.9
2986,249,2024-03-23 08:59:39,Pending,1998.9099999999999
2987,195,2025-09-26 13:56:40,Cancelled,5639.780000000001
2988,636,2024-07-07 09:21:17,Cancelled,3665.94
2989,185,2025-05-24 03:07:18,Cancelled,83.36
2990,708,2023-11-19 16:36:52,Completed,563.49
2991,453,2025-01-08 16:17:07,Cancelled,301.55
2992,611,2024-02-02 12:03:27,Pending,135.12
2993,834,2024-11-04 12:53:47,Pending,2163.13
2994,62,2024-02-28 23:55:17,Cancelled,2743.04
2995,16,2024-05-20 06:38:45,Cancelled,2571.72
2996,854,2025-10-20 10:03:11,Completed,1675.53
2997,619,2024-10-29 07:56:36,Cancelled,2690.06
2998,886,2024-09-03 21:29:05,Completed,3077.9300000000003
2999,104,2024-12-16 22:41:58,Pending,1420.55
3000,106,2024-04-03 18:00:08,Completed,5029.8099999999995
3001,405,2025-05-02 05:20:51,Pending,2301.5
3002,721,2024-11-15 01:59:17,Completed,1777.1799999999998
3003,216,2024-01-07 08:01:20,Cancelled,1894.0900000000001
3004,876,2025-06-03 08:09:57,Cancelled,2739.84
3005,411,2024-09-20 11:25:08,Cancelled,1585.8000000000002
3006,373,2025-06-06 01:26:33,Pending,1093.33
3007,488,2023-12-18 00:03:04,Cancelled,815.79
3008,10,2023-11-24 10:26:26,Cancelled,2057.1
3009,417,2024-01-12 15:10:59,Cancelled,371.79
3010,936,2024-10-28 15:37:34,Pending,1340.7
3011,734,2024-11-29 16:16:16,Completed,2459.48
3012,908,2024-05-17 17:22:31,Completed,1367.4
3013,610,2024-07-20 21:45:46,Completed,824.36
3014,924,2024-11-19 07:00:51,Completed,1393.6599999999999
3015,398,2024-04-03 21:12:50,Completed,1074.53
3016,411,2025-09-29 17:52:51,Cancelled,1129.25
3017,337,2024-07-22 01:56:03,Pending,2161.76
3018,983,2023-11-17 00:20:19,Completed,1798.2
3019,574,2024-09-11 18:23:19,Pending,1998.8899999999999
3020,559,2025-03-12 00:30:33,Cancelled,2043.2
3021,121,2024-01-15 03:08:35,Completed,1285.0900000000001
3022,181,2024-05-26 00:59:57,Completed,1518.56
3023,499,2025-07-16 05:38:43,Cancelled,3101.82
3024,910,2025-01-26 15:52:44,Pending,1755.72
3025,345,2025-07-21 14:36:29,Cancelled,1544.24
3026,208,2024-05-26 07:51:32,Cancelled,141.3
3027,28,2024-12-03 03:44:41,Pending,1213.55
3028,616,2024-01-02 10:09:19,Cancelled,1769.98
3029,532,2024-02-14 17:09:55,Cancelled,3806.73
3030,613,2024-06-03 11:25:42,Pending,1889.25
3031,48,2025-05-01 20:20:17,Cancelled,1366.74
3032,314,2025-05-31 23:50:04,Cancelled,1091.81
3033,775,2025-07-15 13:40:58,Pending,1759.92
3034,135,2024-01-03 22:08:18,Cancelled,38.1
3035,130,2024-04-16 09:48:41,Pending,3312.38
3036,528,2024-04-08 23:02:14,Pending,967.4599999999999
3037,344,2024-04-14 10:29:19,Cancelled,180.64
3038,546,2024-06-27 21:30:50,Pending,206.55
3039,156,2025-08-06 12:20:28,Cancelled,245.52
3040,457,2025-03-28 01:19:24,Completed,45.24
3041,543,2025-06-09 22:41:50,Completed,456.36
3042,262,2023-10-30 01:27:20,Completed,2877.98
3043,628,2025-05-28 03:48:59,Pending,1375.43
3044,709,2024-07-11 23:09:52,Pending,268.8
3045,522,2025-10-17 02:28:01,Completed,2428.25
3046,353,2025-05-16 13:43:40,Completed,180.91
3047,421,2023-12-05 01:17:44,Completed,995.6200000000001
3048,432,2024-10-08 21:11:29,Cancelled,207.93
3049,562,2024-06-21 19:01:07,Completed,4012.2200000000003
3050,225,2025-05-13 16:20:14,Cancelled,1884.41
3051,291,2024-08-22 10:35:47,Cancelled,1141.27
3052,877,2024-07-15 13:47:03,Cancelled,1134.66
3053,952,2024-08-30 05:55:10,Pending,2098.35
3054,613,2025-08-25 16:51:24,Cancelled,4222.639999999999
3055,178,2025-01-14 19:05:08,Completed,3638.49
3056,458,2023-12-19 10:05:36,Completed,1675.8200000000002
3057,200,2025-08-14 15:01:54,Completed,130.38
3058,609,2024-10-22 23:02:39,Completed,311.0
3059,746,2023-12-08 07:31:02,Completed,4285.66
3060,909,2024-04-05 06:52:36,Completed,1089.81
3061,314,2024-01-15 23:05:55,Pending,223.14
3062,331,2024-06-10 15:46:00,Completed,3861.4
3063,632,2023-10-22 12:27:46,Completed,957.9100000000001
3064,603,2024-11-23 16:29:58,Completed,3064.98
3065,593,2024-11-02 10:56:58,Pending,3919.02
3066,217,2024-09-14 22:58:48,Pending,2902.3999999999996
3067,354,2025-08-12 01:17:50,Pending,2805.45
3068,123,2024-06-08 05:29:42,Pending,2479.35
3069,730,2024-09-17 16:29:45,Cancelled,1995.3100000000002
3070,834,2023-11-23 00:44:34,Completed,979.81
3071,521,2024-04-17 10:59:58,Completed,927.6600000000001
3072,30,2025-06-03 08:29:22,Cancelled,1707.17
3073,335,2025-08-31 13:33:56,Pending,283.17
3074,908,2025-05-02 17:26:06,Cancelled,3308.32
3075,525,2025-08-25 16:47:49,Completed,1839.52
3076,470,2024-06-11 09:21:53,Cancelled,667.65
3077,21,2025-06-30 02:39:46,Pending,1070.4
3078,915,2024-03-25 05:40:01,Cancelled,2003.36
3079,225,2024-03-30 07:54:55,Completed,847.84
3080,732,2024-05-27 02:44:31,Completed,5364.53
3081,317,2024-08-07 17:02:30,Cancelled,1555.23
3082,541,2025-08-10 18:17:26,Completed,1483.99
3083,206,2024-04-03 13:46:54,Pending,1518.56
3084,921,2025-07-16 15:27:56,Completed,1296.78
3085,963,2024-03-01 16:04:40,Cancelled,853.52
3086,123,2024-11-21 14:46:35,Completed,1855.58
3087,687,2024-11-05 20:46:51,Completed,397.21
3088,740,2025-05-20 00:29:59,Pending,1010.74
3089,945,2025-01-07 04:38:37,Cancelled,2207.0
3090,884,2024-11-01 02:14:26,Cancelled,2796.57
3091,527,2024-06-25 23:52:12,Completed,2407.39
3092,896,2024-02-29 07:17:49,Pending,3836.5299999999997
3093,248,2023-10-29 18:34:10,Cancelled,2704.57
3094,38,2025-07-14 06:59:39,Cancelled,904.55
3095,703,2024-03-26 23:15:25,Cancelled,396.4
3096,155,2024-11-03 16:19:25,Completed,727.1700000000001
3097,816,2025-09-13 16:19:17,Completed,785.0699999999999
3098,579,2024-01-05 05:58:37,Cancelled,365.01
3099,779,2024-04-20 12:48:16,Pending,293.42
3100,693,2025-04-08 16:48:18,Cancelled,1553.59
3101,421,2024-11-16 06:27:03,Pending,1025.55
3102,456,2025-09-02 11:14:35,Completed,624.0699999999999
3103,471,2024-02-09 17:18:21,Pending,2841.21
3104,118,2025-01-17 17:33:28,Cancelled,4226.38
3105,87,2024-04-30 01:47:00,Completed,702.25
3106,707,2023-12-14 14:26:54,Cancelled,251.25
3107,416,2025-09-10 09:28:25,Cancelled,1294.54
3108,751,2025-07-23 03:38:07,Pending,2254.02
3109,225,2024-04-06 20:13:45,Completed,3345.59
3110,640,2024-04-25 07:21:44,Completed,2690.4399999999996
3111,770,2025-03-24 14:41:35,Pending,1094.4699999999998
3112,424,2024-09-03 03:29:39,Pending,884.32
3113,890,2023-12-26 16:31:27,Cancelled,167.75
3114,35,2025-02-15 15:22:25,Completed,3110.37
3115,601,2024-08-19 09:05:51,Cancelled,1686.75
3116,490,2024-01-25 12:18:32,Completed,3189.1099999999997
3117,1000,2024-01-23 10:55:59,Completed,3006.01
3118,633,2025-02-16 22:15:51,Cancelled,771.69
3119,542,2025-02-05 15:31:08,Pending,2422.16
3120,734,2025-05-26 08:29:06,Pending,434.27
3121,784,2024-03-07 09:43:02,Cancelled,724.62
3122,160,2025-04-24 11:58:03,Completed,3448.18
3123,475,2024-07-13 16:11:18,Cancelled,129.08
3124,122,2025-08-25 11:17:06,Pending,1930.02
3125,1,2025-05-19 18:01:07,Completed,1986.05
3126,45,2025-05-18 02:23:55,Pending,3445.14
3127,126,2025-08-08 04:13:25,Cancelled,644.4300000000001
3128,835,2024-04-25 18:43:04,Cancelled,3374.2200000000003
3129,247,2023-12-28 13:34:07,Cancelled,2421.42
3130,100,2024-12-27 01:06:41,Cancelled,1637.3100000000002
3131,33,2025-05-06 07:12:25,Pending,3697.7799999999997
3132,774,2024-11-21 02:18:14,Completed,1389.47
3133,326,2024-10-02 03:04:36,Pending,2688.2200000000003
3134,981,2023-11-28 19:01:20,Completed,1852.4
3135,182,2023-11-29 11:17:15,Cancelled,654.5600000000001
3136,448,2025-05-14 04:16:44,Completed,372.18
3137,825,2025-05-14 02:21:27,Pending,535.58
3138,374,2023-12-27 18:18:24,Completed,2267.0699999999997
3139,857,2024-02-01 12:25:44,Pending,1461.27
3140,638,2025-08-07 13:11:09,Cancelled,3006.8199999999997
3141,53,2024-02-14 03:37:48,Pending,2086.25
3142,370,2024-09-11 13:34:24,Cancelled,877.3699999999999
3143,129,2024-08-01 00:13:44,Completed,1220.12
3144,744,2025-06-27 01:11:26,Completed,93.16
3145,988,2025-01-29 16:10:57,Cancelled,3809.52
3146,549,2024-06-08 08:56:28,Pending,2936.36
3147,422,2024-07-05 03:01:40,Completed,728.13
3148,747,2023-11-03 11:50:56,Pending,1520.24
3149,609,2025-02-06 04:45:28,Completed,1189.54
3150,339,2024-01-05 17:54:38,Completed,3223.9
3151,871,2024-12-05 06:43:47,Completed,506.92
3152,547,2025-03-01 03:05:07,Pending,3500.23
3153,618,2024-01-01 00:13:15,Completed,1069.6599999999999
3154,736,2025-06-02 21:33:10,Cancelled,1238.68
3155,400,2024-11-12 10:10:44,Cancelled,802.22
3156,756,2024-11-15 22:31:35,Cancelled,5013.51
3157,786,2023-12-12 08:36:28,Cancelled,1355.2
3158,6,2024-06-01 15:04:11,Completed,904.3199999999999
3159,282,2025-08-23 14:10:00,Cancelled,733.96
3160,342,2024-03-26 02:59:00,Pending,159.99
3161,969,2024-05-12 19:22:39,Completed,5747.9
3162,591,2024-06-17 16:03:17,Completed,1637.41
3163,471,2025-07-28 11:07:41,Cancelled,2350.24
3164,784,2024-12-13 15:14:51,Cancelled,2886.9
3165,796,2025-01-29 02:16:52,Completed,556.02
3166,565,2024-06-08 00:00:15,Cancelled,1354.1100000000001
3167,917,2025-09-26 12:59:33,Cancelled,1144.05
3168,638,2025-02-26 07:28:58,Cancelled,1555.48
3169,73,2024-02-17 03:38:53,Completed,4031.64
3170,537,2025-06-14 15:08:29,Pending,1165.79
3171,797,2025-09-06 20:28:40,Cancelled,1350.05
3172,596,2025-05-26 18:37:31,Pending,2639.45
3173,86,2024-05-16 16:06:58,Cancelled,1311.12
3174,182,2025-03-22 00:02:27,Completed,2013.44
3175,674,2024-06-14 06:51:42,Completed,5071.71
3176,14,2025-02-01 16:05:24,Completed,2096.88
3177,988,2024-01-07 12:33:51,Cancelled,1805.96
3178,54,2023-12-01 18:14:44,Pending,2318.12
3179,907,2025-01-13 00:13:22,Cancelled,2018.85
3180,196,2024-01-21 04:40:14,Cancelled,1592.8600000000001
3181,918,2024-03-03 01:06:30,Cancelled,855.9599999999999
3182,452,2024-01-20 08:24:42,Completed,2466.91
3183,46,2025-04-27 19:08:35,Completed,3146.2999999999997
3184,256,2024-12-17 10:45:48,Completed,384.42
3185,885,2024-11-13 12:18:46,Completed,2772.3199999999997
3186,366,2024-05-05 01:17:15,Cancelled,1613.1
3187,714,2024-11-19 16:32:46,Cancelled,1733.47
3188,888,2023-10-31 12:52:16,Cancelled,873.69
3189,83,2025-09-13 05:23:15,Completed,2352.75
3190,662,2024-12-15 02:16:26,Completed,506.46
3191,331,2024-05-09 19:39:52,Completed,1041.3600000000001
3192,677,2024-10-14 08:42:09,Cancelled,4346.46
3193,863,2025-06-05 10:13:41,Pending,2361.15
3194,113,2025-05-31 05:49:57,Cancelled,3242.06
3195,415,2024-04-06 19:27:34,Completed,1601.5
3196,506,2024-01-26 12:59:09,Completed,1285.89
3197,329,2025-03-05 19:57:26,Completed,568.47
3198,555,2024-05-03 01:38:57,Cancelled,369.1
3199,567,2024-06-10 14:10:38,Pending,2945.4199999999996
3200,460,2024-01-29 19:54:56,Completed,3276.8
3201,439,2024-01-03 13:12:50,Cancelled,492.59
3202,494,2025-02-02 18:36:51,Cancelled,135.12
3203,621,2024-06-23 11:22:57,Pending,2256.7000000000003
3204,187,2025-06-06 06:25:29,Pending,212.88
3205,751,2024-07-12 21:04:19,Completed,884.88
3206,133,2024-02-21 11:13:40,Pending,3917.92
3207,816,2024-07-23 21:42:35,Cancelled,1359.36
3208,49,2024-01-01 23:05:46,Cancelled,1425.1100000000001
3209,524,2025-07-18 09:08:18,Cancelled,1746.1399999999999
3210,600,2024-05-03 14:14:31,Cancelled,1028.79
3211,976,2025-02-27 08:49:50,Completed,1882.19
3212,920,2025-06-08 08:45:39,Cancelled,1280.28
3213,826,2024-06-19 21:54:44,Pending,900.5
3214,10,2025-04-17 17:59:27,Cancelled,141.92
3215,994,2024-03-01 14:13:07,Completed,1346.4399999999998
3216,614,2024-08-29 06:07:59,Completed,4646.05
3217,906,2024-02-28 11:19:40,Completed,2051.6
3218,308,2025-06-25 11:26:25,Completed,2559.1400000000003
3219,150,2024-06-24 00:12:06,Completed,1353.1799999999998
3220,83,2025-08-20 05:34:38,Pending,1134.22
3221,482,2025-04-02 21:05:09,Cancelled,198.08999999999997
3222,586,2024-02-07 14:18:54,Pending,601.72
3223,207,2023-12-16 23:48:11,Completed,1765.1399999999999
3224,56,2024-11-05 22:52:55,Completed,780.3
3225,854,2025-07-28 07:40:36,Pending,1771.4299999999998
3226,952,2024-05-30 03:22:38,Pending,665.19
3227,531,2025-05-11 16:09:05,Pending,1137.9099999999999
3228,377,2024-08-22 05:42:56,Pending,2041.5
3229,327,2024-09-28 05:14:50,Pending,631.5799999999999
3230,305,2024-11-24 16:25:09,Completed,401.38
3231,567,2025-03-09 01:58:11,Pending,1887.34
3232,177,2025-08-03 01:35:01,Completed,2979.04
3233,813,2024-12-05 07:37:46,Cancelled,3137.3999999999996
3234,334,2025-01-27 10:41:53,Completed,3734.38
3235,339,2025-02-26 03:06:08,Cancelled,1474.6
3236,741,2024-03-19 12:40:05,Cancelled,1587.41
3237,171,2025-02-14 08:20:07,Pending,4470.03
3238,271,2025-05-15 22:15:38,Cancelled,1718.01
3239,419,2024-10-20 08:50:10,Cancelled,848.7800000000001
3240,494,2024-09-30 02:19:57,Completed,1367.4
3241,577,2024-02-03 04:55:25,Pending,390.15
3242,893,2024-12-13 15:28:28,Cancelled,2639.11
3243,83,2025-03-26 16:36:03,Completed,1724.72
3244,533,2024-03-25 16:21:39,Cancelled,1302.3400000000001
3245,433,2024-07-14 14:37:40,Cancelled,3263.04
3246,385,2024-01-31 21:21:58,Pending,1869.68
3247,676,2024-05-30 21:58:27,Completed,2765.55
3248,915,2025-08-19 17:26:58,Pending,238.96
3249,551,2025-04-22 09:38:40,Cancelled,1941.3200000000002
3250,232,2024-11-02 14:08:27,Completed,1698.97
3251,850,2025-02-06 11:31:19,Completed,285.3
3252,961,2025-06-15 20:45:35,Pending,94.39
3253,242,2024-10-15 19:39:42,Pending,2183.99
3254,451,2024-12-11 05:38:32,Pending,3246.13
3255,674,2024-09-06 00:28:24,Pending,2133.76
3256,867,2025-04-03 02:49:33,Pending,107.85
3257,712,2025-03-05 15:03:36,Cancelled,917.73
3258,291,2025-04-11 05:30:27,Cancelled,2923.3
3259,730,2025-05-23 05:29:48,Cancelled,152.12
3260,785,2024-09-05 20:42:25,Cancelled,294.25
3261,35,2024-01-06 04:33:13,Pending,284.11
3262,970,2025-04-04 11:06:00,Pending,1339.1
3263,398,2024-07-25 09:33:59,Cancelled,1540.0600000000002
3264,366,2025-04-19 17:00:11,Pending,1964.44
3265,232,2023-10-30 11:12:31,Completed,3652.26
3266,899,2025-10-10 21:19:16,Completed,486.65
3267,936,2025-08-15 19:05:28,Pending,1543.03
3268,224,2023-10-25 05:42:06,Cancelled,1824.59
3269,399,2025-05-20 09:12:20,Cancelled,2210.54
3270,383,2024-03-08 18:40:43,Completed,2802.55
3271,940,2025-03-30 21:44:17,Pending,323.36
3272,368,2024-07-02 00:35:31,Completed,45.04
3273,749,2024-10-16 02:13:22,Completed,1770.25
3274,399,2025-03-02 05:25:04,Cancelled,161.35
3275,335,2023-12-07 03:35:12,Cancelled,1025.55
3276,637,2025-08-07 12:41:50,Completed,2155.44
3277,384,2024-05-18 09:11:12,Completed,920.37
3278,828,2024-08-17 01:16:05,Completed,1044.06
3279,469,2025-01-09 02:08:25,Pending,2299.58
3280,588,2025-01-14 02:38:23,Pending,865.7
3281,834,2024-06-24 11:55:11,Pending,4192.34
3282,357,2024-12-26 21:35:48,Completed,3496.86
3283,365,2023-11-06 14:52:44,Pending,2753.29
3284,697,2025-10-19 22:19:08,Cancelled,3741.41
3285,815,2024-09-02 11:06:09,Cancelled,3055.16
3286,475,2024-11-27 11:22:02,Cancelled,2462.95
3287,288,2023-12-17 08:13:27,Pending,3316.38
3288,938,2024-06-29 11:32:31,Pending,2478.19
3289,393,2025-05-27 11:36:57,Cancelled,57.06
3290,965,2025-06-15 10:29:12,Cancelled,1691.09
3291,553,2024-10-01 23:37:58,Cancelled,428.16
3292,813,2024-11-17 14:25:18,Pending,180.91
3293,853,2024-12-22 01:06:41,Completed,1687.89
3294,706,2025-07-31 08:15:11,Completed,689.3000000000001
3295,418,2024-08-04 09:06:57,Completed,3064.45
3296,651,2024-12-12 05:02:53,Pending,2262.51
3297,583,2024-03-07 16:53:38,Pending,1823.26
3298,230,2024-03-06 09:50:49,Completed,820.28
3299,482,2025-09-06 07:16:54,Completed,1828.04
3300,485,2025-08-31 17:29:54,Pending,222.24
3301,907,2025-08-12 04:31:31,Cancelled,861.06
3302,865,2025-08-02 22:16:11,Pending,197.48000000000002
3303,127,2025-08-26 00:26:04,Cancelled,1398.3
3304,807,2023-11-17 08:32:52,Completed,238.96
3305,322,2024-09-08 08:11:29,Completed,2423.02
3306,601,2025-06-26 02:26:29,Pending,2142.66
3307,321,2024-11-08 02:54:23,Completed,2997.37
3308,999,2024-02-12 11:04:35,Completed,93.16
3309,236,2024-11-23 10:50:30,Cancelled,225.8
3310,468,2024-09-09 08:56:49,Completed,46.58
3311,197,2024-10-07 08:20:17,Completed,1534.89
3312,988,2024-09-15 06:27:22,Cancelled,425.09000000000003
3313,489,2024-09-27 02:03:40,Completed,2018.8400000000001
3314,307,2024-07-03 01:50:21,Completed,1843.1000000000001
3315,529,2024-03-03 14:42:24,Completed,2154.27
3316,708,2024-08-09 00:33:38,Completed,1663.95
3317,683,2025-09-28 12:47:18,Pending,2572.86
3318,83,2025-09-25 09:24:04,Cancelled,2866.77
3319,116,2024-03-15 15:28:21,Cancelled,2698.91
3320,518,2024-08-03 14:58:46,Cancelled,1537.68
3321,294,2025-10-14 03:46:43,Completed,1574.6100000000001
3322,708,2025-10-08 07:13:54,Completed,2062.46
3323,926,2025-04-11 03:51:29,Cancelled,1112.32
3324,107,2025-06-20 07:10:57,Completed,334.71
3325,523,2025-02-20 13:47:03,Pending,1161.1
3326,72,2025-06-29 03:23:23,Pending,2265.58
3327,531,2023-11-29 20:38:05,Completed,538.64
3328,395,2024-10-08 03:41:16,Completed,3037.98
3329,956,2025-03-16 07:39:42,Completed,434.27
3330,689,2023-12-24 11:41:10,Completed,3605.18
3331,972,2025-09-10 17:50:41,Completed,2688.2
3332,551,2024-12-29 10:49:43,Cancelled,3512.56
3333,326,2025-06-30 17:39:45,Cancelled,1988.87
3334,313,2025-09-27 23:47:56,Pending,347.15
3335,441,2024-06-22 01:07:13,Cancelled,907.6
3336,859,2024-08-24 23:00:29,Cancelled,1770.96
3337,313,2024-09-18 06:06:07,Pending,3354.7599999999998
3338,170,2024-02-24 05:39:36,Completed,86.94
3339,153,2025-03-29 02:58:08,Completed,1758.3500000000001
3340,612,2025-06-23 09:38:15,Pending,639.96
3341,109,2023-11-18 15:09:09,Pending,100.5
3342,616,2025-04-28 14:20:38,Pending,2690.98
3343,224,2024-06-30 02:49:48,Cancelled,1862.08
3344,676,2024-10-27 14:53:31,Cancelled,2995.08
3345,128,2025-07-18 10:52:57,Cancelled,1771.16
3346,558,2024-04-08 21:10:16,Cancelled,82.8
3347,86,2024-05-12 10:24:19,Pending,2460.08
3348,77,2024-03-19 06:01:46,Completed,953.51
3349,171,2024-09-10 09:54:47,Pending,947.76
3350,632,2025-06-09 04:46:27,Completed,397.15
3351,585,2024-11-18 04:12:28,Pending,522.62
3352,917,2024-08-31 05:11:21,Cancelled,1562.8500000000001
3353,991,2023-12-18 04:34:59,Completed,270.63
3354,206,2024-06-20 06:08:31,Pending,4557.98
3355,208,2024-05-20 19:07:10,Completed,1480.85
3356,664,2025-07-29 15:06:37,Pending,4044.2
3357,860,2024-07-15 09:54:59,Pending,850.76
3358,359,2024-03-06 16:25:51,Completed,679.14
3359,369,2024-09-11 01:56:37,Pending,550.6
3360,646,2025-08-02 15:39:24,Completed,858.06
3361,163,2025-09-22 14:31:29,Cancelled,3579.2799999999997
3362,68,2024-09-08 00:32:31,Completed,917.91
3363,506,2025-07-19 00:03:35,Completed,2150.42
3364,781,2023-12-15 12:26:32,Pending,3229.23
3365,364,2024-09-12 15:20:40,Completed,1780.2199999999998
3366,641,2025-08-21 01:04:22,Pending,730.76
3367,222,2024-04-09 16:50:27,Cancelled,156.42
3368,782,2024-05-29 21:24:16,Cancelled,1558.6
3369,270,2024-11-01 03:48:41,Cancelled,2207.93
3370,553,2024-11-20 00:41:04,Completed,2202.83
3371,518,2025-02-12 05:23:25,Cancelled,741.36
3372,691,2024-08-06 17:03:39,Cancelled,1444.26
3373,764,2024-01-05 20:24:03,Cancelled,3348.76
3374,733,2024-10-01 22:42:16,Cancelled,1030.62
3375,130,2024-05-24 11:17:48,Completed,3260.12
3376,639,2025-01-11 03:26:38,Cancelled,1652.1399999999999
3377,312,2024-11-20 22:36:24,Completed,716.21
3378,524,2024-05-08 02:10:22,Completed,4625.25
3379,777,2024-08-03 13:48:39,Pending,3284.84
3380,630,2024-02-08 10:40:17,Completed,2748.45
3381,838,2024-07-10 20:08:58,Pending,4806.1
3382,913,2025-05-27 17:51:52,Completed,802.76
3383,220,2025-01-18 00:18:24,Cancelled,856.11
3384,290,2023-11-08 08:11:51,Cancelled,1306.55
3385,534,2025-09-09 22:08:21,Pending,1387.1399999999999
3386,424,2024-11-15 06:08:46,Cancelled,2700.91
3387,498,2024-04-08 05:42:17,Cancelled,3092.5
3388,221,2023-12-20 17:55:17,Cancelled,3698.2200000000003
3389,72,2024-03-13 08:33:46,Pending,4498.280000000001
3390,783,2024-03-18 17:46:20,Pending,2288.32
3391,432,2025-07-18 17:40:04,Completed,2197.3199999999997
3392,640,2024-07-24 07:36:21,Pending,1202.47
3393,511,2025-06-05 20:36:11,Pending,234.1
3394,165,2024-11-07 16:42:41,Completed,3523.33
3395,945,2024-10-04 14:18:05,Cancelled,1070.4
3396,918,2024-12-03 02:29:23,Pending,492.59
3397,939,2024-08-20 15:32:38,Pending,91.38
3398,404,2025-05-21 13:04:02,Completed,2819.4
3399,614,2025-10-20 20:08:10,Completed,1201.8799999999999
3400,847,2025-06-18 14:16:31,Completed,1162.28
3401,59,2024-11-20 19:01:22,Pending,1931.94
3402,393,2025-04-02 12:48:58,Cancelled,1703.82
3403,261,2025-02-28 19:07:00,Pending,3021.77
3404,759,2024-05-12 13:24:31,Cancelled,635.24
3405,600,2024-08-06 22:12:51,Cancelled,3755.21
3406,683,2024-01-10 17:29:21,Cancelled,1382.24
3407,826,2024-04-24 21:18:53,Completed,3046.6499999999996
3408,83,2025-01-27 20:21:27,Pending,1070.38
3409,10,2024-11-08 04:01:43,Cancelled,1706.3400000000001
3410,303,2023-12-15 13:34:44,Pending,3789.66
3411,742,2025-03-13 12:25:22,Completed,1602.71
3412,612,2025-05-16 10:06:45,Completed,2292.57
3413,724,2024-08-06 13:44:18,Pending,269.7
3414,819,2025-08-29 09:36:34,Cancelled,679.68
3415,653,2025-09-14 04:50:42,Pending,795.32
3416,912,2023-12-10 16:22:46,Pending,2595.24
3417,741,2025-07-31 12:40:58,Cancelled,540.9
3418,861,2024-03-23 00:54:41,Cancelled,968.27
3419,977,2023-12-18 19:40:53,Pending,30.46
3420,886,2024-12-19 01:03:57,Completed,747.06
3421,323,2025-01-20 11:17:07,Cancelled,1817.46
3422,477,2025-07-31 01:36:05,Completed,3379.75
3423,294,2025-08-26 09:09:06,Cancelled,2151.3900000000003
3424,382,2024-01-30 02:49:26,Completed,2728.3599999999997
3425,746,2024-11-08 01:40:33,Cancelled,3386.77
3426,557,2025-05-07 22:07:29,Pending,1110.1599999999999
3427,147,2024-08-01 00:09:53,Completed,1421.72
3428,932,2023-12-22 20:47:27,Completed,2134.35
3429,366,2024-02-08 18:38:23,Completed,171.18
3430,904,2023-10-31 07:28:18,Cancelled,1456.26
3431,833,2024-10-18 14:48:51,Cancelled,2807.75
3432,255,2024-09-10 21:08:23,Cancelled,2271.88
3433,465,2024-01-08 07:26:27,Cancelled,1452.11
3434,518,2025-07-02 19:26:12,Completed,1141.21
3435,526,2025-03-27 23:45:52,Cancelled,620.9
3436,288,2025-04-05 06:33:36,Completed,385.3
3437,746,2024-11-30 12:19:04,Completed,4783.4800000000005
3438,695,2024-11-02 15:17:17,Completed,185.34
3439,614,2024-08-26 12:32:58,Pending,2257.45
3440,558,2023-12-16 23:45:08,Completed,3507.14
3441,489,2025-05-14 13:16:31,Pending,3313.3
3442,220,2025-02-20 14:55:50,Cancelled,1764.07
3443,254,2025-10-12 23:25:31,Completed,1157.94
3444,785,2025-01-05 21:27:45,Completed,3340.3600000000006
3445,123,2024-07-21 10:10:58,Pending,3485.39
3446,852,2024-02-15 23:47:49,Completed,2380.52
3447,471,2025-09-21 06:01:27,Pending,1568.91
3448,467,2024-04-06 08:49:55,Pending,728.13
3449,231,2025-04-25 00:57:58,Pending,2298.27
3450,549,2025-01-18 18:21:58,Cancelled,100.5
3451,530,2024-09-17 09:58:16,Completed,1423.8
3452,920,2025-05-17 12:44:02,Cancelled,553.1800000000001
3453,746,2024-06-13 11:37:43,Pending,556.34
3454,791,2024-07-02 13:45:04,Completed,114.3
3455,803,2025-02-10 21:21:36,Cancelled,2037.9299999999998
3456,680,2023-11-05 05:41:56,Pending,1598.45
3457,494,2025-07-24 17:40:00,Pending,5129.63
3458,109,2025-01-14 12:59:51,Pending,3048.34
3459,572,2024-03-20 10:34:12,Pending,192.53
3460,685,2025-07-10 07:33:06,Completed,372.74
3461,242,2025-08-14 14:02:50,Completed,2691.1899999999996
3462,707,2025-10-17 18:06:40,Pending,1264.7
3463,799,2025-02-14 12:28:24,Cancelled,2270.33
3464,99,2025-05-15 03:25:12,Cancelled,759.1800000000001
3465,877,2025-05-10 15:04:02,Pending,1482.36
3466,472,2025-10-14 07:47:39,Completed,2553.8
3467,500,2024-07-16 08:17:11,Cancelled,1220.8
3468,401,2025-09-26 11:28:28,Completed,1702.97
3469,365,2024-09-08 21:12:08,Completed,2429.56
3470,400,2024-04-07 22:34:26,Cancelled,515.48
3471,640,2023-11-29 10:18:40,Pending,2070.95
3472,650,2024-12-07 07:37:29,Pending,2514.15
3473,805,2024-10-14 06:53:18,Cancelled,878.55
3474,657,2024-01-10 20:17:22,Cancelled,1882.52
3475,811,2023-11-22 23:59:08,Completed,1157.49
3476,290,2025-06-12 15:50:37,Pending,236.84
3477,513,2025-08-28 12:20:50,Completed,1935.7
3478,430,2025-08-07 11:12:59,Pending,360.84
3479,719,2023-11-11 23:30:14,Pending,1605.52
3480,733,2023-10-23 01:48:38,Pending,304.24
3481,442,2023-10-27 23:28:17,Cancelled,1748.16
3482,48,2024-08-14 16:06:30,Completed,2069.03
3483,937,2024-04-19 23:42:39,Cancelled,3766.49
3484,292,2025-07-19 23:05:47,Cancelled,2156.4300000000003
3485,131,2025-01-20 03:59:03,Completed,1483.76
3486,358,2024-09-09 10:22:54,Completed,355.43
3487,681,2024-04-09 12:38:13,Pending,287.44
3488,954,2025-06-30 08:36:07,Completed,2179.27
3489,840,2024-12-23 05:21:42,Pending,2986.26
3490,505,2025-09-17 19:03:56,Cancelled,1438.56
3491,587,2024-05-24 10:30:57,Completed,3054.8500000000004
3492,601,2025-06-13 02:49:17,Cancelled,1762.8
3493,301,2025-03-05 20:08:58,Completed,1396.28
3494,744,2025-06-05 21:21:08,Completed,489.67999999999995
3495,310,2025-03-16 09:07:32,Cancelled,1982.56
3496,535,2024-07-23 12:27:10,Pending,479.97
3497,148,2025-05-17 11:18:54,Completed,603.72
3498,614,2025-10-11 16:51:22,Completed,3069.87
3499,753,2024-07-27 16:46:38,Pending,796.15
3500,231,2023-12-26 12:57:37,Cancelled,495.64
3501,573,2025-06-03 17:41:59,Pending,1159.56
3502,159,2023-12-05 15:22:16,Completed,515.48
3503,184,2024-08-01 17:41:32,Cancelled,3847.62
3504,90,2025-07-25 21:19:42,Completed,2309.76
3505,812,2023-10-23 22:27:21,Pending,769.99
3506,598,2025-10-19 08:23:13,Cancelled,741.36
3507,69,2024-09-03 14:22:18,Completed,1556.3
3508,66,2024-06-17 18:41:47,Completed,1153.26
3509,531,2023-12-25 03:03:25,Cancelled,704.46
3510,806,2023-12-13 08:23:50,Cancelled,5452.19
3511,991,2023-12-22 06:24:08,Cancelled,2087.25
3512,666,2024-06-20 12:53:22,Cancelled,744.36
3513,905,2024-09-27 06:00:15,Pending,488.71
3514,261,2024-11-14 10:10:13,Pending,1641.05
3515,873,2023-10-25 00:56:30,Cancelled,739.2
3516,743,2025-03-01 07:41:49,Cancelled,225.2
3517,522,2024-04-28 15:13:21,Completed,1198.76
3518,780,2023-12-19 18:10:34,Cancelled,902.98
3519,555,2023-12-28 04:27:28,Pending,3368.49
3520,696,2024-06-29 21:03:23,Pending,257.45
3521,278,2025-06-09 05:05:15,Completed,1778.12
3522,998,2025-08-17 08:50:52,Cancelled,1157.49
3523,938,2025-04-23 15:31:40,Completed,3564.0
3524,708,2024-09-07 15:00:33,Pending,2220.04
3525,455,2025-01-31 11:16:05,Pending,1264.74
3526,782,2025-03-15 22:38:24,Cancelled,1627.4
3527,86,2025-03-05 19:21:32,Cancelled,2498.39
3528,557,2025-09-07 03:35:57,Cancelled,1105.58
3529,366,2025-01-12 18:05:38,Cancelled,3431.9500000000003
3530,667,2024-01-14 15:16:27,Pending,968.31
3531,973,2025-07-05 13:55:04,Completed,1302.45
3532,380,2025-04-10 11:04:44,Completed,1407.96
3533,444,2025-04-13 16:43:52,Pending,679.68
3534,664,2025-08-28 15:29:32,Cancelled,391.05
3535,1000,2024-04-18 15:33:14,Cancelled,1131.9
3536,160,2024-11-17 12:53:57,Completed,453.34000000000003
3537,711,2025-05-01 07:28:22,Cancelled,2519.4
3538,243,2024-02-18 01:46:04,Cancelled,612.42
3539,932,2025-01-18 09:14:51,Completed,135.12
3540,400,2025-01-21 20:54:31,Completed,183.24
3541,489,2025-03-31 18:30:10,Cancelled,1025.35
3542,64,2024-08-21 22:33:59,Cancelled,5035.46
3543,928,2025-10-10 16:04:24,Cancelled,2880.73
3544,481,2025-09-16 15:52:28,Pending,1989.8400000000001
3545,339,2024-08-27 17:59:40,Pending,2211.11
3546,734,2025-07-01 03:34:27,Cancelled,6374.18
3547,51,2025-10-02 12:55:14,Cancelled,2050.93
3548,662,2024-01-25 08:49:14,Pending,3201.01
3549,940,2024-12-18 15:29:28,Cancelled,1436.76
3550,832,2025-07-08 18:28:51,Cancelled,451.49
3551,474,2024-12-10 11:48:35,Cancelled,2393.1
3552,995,2025-10-16 20:21:03,Pending,1311.9
3553,682,2024-01-13 08:15:29,Cancelled,2088.54
3554,668,2024-07-02 04:14:39,Completed,2829.01
3555,206,2024-04-05 11:08:59,Pending,50.25
3556,443,2024-12-17 13:44:04,Cancelled,1131.9
3557,218,2025-08-27 11:22:19,Pending,1467.84
3558,52,2024-10-06 13:23:56,Pending,1231.79
3559,632,2024-02-07 18:39:46,Cancelled,142.79
3560,332,2024-12-07 23:20:35,Completed,1108.96
3561,161,2024-06-06 12:35:19,Pending,4083.0
3562,330,2024-04-14 23:04:28,Cancelled,3065.71
3563,268,2023-10-31 14:38:11,Completed,167.76999999999998
3564,875,2024-03-24 11:50:34,Completed,4217.51
3565,281,2024-08-01 08:03:39,Cancelled,20.84
3566,635,2025-01-16 00:07:29,Cancelled,2597.45
3567,218,2024-09-19 16:26:25,Cancelled,4005.16
3568,123,2024-08-12 13:40:28,Pending,925.07
3569,14,2025-08-14 18:03:15,Completed,691.84
3570,267,2024-06-05 02:33:27,Pending,3311.88
3571,248,2024-09-08 07:32:16,Pending,556.02
3572,973,2025-03-02 05:18:26,Completed,379.64
3573,257,2024-11-15 18:35:20,Completed,135.48
3574,133,2023-11-13 15:33:24,Cancelled,2499.02
3575,654,2024-06-25 12:19:49,Pending,3394.75
3576,377,2025-06-16 02:00:51,Completed,86.94
3577,503,2024-02-21 17:13:02,Cancelled,3529.27
3578,333,2025-04-20 12:58:28,Completed,966.16
3579,279,2024-03-29 02:17:04,Completed,2199.53
3580,718,2025-01-18 22:23:58,Cancelled,2235.6800000000003
3581,38,2024-03-15 09:51:18,Completed,395.5
3582,419,2024-06-26 12:08:52,Completed,3555.4
3583,549,2024-04-05 20:13:30,Pending,2362.3199999999997
3584,433,2024-05-05 18:54:40,Completed,1908.89
3585,847,2024-03-29 12:17:10,Pending,1951.08
3586,388,2024-10-26 14:54:59,Pending,78.57
3587,817,2024-05-04 19:20:02,Cancelled,5258.54
3588,356,2025-04-18 07:46:48,Cancelled,450.61
3589,53,2024-04-28 12:03:12,Completed,1095.58
3590,15,2024-10-10 08:27:12,Pending,1893.6
3591,588,2025-08-04 10:06:34,Cancelled,1972.42
3592,590,2025-05-09 11:37:24,Cancelled,1537.68
3593,542,2024-03-03 23:14:31,Pending,612.04
3594,843,2025-01-07 07:27:02,Pending,1814.79
3595,426,2024-04-23 15:58:58,Completed,1983.41
3596,712,2025-07-30 19:26:54,Cancelled,1071.75
3597,792,2024-03-10 21:24:04,Cancelled,1224.9
3598,263,2024-03-20 04:32:50,Pending,4844.5199999999995
3599,784,2025-09-28 22:38:31,Completed,2361.15
3600,709,2024-05-30 12:22:01,Completed,1578.9299999999998
3601,591,2025-08-01 02:22:57,Pending,1259.91
3602,443,2025-10-11 06:25:45,Pending,1638.3899999999999
3603,661,2025-01-25 10:09:23,Completed,1078.92
3604,205,2025-04-30 11:33:49,Cancelled,3205.69
3605,197,2025-10-07 23:04:36,Pending,1387.8600000000001
3606,792,2025-08-18 02:00:22,Completed,1038.94
3607,122,2024-01-19 18:26:00,Pending,2226.98
3608,696,2024-02-04 11:02:00,Pending,2398.78
3609,837,2024-07-22 03:10:48,Completed,2777.6400000000003
3610,99,2025-05-29 14:32:16,Pending,1068.02
3611,936,2025-04-28 06:26:09,Completed,5055.79
3612,15,2024-03-16 09:35:15,Completed,236.04
3613,761,2024-07-02 00:36:39,Pending,2477.08
3614,721,2025-02-23 04:51:42,Cancelled,221.84
3615,314,2025-09-26 13:56:18,Completed,4836.4800000000005
3616,296,2023-12-04 01:59:45,Completed,354.06
3617,309,2025-08-12 06:33:59,Completed,113.1
3618,305,2023-12-07 10:50:19,Cancelled,4130.93
3619,552,2023-11-13 10:56:15,Pending,675.54
3620,326,2024-06-30 14:04:26,Cancelled,920.8
3621,898,2024-12-05 22:42:19,Pending,1639.8600000000001
3622,111,2024-04-04 17:11:41,Completed,1885.73
3623,850,2025-09-05 10:15:48,Pending,3716.65
3624,763,2023-12-05 19:53:05,Cancelled,304.24
3625,837,2025-07-15 01:51:27,Completed,161.82
3626,796,2024-05-11 11:32:37,Completed,2398.0
3627,249,2023-12-20 07:32:59,Pending,1870.08
3628,556,2023-11-01 12:09:24,Pending,1808.4499999999998
3629,828,2023-12-29 00:44:45,Cancelled,1817.4
3630,49,2024-02-26 01:09:20,Completed,180.42
3631,248,2024-09-15 04:07:00,Completed,749.6800000000001
3632,652,2024-05-06 21:26:22,Cancelled,1916.1
3633,476,2025-09-27 22:01:08,Completed,3555.95
3634,912,2025-04-14 07:28:10,Cancelled,254.74
3635,124,2024-12-18 21:22:26,Pending,1103.97
3636,833,2025-04-27 19:21:29,Completed,519.42
3637,356,2024-10-23 08:14:56,Completed,1491.35
3638,159,2023-11-03 05:23:15,Pending,1749.35
3639,360,2024-05-05 15:28:59,Cancelled,2230.86
3640,812,2024-01-21 01:27:39,Completed,2386.62
3641,261,2024-01-14 06:41:36,Pending,2776.55
3642,751,2025-02-20 13:03:04,Cancelled,2787.68
3643,823,2024-01-18 08:35:26,Pending,905.58
3644,801,2024-08-12 01:01:00,Completed,545.25
3645,937,2025-03-22 20:39:55,Completed,1903.53
3646,605,2024-08-17 04:17:11,Cancelled,1095.05
3647,222,2025-01-26 10:29:06,Cancelled,1724.19
3648,214,2024-04-23 20:03:10,Pending,2495.38
3649,761,2025-03-25 13:41:07,Completed,3145.2200000000003
3650,83,2024-04-26 23:10:55,Pending,4365.68
3651,16,2024-01-01 10:37:26,Cancelled,3317.86
3652,120,2025-09-09 17:23:32,Cancelled,285.58
3653,668,2024-06-24 15:28:18,Cancelled,2752.74
3654,421,2024-08-05 03:24:59,Cancelled,1867.92
3655,249,2025-01-28 20:01:36,Cancelled,1361.4
3656,67,2025-06-14 08:50:29,Pending,537.6
3657,420,2025-06-07 00:51:17,Pending,3097.48
3658,903,2024-07-12 15:13:47,Pending,4650.76
3659,853,2024-05-27 08:55:46,Completed,738.01
3660,174,2024-09-21 22:01:02,Cancelled,285.78
3661,31,2024-07-11 06:19:53,Cancelled,363.03
3662,443,2025-03-08 08:29:37,Completed,457.75
3663,33,2024-03-08 19:14:19,Pending,2577.06
3664,335,2025-10-15 20:45:07,Completed,5602.98
3665,765,2025-03-14 14:22:04,Cancelled,862.53
3666,484,2025-10-02 13:57:25,Completed,410.62
3667,29,2024-09-27 02:42:25,Pending,1134.8999999999999
3668,673,2024-06-22 07:55:15,Pending,767.0600000000001
3669,542,2025-01-23 09:21:03,Cancelled,811.28
3670,582,2024-08-20 02:53:39,Completed,3659.8999999999996
3671,124,2024-05-26 01:58:44,Completed,970.84
3672,758,2025-03-03 13:51:45,Pending,3538.7200000000003
3673,218,2024-09-28 10:57:18,Completed,863.09
3674,30,2024-05-21 02:10:52,Completed,2071.69
3675,654,2025-09-20 22:49:32,Completed,1272.07
3676,556,2024-10-29 02:25:45,Completed,3783.17
3677,604,2025-06-17 17:05:01,Pending,837.8800000000001
3678,71,2025-03-30 21:35:48,Pending,946.17
3679,286,2024-03-14 05:39:40,Cancelled,152.4
3680,165,2025-10-21 12:47:27,Cancelled,627.9200000000001
3681,980,2024-05-13 04:42:56,Cancelled,1147.3899999999999
3682,640,2024-10-05 03:42:24,Completed,1923.0
3683,590,2024-02-15 01:08:35,Cancelled,683.1299999999999
3684,381,2024-06-20 22:33:45,Cancelled,2895.3900000000003
3685,793,2024-01-25 04:26:03,Pending,2026.8
3686,153,2024-08-03 02:27:15,Pending,555.96
3687,389,2025-04-23 21:50:46,Pending,497.89
3688,319,2025-07-13 17:13:38,Pending,1193.22
3689,66,2024-02-13 03:23:59,Cancelled,83.36
3690,691,2024-01-07 17:42:24,Pending,4282.21
3691,970,2024-01-09 10:57:44,Pending,3676.3
3692,850,2024-05-14 11:57:35,Completed,3194.4700000000003
3693,545,2025-02-02 19:54:02,Completed,713.95
3694,854,2024-11-22 00:18:27,Cancelled,4866.91
3695,271,2024-02-28 01:33:14,Completed,951.01
3696,691,2025-05-22 07:51:16,Cancelled,1351.46
3697,546,2025-02-17 18:10:34,Pending,212.88
3698,547,2024-07-18 17:43:50,Cancelled,2031.2800000000002
3699,681,2025-02-16 08:25:39,Pending,2496.75
3700,484,2024-11-22 04:29:34,Completed,3490.02
3701,604,2024-01-30 01:38:22,Cancelled,2898.87
3702,552,2024-09-13 03:27:48,Pending,1560.6
3703,613,2024-03-08 15:09:11,Cancelled,180.91
3704,139,2024-05-16 22:17:30,Cancelled,1551.05
3705,198,2024-08-29 06:45:23,Completed,1947.92
3706,885,2024-12-19 23:36:44,Completed,3727.3900000000003
3707,952,2024-01-21 07:21:27,Pending,977.06
3708,814,2024-04-03 15:32:06,Pending,2265.65
3709,306,2025-09-15 02:40:58,Pending,1238.46
3710,352,2025-01-16 19:41:35,Cancelled,635.34
3711,53,2024-05-12 12:21:48,Pending,1595.1499999999999
3712,621,2024-04-12 02:45:48,Pending,3655.12
3713,431,2024-10-27 00:56:57,Completed,682.81
3714,386,2025-09-25 20:14:42,Cancelled,2706.37
3715,793,2025-05-05 06:54:48,Cancelled,141.92
3716,756,2025-09-04 16:15:34,Completed,3316.26
3717,577,2024-09-03 04:08:41,Cancelled,492.59
3718,871,2025-05-21 04:19:58,Pending,1214.08
3719,997,2023-12-10 20:31:26,Completed,1170.04
3720,675,2025-06-13 11:40:39,Cancelled,1832.9
3721,865,2024-01-16 04:13:53,Completed,3405.1299999999997
3722,857,2025-08-17 17:44:16,Completed,1920.8
3723,324,2024-06-02 03:19:35,Cancelled,2006.9
3724,5,2024-03-31 02:50:26,Pending,3251.49
3725,778,2024-02-17 18:33:58,Completed,4694.59
3726,171,2024-05-13 06:13:09,Completed,218.89000000000001
3727,771,2024-07-05 12:38:40,Pending,3318.5
3728,469,2024-03-12 17:29:38,Cancelled,2877.7200000000003
3729,694,2024-08-21 00:40:40,Pending,1496.32
3730,574,2024-05-30 11:38:54,Completed,2607.25
3731,950,2023-12-17 03:22:21,Cancelled,1207.92
3732,196,2024-03-13 17:47:28,Completed,83.36
3733,504,2025-02-22 10:29:54,Cancelled,1578.72
3734,782,2025-04-13 10:36:39,Pending,2328.32
3735,964,2025-07-24 06:16:52,Completed,2645.94
3736,129,2025-02-24 03:37:41,Pending,3227.52
3737,367,2025-10-11 05:32:23,Cancelled,2452.65
3738,775,2024-12-05 22:24:42,Cancelled,948.33
3739,854,2025-05-13 11:48:47,Cancelled,1003.39
3740,670,2025-04-01 00:34:48,Completed,2937.15
3741,285,2024-05-29 21:50:02,Pending,2329.06
3742,36,2024-10-05 05:20:05,Completed,975.5899999999999
3743,672,2025-04-22 04:40:42,Cancelled,2348.05
3744,8,2024-02-05 15:50:38,Completed,234.63
3745,312,2025-01-25 12:20:26,Completed,2622.9399999999996
3746,465,2025-02-07 05:30:42,Completed,296.9
3747,460,2024-10-17 16:37:34,Completed,1421.46
3748,692,2024-02-02 19:29:42,Pending,741.27
3749,386,2025-08-10 12:09:10,Cancelled,2003.65
3750,692,2025-08-06 02:59:37,Pending,1723.25
3751,138,2024-03-21 10:27:01,Pending,446.28
3752,308,2024-11-22 20:01:58,Pending,1206.69
3753,904,2024-11-29 17:17:34,Pending,4015.68
3754,144,2024-06-23 07:58:23,Completed,472.23
3755,581,2024-01-04 19:39:07,Completed,1571.52
3756,416,2025-03-31 09:48:49,Pending,486.09000000000003
3757,655,2024-04-18 11:58:37,Completed,2683.33
3758,450,2024-09-16 16:57:22,Cancelled,4459.53
3759,242,2024-09-28 07:44:26,Completed,221.84
3760,363,2024-08-12 20:06:37,Cancelled,3327.85
3761,664,2024-04-03 20:58:32,Pending,918.9399999999999
3762,816,2025-09-21 14:55:52,Completed,1379.46
3763,149,2024-09-12 09:04:43,Cancelled,981.3
3764,532,2025-10-05 10:04:17,Completed,526.56
3765,15,2024-08-18 13:22:09,Cancelled,702.08
3766,853,2024-08-19 16:50:25,Cancelled,5065.110000000001
3767,928,2024-07-30 23:59:14,Completed,2065.56
3768,60,2024-05-25 04:25:14,Completed,4028.8199999999997
3769,309,2025-02-28 10:04:19,Pending,3163.6
3770,627,2024-11-19 17:34:26,Cancelled,816.6
3771,41,2025-03-13 06:55:32,Cancelled,1620.83
3772,384,2025-05-27 19:33:52,Completed,934.12
3773,411,2024-01-09 19:12:59,Cancelled,1599.63
3774,86,2024-09-08 12:34:54,Completed,2647.65
3775,78,2024-04-15 14:27:07,Pending,423.9
3776,848,2025-09-27 18:36:55,Pending,3884.0699999999997
3777,67,2024-03-13 05:15:48,Completed,1372.52
3778,888,2024-07-09 05:08:23,Pending,1262.4499999999998
3779,511,2024-05-22 07:06:07,Cancelled,496.99
3780,822,2025-07-03 06:01:41,Completed,1798.7
3781,281,2023-11-21 14:44:12,Completed,1280.28
3782,145,2024-01-10 21:56:30,Completed,682.79
3783,9,2025-06-27 19:48:21,Pending,1803.19
3784,924,2024-07-07 11:20:02,Pending,3509.21
3785,843,2025-01-31 09:56:19,Pending,2350.5099999999998
3786,28,2025-07-10 22:38:26,Completed,4934.65
3787,38,2025-03-30 02:37:46,Pending,3914.04
3788,237,2024-11-09 19:20:11,Cancelled,2123.89
3789,444,2024-02-18 10:15:33,Completed,995.55
3790,141,2024-07-25 09:49:57,Pending,1202.19
3791,632,2024-11-08 18:50:59,Completed,1651.2
3792,258,2025-05-26 02:31:25,Cancelled,1825.17
3793,640,2023-11-06 09:26:17,Pending,2513.65
3794,23,2025-06-10 10:00:40,Cancelled,351.04
3795,750,2025-06-28 22:35:55,Cancelled,919.11
3796,350,2025-04-26 10:56:19,Completed,30.46
3797,313,2024-04-04 00:41:26,Completed,936.1
3798,856,2024-02-14 23:41:51,Cancelled,1319.2
3799,943,2024-05-04 02:11:44,Completed,2685.76
3800,428,2025-05-31 00:29:37,Cancelled,1473.72
3801,472,2025-09-23 08:20:53,Completed,1621.01
3802,849,2024-10-25 01:35:52,Pending,1812.31
3803,947,2025-05-08 14:03:14,Completed,1649.0
3804,220,2024-08-08 10:55:44,Completed,890.76
3805,936,2024-06-28 18:19:16,Completed,391.05
3806,857,2023-11-15 00:19:00,Completed,1868.5300000000002
3807,774,2025-03-19 10:22:05,Cancelled,2275.63
3808,423,2025-10-07 16:25:21,Cancelled,820.28
3809,261,2024-05-14 17:04:25,Pending,423.9
3810,995,2025-02-27 12:15:22,Completed,2591.66
3811,464,2023-10-23 08:33:37,Completed,2433.79
3812,815,2025-06-06 18:50:55,Completed,78.57
3813,274,2025-09-11 00:13:26,Pending,1970.36
3814,376,2024-11-13 23:43:00,Pending,1103.25
3815,19,2024-09-11 07:07:10,Cancelled,612.42
3816,578,2023-11-07 00:15:39,Cancelled,2051.6
3817,753,2023-11-17 03:30:40,Pending,434.27
3818,408,2024-08-19 05:40:32,Completed,260.82
3819,878,2024-07-17 18:49:58,Completed,932.2
3820,867,2024-01-19 10:11:25,Pending,1351.99
3821,846,2024-11-11 16:56:24,Completed,3471.61
3822,409,2024-04-01 23:18:24,Pending,2006.9
3823,792,2024-01-01 23:03:38,Completed,1387.09
3824,508,2025-08-24 00:25:19,Pending,2719.52
3825,587,2024-07-07 05:25:40,Cancelled,548.07
3826,200,2023-11-11 00:02:02,Cancelled,114.12
3827,584,2025-01-12 03:08:20,Cancelled,2166.77
3828,286,2024-12-20 17:00:12,Pending,2202.47
3829,541,2025-10-19 12:39:32,Completed,780.96
3830,310,2024-08-02 19:51:15,Completed,931.07
3831,142,2024-07-30 16:10:18,Cancelled,1323.25
3832,238,2024-10-28 21:45:57,Pending,1350.76
3833,896,2024-03-13 16:20:38,Pending,1030.25
3834,89,2024-05-09 17:44:46,Completed,4069.8500000000004
3835,204,2023-12-21 08:16:51,Pending,1645.51
3836,959,2024-03-22 20:01:15,Completed,1458.3999999999999
3837,56,2024-12-25 06:46:25,Cancelled,3034.12
3838,613,2024-05-20 15:41:08,Completed,401.38
3839,488,2024-06-07 15:07:00,Completed,76.2
3840,810,2025-07-09 23:01:18,Cancelled,1137.22
3841,944,2024-06-15 14:45:41,Cancelled,2017.98
3842,478,2025-01-07 05:47:23,Completed,1003.1
3843,969,2024-08-31 03:50:27,Completed,4642.32
3844,289,2023-11-30 23:38:28,Completed,1185.49
3845,800,2024-06-02 07:00:42,Cancelled,623.69
3846,498,2025-03-07 07:50:22,Pending,5053.3099999999995
3847,169,2025-01-26 22:17:25,Completed,3689.6400000000003
3848,797,2024-06-05 16:26:52,Cancelled,1536.3
3849,931,2024-07-23 12:40:13,Completed,699.09
3850,540,2025-07-29 13:26:04,Completed,2955.78
3851,304,2024-12-27 07:45:02,Completed,388.59000000000003
3852,210,2025-09-17 04:27:06,Completed,2603.94
3853,692,2025-03-06 21:54:35,Pending,2194.76
3854,213,2024-01-28 01:46:10,Pending,2035.1399999999999
3855,793,2024-06-26 18:59:56,Cancelled,1544.62
3856,218,2023-11-11 19:34:38,Cancelled,2571.17
3857,179,2024-03-03 20:54:25,Cancelled,158.32
3858,615,2025-05-08 11:10:29,Completed,3636.3599999999997
3859,651,2025-08-22 07:38:48,Completed,2269.0
3860,614,2024-09-06 11:05:45,Pending,4141.17
3861,777,2025-09-15 23:39:26,Pending,852.33
3862,262,2024-07-23 20:57:29,Cancelled,3691.8
3863,423,2024-03-11 03:54:13,Pending,531.1600000000001
3864,689,2025-06-11 15:40:20,Pending,3374.42
3865,77,2024-08-07 14:04:42,Completed,505.62
3866,756,2025-01-21 22:21:24,Pending,1952.77
3867,746,2025-03-07 08:34:10,Pending,90.32
3868,450,2024-07-06 23:43:03,Completed,1216.9
3869,691,2024-04-21 09:01:04,Pending,989.88
3870,39,2024-06-14 13:15:39,Pending,71.9
3871,142,2024-04-18 00:23:54,Cancelled,1251.8
3872,193,2024-03-22 21:18:08,Cancelled,2977.7
3873,217,2025-10-13 16:34:40,Cancelled,1813.26
3874,89,2025-02-07 15:41:11,Pending,45.24
3875,138,2024-12-25 00:23:39,Completed,1916.1699999999998
3876,437,2024-03-16 03:07:40,Cancelled,2669.87
3877,889,2024-07-30 21:30:41,Completed,365.38
3878,437,2024-04-14 04:57:00,Completed,2514.98
3879,218,2025-06-08 05:10:04,Pending,29.45
3880,731,2025-09-04 02:13:01,Cancelled,1568.03
3881,202,2024-11-03 03:00:36,Pending,3441.33
3882,355,2025-06-14 06:11:30,Pending,1199.18
3883,284,2024-08-24 20:11:27,Pending,768.32
3884,929,2024-03-12 23:10:55,Cancelled,219.28
3885,650,2025-09-23 04:16:09,Cancelled,143.8
3886,329,2024-09-12 20:18:25,Pending,790.43
3887,485,2025-05-08 17:28:11,Cancelled,881.6999999999999
3888,510,2023-11-18 15:13:07,Cancelled,1950.75
3889,730,2025-04-26 08:46:48,Cancelled,1927.54
3890,545,2025-05-29 04:46:23,Completed,1643.85
3891,208,2024-12-25 02:40:45,Pending,2471.8
3892,108,2024-12-06 07:46:50,Completed,185.34
3893,423,2024-11-29 15:04:35,Completed,1658.96
3894,989,2024-07-20 20:22:09,Completed,3799.5800000000004
3895,988,2024-02-13 12:45:16,Completed,354.06
3896,481,2024-08-06 18:27:36,Completed,355.26
3897,317,2025-01-08 19:17:02,Cancelled,1040.8200000000002
3898,342,2024-02-13 08:24:43,Cancelled,3922.79
3899,646,2025-08-29 20:18:52,Cancelled,870.18
3900,186,2025-06-18 04:24:13,Cancelled,2147.88
3901,404,2025-10-04 04:33:29,Pending,2417.4399999999996
3902,84,2024-09-28 13:46:57,Pending,3185.99
3903,987,2025-03-12 11:58:28,Completed,2467.64
3904,774,2025-06-15 07:12:58,Pending,657.65
3905,507,2024-09-04 14:35:42,Completed,2121.48
3906,551,2025-10-17 23:23:16,Cancelled,3394.66
3907,82,2024-05-15 10:16:12,Cancelled,1768.59
3908,358,2024-03-29 08:47:42,Completed,2848.26
3909,7,2025-05-18 00:42:37,Pending,3904.05
3910,644,2024-01-06 21:08:23,Pending,3755.96
3911,484,2024-05-20 01:31:11,Pending,2931.6400000000003
3912,802,2024-07-14 03:52:36,Pending,4597.83
3913,6,2024-05-08 22:59:50,Cancelled,3492.1000000000004
3914,663,2025-09-22 02:02:46,Completed,2638.62
3915,184,2025-02-10 12:11:39,Pending,1025.55
3916,591,2024-04-11 14:01:34,Cancelled,2976.36
3917,887,2024-01-18 16:32:08,Completed,2387.42
3918,363,2025-09-21 04:05:23,Cancelled,1904.16
3919,398,2025-04-14 03:10:46,Pending,1740.05
3920,106,2024-05-02 02:28:34,Completed,1349.26
3921,20,2025-08-27 15:38:17,Cancelled,182.69
3922,831,2024-03-13 06:41:25,Cancelled,341.85
3923,687,2024-03-09 23:22:51,Cancelled,3950.44
3924,952,2025-09-17 08:25:34,Pending,1452.91
3925,233,2025-07-06 02:19:12,Cancelled,2006.9
3926,536,2024-07-20 12:42:48,Pending,627.7
3927,340,2024-11-02 04:13:49,Cancelled,1761.6899999999998
3928,274,2025-03-05 04:52:22,Pending,2322.15
3929,298,2024-04-05 08:45:57,Completed,5129.54
3930,119,2024-04-22 00:00:26,Cancelled,2568.41
3931,915,2024-08-08 03:56:14,Completed,556.02
3932,159,2024-12-28 02:51:19,Pending,2228.0
3933,581,2024-05-06 15:13:57,Pending,2501.17
3934,38,2023-12-17 15:23:02,Pending,2344.8199999999997
3935,571,2025-06-12 10:09:53,Pending,5245.19
3936,841,2024-06-10 09:46:49,Cancelled,3621.9599999999996
3937,623,2024-02-05 03:01:31,Cancelled,1997.8400000000001
3938,526,2024-06-02 00:34:26,Pending,100.5
3939,700,2024-07-05 12:07:58,Completed,1080.04
3940,610,2025-10-19 19:59:47,Completed,4334.85
3941,358,2025-10-03 06:40:57,Completed,60.92
3942,747,2025-09-20 02:38:27,Completed,3841.26
3943,972,2025-08-16 11:53:00,Cancelled,1284.08
3944,466,2025-04-30 08:29:01,Completed,979.99
3945,541,2024-05-22 01:14:31,Pending,339.84
3946,360,2024-01-11 01:11:37,Pending,1366.23
3947,263,2025-02-27 23:54:45,Completed,268.8
3948,441,2024-01-27 13:27:29,Completed,2252.13
3949,615,2025-06-11 02:41:40,Completed,180.16
3950,284,2025-10-07 08:37:52,Pending,2071.45
3951,301,2024-05-18 15:41:44,Cancelled,453.8
3952,362,2024-07-28 21:37:22,Completed,374.06
3953,268,2025-05-17 16:38:35,Pending,2702.32
3954,516,2024-10-04 17:00:23,Cancelled,2942.96
3955,696,2025-03-01 21:47:55,Cancelled,797.56
3956,122,2025-07-17 12:34:43,Completed,2437.11
3957,705,2024-04-05 21:28:42,Pending,1665.24
3958,998,2023-12-11 16:13:08,Cancelled,5616.110000000001
3959,497,2025-02-26 15:56:59,Completed,1175.52
3960,823,2024-11-12 08:00:08,Pending,2022.7800000000002
3961,979,2023-11-25 08:13:59,Cancelled,2041.5
3962,172,2025-07-13 18:16:03,Cancelled,3050.05
3963,867,2024-10-30 04:30:29,Pending,173.14
3964,696,2024-10-19 18:04:10,Pending,2251.83
3965,643,2024-10-08 09:40:12,Completed,1830.9
3966,567,2025-10-05 14:13:44,Cancelled,2177.23
3967,372,2024-08-26 16:26:49,Pending,1549.44
3968,190,2024-04-25 00:09:49,Completed,2894.2799999999997
3969,174,2023-12-27 00:41:27,Completed,114.12
3970,609,2025-07-27 16:38:57,Cancelled,392.85
3971,786,2024-05-04 11:46:17,Cancelled,522.62
3972,353,2025-06-13 07:38:04,Completed,1516.3200000000002
3973,162,2025-03-25 23:23:11,Completed,46.58
3974,13,2024-11-25 19:52:14,Cancelled,571.16
3975,197,2024-05-23 04:56:04,Completed,635.24
3976,637,2024-02-02 16:35:15,Pending,1724.2
3977,479,2023-11-16 09:13:46,Cancelled,635.24
3978,85,2025-07-17 07:26:28,Pending,1433.8400000000001
3979,15,2025-10-06 12:11:55,Pending,2792.82
3980,482,2024-10-03 17:36:21,Pending,2173.64
3981,672,2024-03-31 04:44:04,Cancelled,1974.88
3982,665,2023-12-30 19:36:38,Pending,1345.33
3983,988,2024-04-30 22:17:03,Cancelled,4887.61
3984,307,2023-11-16 07:14:09,Pending,111.57
3985,650,2025-02-08 02:06:06,Pending,1212.3200000000002
3986,261,2025-03-04 19:07:12,Cancelled,2330.5
3987,90,2024-09-04 06:16:35,Cancelled,2649.42
3988,308,2025-02-23 01:33:22,Cancelled,118.42
3989,203,2024-03-02 10:24:28,Pending,584.91
3990,296,2024-01-27 04:42:21,Completed,1187.68
3991,688,2024-01-06 04:25:56,Pending,394.4
3992,853,2025-06-26 11:08:43,Cancelled,2416.53
3993,861,2024-12-02 09:25:11,Cancelled,1445.8500000000001
3994,408,2024-05-02 23:43:08,Pending,333.78
3995,926,2025-02-26 15:11:41,Cancelled,159.99
3996,372,2024-04-28 09:09:54,Cancelled,2136.9700000000003
3997,838,2024-06-21 02:15:05,Cancelled,4290.75
3998,832,2025-01-29 20:02:50,Pending,3074.93
3999,893,2025-02-21 22:52:34,Pending,1903.02
4000,672,2025-09-23 07:59:58,Pending,536.4200000000001
4001,929,2024-08-13 18:23:14,Cancelled,374.06
4002,360,2025-10-05 00:44:14,Cancelled,1229.83
4003,239,2025-02-09 12:05:19,Completed,2511.2
4004,645,2024-05-19 08:03:17,Cancelled,1129.25
4005,465,2024-07-28 00:46:12,Pending,955.84
4006,557,2025-05-25 23:32:59,Cancelled,173.10000000000002
4007,287,2023-12-19 05:48:29,Pending,1064.88
4008,854,2025-08-19 11:26:39,Completed,649.61
4009,951,2024-01-14 15:29:37,Pending,2269.0
4010,184,2023-10-23 20:17:37,Completed,3966.8
4011,478,2025-07-13 04:57:26,Cancelled,3249.76
4012,615,2025-01-03 09:09:58,Completed,1663.95
4013,160,2025-03-22 10:53:01,Cancelled,5116.389999999999
4014,642,2024-08-26 19:47:18,Pending,2573.95
4015,946,2024-11-07 18:39:27,Pending,2084.68
4016,169,2024-10-27 04:53:08,Cancelled,970.84
4017,172,2025-05-28 14:28:47,Completed,147.25
4018,316,2024-07-16 02:55:20,Pending,1030.96
4019,382,2024-11-11 06:58:28,Completed,377.56
4020,702,2025-08-31 23:48:46,Completed,661.8799999999999
4021,304,2024-07-12 23:33:00,Completed,2763.3199999999997
4022,289,2024-09-12 11:30:16,Cancelled,3554.52
4023,903,2024-11-09 04:18:23,Cancelled,1044.8400000000001
4024,458,2024-01-14 11:10:44,Pending,1845.5
4025,310,2025-09-20 15:44:02,Cancelled,186.32
4026,774,2025-09-28 00:03:51,Cancelled,1005.71
4027,204,2023-12-22 19:04:55,Completed,1696.1100000000001
4028,176,2024-02-16 09:25:24,Pending,123.93
4029,585,2025-01-15 19:54:47,Completed,736.5699999999999
4030,851,2024-03-31 19:02:56,Pending,1244.8600000000001
4031,519,2023-12-18 06:49:52,Completed,434.7
4032,860,2025-06-04 07:21:45,Completed,403.2
4033,996,2025-07-20 10:01:17,Pending,4115.04
4034,341,2024-12-18 05:49:55,Completed,2119.96
4035,286,2024-06-22 19:04:37,Cancelled,2060.4300000000003
4036,851,2024-03-12 07:32:22,Cancelled,2895.97
4037,574,2025-01-22 09:09:06,Pending,3372.6
4038,335,2025-03-11 09:22:03,Cancelled,1773.67
4039,99,2025-07-03 01:58:14,Cancelled,3143.9300000000003
4040,126,2025-01-15 08:31:00,Cancelled,1626.55
4041,369,2025-10-03 20:40:43,Cancelled,315.3
4042,446,2025-06-04 01:59:03,Cancelled,1668.92
4043,776,2024-04-01 02:04:29,Pending,283.17
4044,675,2024-12-28 12:32:24,Completed,117.8
4045,88,2024-06-10 19:45:56,Cancelled,712.74
4046,286,2023-11-29 13:15:00,Pending,2623.14
4047,292,2023-12-21 07:34:18,Cancelled,4217.78
4048,54,2024-10-19 06:00:35,Pending,634.32
4049,933,2024-07-19 04:06:00,Completed,175.52
4050,17,2024-05-25 17:27:07,Pending,1935.81
4051,78,2024-09-17 16:25:05,Pending,2088.69
4052,876,2024-12-15 22:06:02,Pending,3256.4700000000003
4053,443,2025-09-14 10:34:45,Pending,369.1
4054,228,2024-10-01 19:09:03,Completed,156.42
4055,257,2024-02-11 03:39:18,Pending,781.69
4056,216,2024-12-09 12:25:36,Pending,2195.9700000000003
4057,538,2025-03-03 15:55:15,Pending,2046.29
4058,515,2024-01-06 22:07:04,Completed,1319.2
4059,961,2024-05-30 03:21:21,Completed,817.14
4060,250,2024-10-08 21:59:53,Cancelled,1129.25
4061,299,2025-02-26 01:42:16,Completed,4362.76
4062,670,2023-12-03 15:33:35,Cancelled,1394.33
4063,974,2024-06-02 02:38:46,Pending,794.42
4064,489,2025-06-16 10:33:08,Cancelled,5805.25
4065,460,2024-01-29 20:50:15,Cancelled,1392.27
4066,164,2025-06-04 18:00:57,Completed,611.99
4067,888,2025-07-29 16:45:11,Cancelled,1941.1
4068,569,2023-11-23 19:35:34,Completed,1430.3899999999999
4069,837,2024-09-07 10:37:48,Completed,794.42
4070,604,2025-08-31 13:15:48,Completed,466.1
4071,183,2025-05-12 09:34:58,Pending,2323.1099999999997
4072,173,2023-11-01 08:01:10,Completed,1535.5500000000002
4073,13,2024-01-18 13:45:36,Pending,2904.13
4074,252,2025-05-03 10:36:22,Completed,920.26
4075,139,2025-07-04 05:15:21,Completed,1709.25
4076,675,2025-01-13 14:03:33,Pending,2605.8
4077,903,2025-04-21 19:20:36,Pending,1867.48
4078,600,2023-12-28 21:37:00,Cancelled,1815.2
4079,820,2023-12-09 01:40:58,Pending,871.75
4080,478,2024-03-28 05:58:15,Cancelled,2532.96
4081,5,2025-01-25 07:25:38,Pending,2131.08
4082,914,2025-02-04 09:48:33,Pending,317.72
4083,265,2025-02-18 00:52:10,Completed,1784.04
4084,589,2025-07-01 07:30:29,Cancelled,771.66
4085,718,2024-04-15 21:08:07,Pending,3402.31
4086,720,2025-10-17 11:46:26,Pending,3637.3999999999996
4087,800,2025-06-10 07:52:00,Cancelled,1724.9099999999999
4088,947,2023-10-31 05:02:25,Cancelled,158.86
4089,546,2025-07-19 05:39:15,Completed,169.22
4090,662,2024-06-14 01:03:53,Pending,188.78
4091,391,2025-03-06 13:23:14,Completed,1967.42
4092,770,2024-06-01 18:19:34,Completed,2225.46
4093,365,2024-06-27 02:42:34,Completed,2345.06
4094,477,2024-10-27 12:02:47,Completed,4551.67
4095,220,2025-01-12 14:09:45,Pending,2805.63
4096,101,2025-09-12 07:50:14,Pending,1302.31
4097,392,2025-05-10 04:17:27,Completed,258.33
4098,690,2025-08-03 21:15:58,Cancelled,3116.25
4099,547,2023-12-28 04:04:22,Cancelled,3861.28
4100,63,2024-01-22 19:13:52,Pending,3427.7400000000002
4101,419,2024-12-30 13:39:01,Pending,216.36
4102,679,2023-10-23 07:52:27,Pending,3841.8
4103,810,2024-10-29 13:25:15,Pending,1351.3600000000001
4104,48,2025-09-01 12:48:53,Completed,1737.08
4105,382,2024-09-14 17:22:57,Cancelled,3079.24
4106,332,2024-12-22 16:02:03,Completed,3150.38
4107,9,2023-12-27 17:36:44,Cancelled,1748.16
4108,173,2024-12-05 16:18:25,Pending,1047.1299999999999
4109,132,2024-01-14 18:01:15,Pending,472.08
4110,183,2024-06-20 21:36:21,Pending,1344.78
4111,411,2024-03-17 11:42:32,Completed,3382.82
4112,811,2025-03-26 18:28:23,Pending,2330.5
4113,657,2024-08-15 19:33:15,Cancelled,717.5
4114,961,2024-02-01 03:50:48,Completed,4006.2799999999997
4115,69,2024-05-01 10:21:14,Pending,2006.9
4116,908,2024-08-28 12:28:33,Cancelled,2560.46
4117,336,2024-11-28 03:44:09,Cancelled,1505.71
4118,126,2025-01-24 22:20:50,Cancelled,1016.34
4119,316,2025-10-18 03:15:43,Cancelled,2864.49
4120,729,2024-12-12 14:02:32,Pending,2649.97
4121,228,2025-05-20 08:21:45,Cancelled,2334.08
4122,12,2025-05-22 20:41:45,Completed,3643.77
4123,466,2024-01-05 21:24:16,Pending,1456.23
4124,346,2024-10-23 10:46:46,Pending,2109.07
4125,190,2024-03-18 14:40:48,Cancelled,3832.1
4126,715,2025-02-11 01:21:43,Completed,1569.77
4127,853,2025-03-13 02:43:53,Cancelled,1202.19
4128,284,2024-08-11 00:14:59,Completed,2702.45
4129,80,2024-07-06 00:21:30,Cancelled,852.4300000000001
4130,302,2023-12-11 20:01:36,Pending,1152.48
4131,971,2025-10-09 01:33:20,Pending,644.35
4132,237,2023-10-26 07:09:54,Completed,395.37
4133,681,2023-11-27 11:52:15,Cancelled,225.18
4134,886,2025-08-02 16:28:07,Completed,1892.85
4135,226,2024-05-20 15:53:22,Cancelled,1488.72
4136,821,2024-04-28 06:15:43,Pending,571.56
4137,280,2024-06-28 20:14:28,Pending,4577.96
4138,643,2025-08-03 02:04:09,Completed,1703.1
4139,76,2025-03-22 10:59:31,Pending,1149.2
4140,466,2025-04-26 03:05:05,Completed,3315.71
4141,791,2023-11-04 23:45:44,Pending,2252.7799999999997
4142,216,2024-01-28 04:44:10,Completed,1168.27
4143,118,2023-11-16 11:13:45,Completed,469.64
4144,975,2025-03-17 09:55:24,Pending,2444.19
4145,582,2024-05-25 15:18:24,Completed,1802.83
4146,849,2024-04-13 00:00:54,Completed,926.25
4147,786,2025-01-21 18:10:34,Completed,2099.73
4148,760,2025-06-27 03:44:00,Pending,1433.13
4149,49,2025-06-08 13:21:59,Cancelled,2174.9
4150,303,2025-01-21 11:16:09,Cancelled,1125.9
4151,619,2025-02-27 14:18:36,Completed,2152.46
4152,792,2023-11-01 05:32:54,Pending,1143.01
4153,863,2025-05-22 05:06:33,Pending,4270.09
4154,447,2023-11-24 05:19:16,Cancelled,1092.8600000000001
4155,879,2024-07-31 17:41:21,Cancelled,2432.27
4156,264,2025-09-24 16:45:09,Pending,3089.15
4157,172,2025-01-31 19:54:05,Cancelled,670.41
4158,576,2024-04-30 21:36:24,Cancelled,2249.13
4159,480,2025-04-27 21:26:36,Completed,679.14
4160,322,2024-11-14 23:51:51,Cancelled,1075.5
4161,52,2024-03-19 23:19:09,Pending,968.38
4162,556,2024-05-18 21:03:48,Pending,723.64
4163,567,2024-01-07 12:28:14,Completed,982.37
4164,988,2025-03-01 07:12:15,Completed,2821.92
4165,496,2025-06-26 15:43:09,Cancelled,973.6700000000001
4166,338,2025-01-07 00:47:45,Cancelled,1223.88
4167,868,2024-10-14 11:26:27,Cancelled,1070.5
4168,169,2024-09-16 00:20:12,Completed,2473.45
4169,588,2024-12-28 06:13:14,Pending,41.31
4170,751,2024-09-08 19:41:25,Cancelled,801.46
4171,10,2025-02-28 12:07:35,Pending,2391.2799999999997
4172,578,2025-01-15 00:14:29,Completed,1055.83
4173,817,2024-07-13 02:53:15,Pending,1602.92
4174,577,2025-10-11 16:47:49,Cancelled,939.28
4175,166,2025-04-02 08:48:45,Completed,1248.58
4176,334,2024-01-24 16:19:26,Pending,2221.38
4177,214,2025-05-15 12:30:47,Pending,189.05
4178,850,2025-01-10 19:59:57,Completed,1887.42
4179,10,2024-08-29 05:17:36,Completed,996.9
4180,81,2025-07-30 19:06:26,Completed,3285.3
4181,369,2025-02-08 07:15:29,Completed,3463.99
4182,106,2025-09-24 14:44:00,Completed,605.1299999999999
4183,77,2025-10-06 14:29:29,Cancelled,238.29
4184,135,2025-07-18 14:01:28,Cancelled,355.95
4185,495,2024-12-07 10:01:25,Cancelled,3096.21
4186,547,2023-10-22 09:43:11,Completed,3851.25
4187,643,2023-12-19 06:50:54,Completed,1720.0900000000001
4188,304,2023-11-01 20:30:38,Completed,1520.35
4189,626,2024-02-06 21:41:00,Completed,1565.52
4190,949,2023-11-11 00:37:20,Completed,4116.57
4191,366,2024-11-22 12:53:08,Cancelled,4570.94
4192,551,2025-03-15 18:48:20,Completed,3830.8
4193,393,2024-05-25 13:01:07,Pending,2440.89
4194,235,2024-07-08 07:42:55,Completed,2593.8900000000003
4195,834,2024-04-24 23:37:43,Completed,2032.84
4196,709,2025-07-01 22:57:00,Cancelled,378.1
4197,612,2024-02-12 10:59:55,Completed,1795.8000000000002
4198,193,2024-03-21 02:39:20,Completed,1543.32
4199,252,2025-09-01 20:22:03,Pending,90.08
4200,370,2024-10-05 08:46:15,Pending,711.9
4201,756,2024-05-13 11:56:53,Cancelled,2371.62
4202,445,2024-06-02 07:07:01,Pending,2391.4700000000003
4203,371,2024-12-29 14:32:23,Completed,403.2
4204,298,2024-02-26 21:07:17,Completed,114.3
4205,963,2025-09-18 01:20:45,Cancelled,2927.76
4206,600,2025-04-16 12:09:38,Cancelled,3482.3399999999997
4207,790,2025-07-15 23:57:44,Completed,2864.06
4208,814,2025-01-16 12:22:34,Pending,851.54
4209,700,2025-06-25 22:17:50,Completed,2786.0
4210,956,2025-05-23 20:05:30,Completed,3366.8999999999996
4211,283,2024-10-12 06:06:03,Completed,918.6299999999999
4212,74,2025-09-02 10:40:47,Pending,2761.98
4213,778,2024-03-17 14:01:58,Completed,1423.8
4214,879,2025-07-17 14:13:39,Cancelled,2722.28
4215,839,2025-03-07 07:32:25,Pending,788.26
4216,533,2024-02-25 21:12:25,Completed,212.88
4217,224,2024-04-10 05:38:05,Pending,3024.0
4218,356,2024-05-09 22:26:53,Pending,384.16
4219,777,2024-07-26 19:11:36,Completed,761.1600000000001
4220,733,2024-09-11 03:03:07,Pending,4075.96
4221,729,2025-02-08 01:06:17,Cancelled,378.1
4222,868,2025-09-07 11:42:30,Completed,3124.72
4223,13,2024-05-12 14:12:44,Pending,1630.07
4224,865,2024-12-29 04:47:50,Pending,2742.68
4225,879,2025-08-02 22:26:32,Completed,1074.97
4226,748,2024-05-02 01:01:36,Pending,642.24
4227,634,2023-11-10 09:14:52,Pending,365.38
4228,858,2024-01-25 10:24:52,Pending,1620.62
4229,34,2024-07-16 21:07:47,Pending,1875.55
4230,327,2025-07-07 17:34:45,Cancelled,2244.3
4231,905,2025-02-19 16:49:13,Completed,2758.14
4232,633,2024-08-27 01:00:15,Cancelled,3262.3900000000003
4233,995,2024-09-09 10:50:15,Pending,190.5
4234,876,2025-04-26 00:02:47,Pending,3057.25
4235,746,2024-07-31 09:06:14,Cancelled,1470.08
4236,354,2024-12-01 05:36:28,Cancelled,1614.74
4237,620,2025-07-02 20:13:17,Cancelled,1482.25
4238,688,2025-08-29 23:40:56,Cancelled,6634.13
4239,719,2024-08-07 16:19:02,Cancelled,2462.95
4240,960,2024-07-29 15:37:45,Cancelled,499.68
4241,279,2024-07-25 14:42:27,Pending,4045.41
4242,645,2023-12-25 17:15:23,Completed,4114.73
4243,504,2024-08-19 13:29:08,Completed,2477.06
4244,233,2024-08-13 22:54:41,Cancelled,301.86
4245,430,2024-09-18 09:41:31,Cancelled,372.18
4246,707,2023-10-26 14:22:19,Pending,3787.25
4247,33,2024-06-10 06:30:54,Cancelled,437.04
4248,645,2024-08-05 14:32:14,Completed,2503.27
4249,99,2025-07-08 16:25:18,Completed,1465.3600000000001
4250,467,2025-08-18 19:56:24,Completed,2593.94
4251,120,2025-06-26 10:41:57,Pending,764.04
4252,531,2025-10-09 10:43:45,Completed,2560.4700000000003
4253,802,2025-05-15 03:04:42,Pending,3728.26
4254,504,2025-06-30 20:11:56,Pending,2212.06
4255,787,2025-09-11 23:16:47,Pending,5541.7
4256,579,2024-11-07 13:26:31,Pending,4057.75
4257,555,2024-09-13 21:26:01,Pending,841.69
4258,896,2025-07-12 04:55:58,Completed,123.93
4259,683,2025-04-07 15:29:36,Completed,1993.27
4260,733,2024-06-07 15:02:15,Pending,2722.02
4261,624,2025-05-28 18:39:27,Completed,2481.5600000000004
4262,149,2025-03-12 15:34:48,Completed,545.16
4263,644,2025-08-07 22:57:44,Completed,369.1
4264,811,2023-11-30 20:56:04,Completed,2239.09
4265,921,2023-11-09 22:08:49,Pending,675.54
4266,745,2025-09-10 12:14:36,Completed,763.12
4267,852,2024-11-22 22:39:06,Completed,619.88
4268,439,2024-05-09 09:31:15,Completed,2217.8
4269,570,2025-05-17 07:58:38,Pending,2269.0
4270,293,2025-08-13 03:58:34,Completed,1763.06
4271,724,2025-07-28 10:08:04,Pending,719.28
4272,142,2024-03-20 02:36:59,Pending,4479.49
4273,323,2025-02-05 01:01:02,Completed,4392.24
4274,643,2025-04-28 13:15:34,Completed,4464.3
4275,360,2024-07-03 18:38:22,Completed,1328.63
4276,620,2024-01-16 00:16:00,Cancelled,4056.88
4277,209,2025-05-04 07:29:36,Completed,768.51
4278,789,2025-04-19 01:00:09,Pending,2041.5
4279,748,2025-03-20 21:28:47,Cancelled,1091.5
4280,199,2023-12-22 19:41:24,Cancelled,2654.18
4281,568,2024-05-31 10:28:09,Cancelled,3288.61
4282,237,2024-01-21 21:32:01,Pending,1069.8400000000001
4283,831,2024-12-10 00:02:53,Completed,2753.3
4284,166,2025-04-13 11:56:26,Cancelled,2677.26
4285,840,2024-08-21 21:57:11,Completed,950.8299999999999
4286,94,2025-06-28 16:01:07,Completed,2822.19
4287,90,2024-07-18 17:28:14,Pending,1162.03
4288,61,2024-07-12 15:31:09,Pending,903.4
4289,630,2024-09-26 14:05:30,Completed,1535.1100000000001
4290,31,2025-01-03 16:23:05,Completed,1567.94
4291,319,2024-11-16 21:48:17,Cancelled,1590.96
4292,759,2024-02-17 22:32:38,Completed,991.28
4293,813,2025-10-10 17:01:43,Cancelled,2505.8599999999997
4294,657,2025-03-04 20:07:19,Pending,1936.02
4295,521,2024-03-22 20:07:07,Cancelled,386.61
4296,467,2025-04-14 14:19:06,Cancelled,633.54
4297,875,2025-02-05 08:02:10,Cancelled,4698.68
4298,57,2025-08-20 22:40:23,Cancelled,2565.67
4299,63,2025-06-29 13:12:48,Pending,1623.8200000000002
4300,669,2024-10-08 00:47:35,Pending,110.4
4301,700,2024-10-19 19:50:12,Cancelled,2185.2
4302,375,2024-12-16 04:58:56,Pending,715.38
4303,589,2024-03-20 20:28:16,Cancelled,236.84
4304,850,2024-08-23 03:48:19,Completed,2459.77
4305,502,2024-06-28 02:18:55,Completed,1642.35
4306,914,2024-10-30 07:15:39,Pending,118.02
4307,315,2024-12-22 01:52:29,Completed,3700.35
4308,30,2025-10-10 23:41:31,Cancelled,1100.8899999999999
4309,180,2023-12-08 02:26:29,Completed,565.2
4310,485,2024-01-13 01:42:50,Cancelled,1617.72
4311,508,2024-03-01 21:10:00,Cancelled,1024.39
4312,127,2025-08-05 08:16:55,Pending,2932.83
4313,516,2024-11-20 16:24:15,Pending,2286.1400000000003
4314,953,2024-11-26 07:39:58,Completed,706.5
4315,444,2024-08-05 05:30:29,Cancelled,2006.9
4316,148,2025-07-17 18:00:10,Pending,1793.3600000000001
4317,941,2025-05-06 21:20:47,Completed,1129.25
4318,158,2023-12-22 09:26:00,Cancelled,377.56
4319,511,2024-07-02 15:55:08,Pending,1779.75
4320,342,2024-12-06 08:56:17,Cancelled,94.39
4321,765,2024-05-04 17:56:01,Cancelled,2977.5699999999997
4322,342,2025-02-26 13:08:35,Cancelled,4172.17
4323,402,2025-05-25 10:27:57,Completed,1700.69
4324,629,2024-09-08 14:45:22,Pending,665.58
4325,498,2024-04-20 16:21:10,Cancelled,1043.02
4326,587,2025-02-02 04:28:55,Pending,284.11
4327,442,2025-04-15 02:52:18,Completed,1798.2
4328,144,2024-07-22 05:40:22,Cancelled,678.5
4329,80,2025-07-21 18:13:10,Cancelled,608.48
4330,266,2024-02-20 14:58:04,Completed,3627.33
4331,391,2025-03-08 13:28:21,Pending,517.12
4332,587,2024-06-30 14:31:32,Cancelled,2269.0
4333,716,2025-05-22 21:33:31,Pending,5429.21
4334,146,2024-07-23 04:27:02,Pending,1161.72
4335,253,2025-01-21 16:35:27,Completed,2333.65
4336,963,2025-10-06 16:28:28,Completed,3102.87
4337,782,2024-06-30 11:33:46,Pending,1064.46
4338,286,2024-04-06 07:12:33,Cancelled,1707.85
4339,615,2024-06-29 15:56:55,Cancelled,706.5
4340,79,2024-10-19 05:49:13,Pending,1255.8799999999999
4341,605,2025-05-14 08:44:23,Pending,3033.33
4342,739,2025-06-08 07:21:16,Pending,3364.7799999999997
4343,467,2024-06-13 17:20:29,Completed,397.74
4344,585,2024-06-07 21:25:21,Pending,2036.0900000000001
4345,723,2025-08-22 01:26:45,Pending,998.37
4346,914,2024-04-01 16:21:07,Pending,2021.5
4347,969,2024-04-21 20:33:48,Pending,3046.15
4348,683,2023-11-14 08:05:19,Pending,1723.12
4349,814,2023-11-25 10:21:05,Pending,3772.04
4350,904,2025-01-21 07:55:21,Cancelled,1213.5900000000001
4351,985,2024-05-01 11:29:04,Completed,1482.07
4352,168,2025-08-19 15:37:40,Completed,1350.68
4353,314,2023-12-11 10:10:35,Completed,2432.34
4354,798,2024-05-14 20:00:34,Cancelled,3066.57
4355,764,2025-09-09 03:44:35,Cancelled,2239.0
4356,60,2024-08-16 16:23:54,Completed,359.64
4357,938,2024-05-11 22:17:07,Pending,1428.04
4358,705,2023-11-21 04:45:28,Completed,856.32
4359,876,2025-10-01 20:48:21,Cancelled,182.69
4360,377,2024-08-18 06:33:25,Completed,1455.51
4361,486,2025-09-28 01:31:43,Pending,1956.32
4362,217,2025-04-13 08:33:43,Cancelled,385.83
4363,306,2024-09-30 09:19:34,Cancelled,1922.1
4364,353,2025-07-18 09:50:15,Completed,2993.5299999999997
4365,472,2024-03-27 22:24:08,Completed,4568.83
4366,857,2025-10-13 14:04:52,Completed,2831.95
4367,256,2024-02-26 20:13:56,Cancelled,2347.2799999999997
4368,703,2024-05-18 03:16:24,Cancelled,140.37
4369,946,2024-01-14 16:14:45,Pending,3982.41
4370,685,2024-03-30 17:50:23,Pending,2110.66
4371,961,2025-04-11 11:59:16,Cancelled,2422.84
4372,52,2024-08-29 00:56:30,Pending,989.88
4373,386,2025-07-28 16:24:18,Cancelled,2728.7799999999997
4374,972,2025-03-12 21:26:05,Completed,2063.83
4375,957,2024-01-27 06:52:28,Pending,2146.42
4376,5,2025-02-27 14:55:01,Completed,1843.98
4377,7,2025-06-10 23:52:56,Completed,812.3299999999999
4378,17,2024-09-12 10:59:27,Cancelled,1661.76
4379,824,2023-11-28 15:28:37,Cancelled,64.54
4380,370,2024-03-28 05:35:35,Cancelled,1930.18
4381,409,2025-02-08 10:56:54,Completed,1745.4400000000003
4382,404,2025-01-02 20:46:18,Cancelled,3482.76
4383,292,2024-10-23 06:46:32,Pending,1888.92
4384,962,2024-06-08 01:13:36,Cancelled,1398.3
4385,303,2023-11-15 17:16:08,Pending,3206.9399999999996
4386,95,2023-12-30 14:28:37,Completed,707.87
4387,337,2024-02-07 07:44:40,Completed,1225.33
4388,411,2025-08-11 12:02:19,Cancelled,4233.139999999999
4389,304,2025-07-05 07:40:54,Completed,2727.53
4390,302,2025-05-21 06:33:19,Pending,428.67
4391,302,2024-03-02 01:49:58,Completed,1207.7
4392,950,2024-06-27 06:29:31,Completed,2374.72
4393,274,2025-08-12 10:10:44,Cancelled,3637.54
4394,475,2024-10-31 09:49:35,Pending,2970.46
4395,177,2025-07-20 23:18:20,Cancelled,1815.87
4396,994,2023-11-20 04:13:58,Cancelled,949.24
4397,813,2025-04-21 17:50:02,Pending,891.24
4398,658,2025-05-15 11:40:20,Pending,1724.89
4399,622,2025-02-20 15:08:27,Pending,2049.2400000000002
4400,375,2025-03-15 01:38:52,Cancelled,2042.32
4401,920,2024-11-10 07:05:00,Cancelled,301.86
4402,510,2024-11-30 16:06:06,Cancelled,2990.8900000000003
4403,786,2024-10-25 12:58:34,Cancelled,443.68
4404,877,2025-09-14 16:24:10,Cancelled,477.92
4405,76,2024-03-02 23:58:29,Pending,1658.19
4406,281,2025-09-09 05:22:19,Cancelled,121.84
4407,749,2024-05-15 16:38:57,Pending,1805.16
4408,404,2024-10-01 04:59:20,Cancelled,2327.7200000000003
4409,900,2024-08-23 23:03:58,Completed,192.87
4410,803,2024-02-29 03:30:57,Pending,1996.23
4411,147,2024-10-06 16:57:57,Completed,815.3
4412,949,2025-06-16 06:54:37,Cancelled,1161.42
4413,155,2025-09-16 17:31:52,Completed,2533.96
4414,763,2024-08-02 15:15:02,Completed,509.48
4415,398,2025-05-12 13:58:49,Cancelled,963.58
4416,76,2024-05-11 18:49:37,Cancelled,1138.65
4417,717,2025-04-06 17:09:10,Pending,832.8699999999999
4418,873,2024-09-01 17:54:37,Cancelled,1713.21
4419,705,2025-04-01 11:56:28,Cancelled,1087.99
4420,797,2023-11-09 14:10:19,Pending,1406.48
4421,539,2025-05-01 01:38:13,Pending,86.94
4422,75,2024-10-05 14:02:05,Pending,1041.56
4423,984,2025-01-04 09:37:14,Completed,2903.96
4424,853,2024-05-13 08:27:58,Pending,2872.59
4425,630,2024-01-26 03:27:51,Pending,29.45
4426,350,2025-03-29 08:46:46,Pending,2428.34
4427,832,2025-08-21 10:37:35,Cancelled,3957.59
4428,233,2024-11-20 04:51:23,Cancelled,3699.89
4429,712,2024-11-12 16:04:06,Completed,2478.2
4430,739,2025-06-11 15:49:52,Cancelled,1170.28
4431,613,2024-08-30 19:08:23,Cancelled,368.69
4432,20,2024-10-24 16:24:53,Completed,2354.02
4433,149,2024-08-15 16:46:27,Cancelled,1726.21
4434,722,2025-08-23 12:58:30,Cancelled,771.66
4435,143,2024-10-01 12:23:52,Completed,1014.88
4436,711,2025-09-01 06:37:43,Pending,519.42
4437,967,2024-11-24 05:49:09,Pending,2074.5
4438,875,2024-01-29 05:00:25,Completed,1648.8600000000001
4439,866,2025-08-16 16:28:40,Pending,46.58
4440,352,2025-07-02 01:29:47,Cancelled,3808.8
4441,739,2025-06-25 14:54:27,Cancelled,2023.97
4442,712,2025-05-13 15:34:30,Pending,2310.22
4443,935,2024-11-09 03:27:45,Cancelled,503.25
4444,50,2025-03-21 21:34:24,Completed,4056.54
4445,288,2024-11-02 02:27:12,Cancelled,2882.69
4446,577,2025-08-03 07:10:00,Completed,1078.92
4447,240,2023-12-30 02:27:23,Pending,823.87
4448,569,2024-01-22 18:24:03,Cancelled,1044.64
4449,567,2025-09-22 17:10:16,Cancelled,180.16
4450,958,2024-03-30 23:32:29,Pending,1828.75
4451,76,2024-09-01 11:28:06,Completed,578.4200000000001
4452,602,2025-04-21 08:56:48,Cancelled,446.28
4453,818,2024-04-18 03:09:03,Completed,1334.97
4454,903,2025-08-27 23:29:30,Pending,3626.1900000000005
4455,300,2025-10-06 19:16:55,Cancelled,5074.34
4456,748,2025-03-03 19:15:57,Cancelled,2305.4300000000003
4457,748,2024-12-24 11:28:45,Completed,594.63
4458,128,2024-12-06 15:58:40,Completed,3116.34
4459,238,2024-12-26 07:05:08,Pending,3056.8500000000004
4460,620,2025-04-15 00:29:30,Cancelled,2033.04
4461,377,2025-01-24 03:09:27,Completed,1511.87
4462,409,2024-03-18 21:53:42,Pending,1477.5
4463,554,2024-06-14 07:38:44,Cancelled,2695.8
4464,397,2023-10-24 04:53:51,Pending,1489.84
4465,376,2025-04-20 16:29:25,Completed,1858.41
4466,733,2024-11-23 19:57:43,Completed,1734.97
4467,670,2024-07-20 13:07:40,Cancelled,648.88
4468,775,2025-03-06 07:09:14,Pending,636.85
4469,816,2025-03-09 01:37:33,Cancelled,473.68
4470,407,2023-11-03 00:48:39,Pending,446.28
4471,716,2025-04-02 20:32:36,Completed,4715.46
4472,864,2023-11-10 14:53:04,Pending,1943.44
4473,335,2024-07-10 19:02:15,Completed,1067.85
4474,816,2024-09-10 09:04:40,Pending,1281.04
4475,224,2024-01-06 07:22:39,Completed,976.73
4476,195,2024-04-03 13:05:55,Cancelled,2123.4
4477,869,2025-05-18 07:21:38,Completed,2951.78
4478,453,2024-05-27 07:13:49,Completed,2267.9700000000003
4479,648,2024-08-15 03:26:10,Completed,832.28
4480,923,2024-07-24 15:59:39,Pending,2332.4
4481,998,2025-03-13 12:12:55,Completed,4997.5
4482,709,2024-12-19 17:04:11,Completed,1514.5
4483,28,2025-09-08 12:58:55,Pending,471.95
4484,799,2024-05-30 06:04:39,Completed,2833.52
4485,42,2025-10-17 10:49:09,Cancelled,2179.61
4486,782,2025-08-17 09:17:10,Cancelled,611.94
4487,792,2025-08-28 23:40:30,Cancelled,2139.1
4488,576,2025-01-10 20:13:35,Completed,428.16
4489,803,2025-07-13 06:15:16,Completed,2844.34
4490,414,2025-04-27 13:46:32,Cancelled,1470.08
4491,958,2025-09-16 00:39:31,Pending,2610.41
4492,906,2024-09-27 22:07:24,Cancelled,1015.5500000000001
4493,725,2025-10-02 13:41:12,Completed,35.95
4494,995,2024-05-16 16:24:34,Completed,1982.56
4495,246,2025-05-31 01:15:19,Pending,1892.62
4496,324,2024-08-12 23:05:51,Cancelled,1339.97
4497,81,2025-05-31 22:08:08,Cancelled,2460.41
4498,463,2024-05-18 02:09:04,Completed,2865.0
4499,408,2025-10-18 12:41:01,Completed,1780.6999999999998
4500,118,2024-07-14 21:13:52,Pending,1125.06
4501,568,2024-01-25 10:03:37,Completed,865.8
4502,415,2023-11-26 03:06:22,Cancelled,2227.95
4503,226,2024-07-26 07:35:29,Cancelled,3390.48
4504,633,2025-07-22 02:21:07,Cancelled,3802.1200000000003
4505,207,2024-03-21 08:12:36,Completed,1398.39
4506,569,2025-04-22 17:00:04,Pending,1676.6299999999999
4507,589,2024-12-08 10:05:38,Cancelled,1241.21
4508,422,2025-04-20 17:21:42,Pending,995.79
4509,897,2025-07-11 04:46:16,Pending,6355.299999999999
4510,556,2024-11-10 04:05:33,Pending,355.95
4511,631,2025-06-09 10:36:12,Pending,235.71
4512,704,2024-10-04 18:08:42,Cancelled,3842.56
4513,637,2024-02-29 07:40:21,Cancelled,801.46
4514,416,2025-04-16 05:31:11,Cancelled,5832.22
4515,519,2024-01-04 07:32:17,Pending,2246.23
4516,825,2024-08-21 18:49:17,Cancelled,403.2
4517,404,2025-04-03 21:57:19,Cancelled,1463.49
4518,439,2025-08-26 21:58:47,Pending,1199.84
4519,662,2024-12-16 21:09:21,Cancelled,45.16
4520,359,2023-11-12 19:36:23,Cancelled,142.89
4521,694,2024-08-23 15:10:14,Pending,1590.96
4522,983,2025-07-17 07:00:47,Cancelled,2861.2400000000002
4523,208,2025-02-22 16:51:15,Cancelled,1561.79
4524,237,2024-09-20 10:41:20,Pending,2113.02
4525,895,2025-07-18 06:59:35,Cancelled,2478.2
4526,988,2025-05-30 10:30:44,Cancelled,1720.3600000000001
4527,289,2025-03-28 13:43:45,Cancelled,4657.75
4528,841,2025-08-25 06:10:56,Cancelled,285.92
4529,768,2024-05-30 01:45:13,Cancelled,590.1
4530,938,2025-03-12 13:25:24,Completed,1194.8
4531,312,2024-04-08 07:50:34,Cancelled,870.69
4532,288,2024-08-07 10:26:54,Cancelled,1161.96
4533,898,2024-12-26 14:09:55,Cancelled,1790.76
4534,781,2025-03-27 05:38:37,Pending,1468.71
4535,869,2024-10-10 18:09:29,Pending,1884.79
4536,887,2024-01-26 07:15:48,Completed,2229.8900000000003
4537,781,2025-05-16 19:06:01,Cancelled,1323.1
4538,94,2024-06-29 12:13:06,Cancelled,2458.39
4539,791,2024-06-30 11:23:05,Completed,2473.48
4540,952,2024-06-16 08:37:22,Cancelled,2399.98
4541,411,2025-02-24 12:43:24,Cancelled,2957.1800000000003
4542,787,2024-02-11 20:48:10,Completed,145.62
4543,262,2024-10-18 00:09:54,Cancelled,471.95
4544,63,2024-07-23 10:54:03,Completed,2486.61
4545,525,2025-01-22 17:01:31,Pending,1598.6100000000001
4546,761,2024-05-26 14:06:33,Cancelled,2855.08
4547,147,2024-02-22 16:40:06,Cancelled,1983.4
4548,194,2025-01-03 00:00:51,Pending,2118.56
4549,319,2025-02-25 13:29:37,Pending,456.36
4550,466,2024-03-08 23:47:29,Cancelled,4321.13
4551,897,2025-01-25 08:43:57,Completed,2598.1099999999997
4552,348,2025-01-03 21:20:18,Cancelled,1174.26
4553,569,2025-04-07 19:05:32,Completed,2220.44
4554,299,2024-10-25 06:27:00,Completed,269.7
4555,376,2023-10-26 01:26:30,Pending,1597.48
4556,520,2024-04-29 19:43:54,Pending,3387.59
4557,571,2025-03-01 18:48:08,Cancelled,3541.27
4558,316,2023-12-15 10:59:03,Completed,1731.77
4559,418,2025-07-03 03:26:20,Completed,2126.6
4560,522,2024-10-22 00:35:29,Cancelled,2280.65
4561,19,2025-09-22 05:16:34,Cancelled,2473.37
4562,817,2025-05-16 04:48:19,Completed,1585.57
4563,84,2025-04-18 13:25:29,Completed,1919.66
4564,90,2025-07-13 08:38:58,Cancelled,83.36
4565,928,2024-02-26 15:59:03,Pending,1202.96
4566,505,2024-02-28 16:07:25,Cancelled,2539.2700000000004
4567,1,2025-08-02 02:06:10,Cancelled,1068.28
4568,638,2024-03-09 12:29:57,Completed,1992.25
4569,822,2024-01-09 03:52:25,Pending,3241.91
4570,402,2024-03-23 08:56:43,Pending,2857.2
4571,220,2025-02-22 01:13:07,Completed,1956.4200000000003
4572,434,2024-10-20 15:23:05,Cancelled,680.94
4573,327,2024-01-11 17:48:50,Completed,1975.81
4574,244,2024-08-30 22:17:10,Completed,923.8
4575,158,2024-10-11 05:52:58,Completed,1718.69
4576,531,2024-09-28 17:29:54,Completed,314.28
4577,699,2025-10-02 18:24:16,Cancelled,3058.9100000000003
4578,668,2025-02-05 02:46:47,Pending,4562.05
4579,525,2024-01-08 04:05:51,Pending,2074.15
4580,603,2024-02-01 18:17:34,Completed,1066.24
4581,625,2024-05-08 21:09:38,Cancelled,458.44
4582,722,2025-05-22 10:18:54,Completed,1016.51
4583,448,2024-07-08 09:23:22,Completed,1824.05
4584,533,2025-01-12 17:24:23,Completed,2922.8
4585,667,2023-12-22 21:19:49,Completed,2178.99
4586,538,2024-11-21 23:59:52,Cancelled,1848.88
4587,254,2024-01-24 22:40:49,Completed,442.26
4588,500,2024-07-11 21:44:01,Completed,493.03
4589,280,2025-02-22 10:32:05,Completed,3255.48
4590,144,2025-04-07 21:48:01,Pending,2586.58
4591,62,2024-05-30 14:30:23,Completed,2476.32
4592,391,2025-01-26 14:12:20,Completed,849.36
4593,135,2025-06-26 09:32:59,Cancelled,2592.09
4594,185,2024-08-29 14:22:51,Completed,22.62
4595,136,2024-12-15 23:09:39,Pending,4410.4
4596,891,2024-08-03 13:54:29,Completed,1331.16
4597,322,2023-12-10 12:33:49,Pending,3756.44
4598,205,2024-05-06 06:35:41,Pending,2951.0099999999998
4599,917,2025-06-07 11:04:49,Cancelled,680.97
4600,107,2025-03-01 20:46:42,Cancelled,1278.8200000000002
4601,924,2025-03-14 14:27:24,Completed,3739.37
4602,734,2025-05-02 10:52:40,Completed,434.7
4603,476,2024-05-26 21:12:32,Completed,2234.33
4604,680,2023-11-15 13:36:32,Completed,4121.3
4605,246,2025-08-03 01:29:46,Completed,83.36
4606,513,2024-04-28 01:08:14,Cancelled,1536.65
4607,390,2024-04-14 02:44:17,Completed,1060.18
4608,468,2023-11-04 06:56:13,Cancelled,1544.04
4609,292,2024-02-07 23:49:55,Cancelled,384.65999999999997
4610,553,2025-08-14 06:59:25,Cancelled,1765.0
4611,99,2023-11-19 01:54:55,Pending,783.93
4612,321,2024-05-01 20:51:49,Pending,2017.6299999999999
4613,498,2025-08-20 00:43:33,Cancelled,2238.27
4614,883,2024-08-12 20:45:53,Pending,730.76
4615,934,2023-12-22 02:51:26,Completed,2739.12
4616,454,2023-11-08 21:53:58,Cancelled,1758.46
4617,41,2024-04-12 21:25:20,Pending,78.21
4618,834,2024-04-11 09:38:04,Cancelled,1531.05
4619,969,2025-04-20 22:16:00,Pending,2017.81
4620,830,2025-05-13 19:46:27,Cancelled,2763.01
4621,769,2025-02-08 23:41:32,Pending,3359.74
4622,497,2023-12-25 10:19:19,Cancelled,3638.38
4623,651,2024-01-20 08:25:05,Pending,2624.2200000000003
4624,485,2024-08-22 01:09:25,Completed,641.87
4625,993,2024-06-10 05:28:15,Cancelled,4211.4
4626,987,2025-04-05 07:04:06,Cancelled,441.11
4627,879,2025-05-30 14:54:02,Cancelled,3644.44
4628,398,2025-07-07 09:10:56,Pending,1986.2200000000003
4629,619,2024-02-09 02:32:53,Completed,472.23
4630,881,2023-11-16 06:12:09,Cancelled,2208.91
4631,978,2024-08-10 18:48:37,Completed,1137.03
4632,542,2024-12-08 10:21:28,Cancelled,1397.1399999999999
4633,3,2023-12-03 18:32:08,Pending,3516.5299999999997
4634,172,2025-04-08 12:35:22,Completed,2677.18
4635,821,2024-04-06 07:56:08,Completed,548.07
4636,557,2025-01-30 20:40:29,Completed,114.12
4637,222,2025-07-13 06:18:23,Cancelled,481.76
4638,781,2024-10-15 10:19:44,Completed,1396.23
4639,544,2025-01-04 09:03:23,Pending,547.83
4640,607,2023-12-11 15:21:30,Pending,403.2
4641,492,2024-06-23 12:34:00,Completed,4270.08
4642,15,2025-08-07 20:41:41,Cancelled,3786.6499999999996
4643,946,2024-12-14 04:40:28,Completed,1503.93
4644,116,2024-03-01 15:23:33,Pending,1573.19
4645,426,2025-09-27 11:30:09,Pending,369.1
4646,548,2024-01-08 02:05:20,Completed,1673.57
4647,724,2025-06-02 05:34:33,Pending,973.94
4648,493,2025-03-20 01:11:40,Pending,972.93
4649,573,2024-09-23 19:44:41,Pending,177.2
4650,287,2025-06-10 03:06:27,Cancelled,1609.22
4651,119,2025-08-08 22:43:04,Completed,1922.1
4652,429,2025-05-29 04:57:13,Cancelled,2094.19
4653,270,2025-04-03 00:38:19,Completed,6537.55
4654,479,2024-11-29 06:42:00,Pending,1424.38
4655,925,2024-02-15 20:43:24,Pending,2185.2
4656,470,2025-04-06 21:09:43,Pending,1088.9
4657,707,2024-10-28 06:09:10,Pending,1413.1399999999999
4658,947,2024-01-24 06:04:55,Cancelled,1851.15
4659,623,2023-12-25 18:11:08,Completed,329.8
4660,90,2024-12-23 23:13:46,Pending,1564.66
4661,422,2024-12-13 23:00:44,Cancelled,4454.46
4662,177,2025-07-29 20:45:27,Cancelled,4317.71
4663,557,2025-05-06 01:47:04,Pending,1124.69
4664,114,2024-11-11 08:09:54,Cancelled,1634.81
4665,18,2025-03-19 20:12:23,Pending,3649.95
4666,694,2025-05-02 10:17:17,Completed,1172.8
4667,71,2024-12-26 23:12:39,Cancelled,450.36
4668,876,2024-04-14 17:48:12,Pending,1559.98
4669,740,2025-06-26 15:43:50,Cancelled,2691.9700000000003
4670,24,2024-02-05 08:01:23,Completed,384.42
4671,897,2024-05-11 07:45:40,Cancelled,480.09
4672,136,2025-04-11 16:11:14,Cancelled,2879.95
4673,706,2025-02-14 13:15:37,Completed,93.16
4674,351,2025-04-19 15:44:04,Completed,3941.7799999999997
4675,784,2024-07-05 19:53:02,Completed,232.9
4676,589,2025-06-14 10:58:03,Completed,1046.14
4677,138,2025-04-07 21:56:56,Completed,1040.08
4678,412,2024-08-13 15:05:14,Pending,985.18
4679,983,2023-12-22 22:09:50,Cancelled,994.8199999999999
4680,65,2024-09-17 22:58:31,Completed,2117.75
4681,361,2023-12-13 15:45:42,Cancelled,1609.14
4682,741,2024-07-30 08:59:37,Pending,1070.4
4683,233,2025-01-14 14:29:01,Pending,6084.9800000000005
4684,284,2024-07-01 20:41:39,Cancelled,603.72
4685,244,2025-04-27 04:33:26,Completed,896.0999999999999
4686,652,2024-05-30 03:39:00,Cancelled,1092.6
4687,816,2024-07-31 05:07:15,Completed,996.54
4688,179,2024-07-09 02:47:12,Cancelled,1644.1
4689,185,2024-12-22 10:42:06,Cancelled,1960.77
4690,660,2024-11-22 22:01:52,Cancelled,261.31
4691,895,2024-01-12 07:44:13,Completed,1776.53
4692,649,2024-02-27 15:30:29,Pending,4751.44
4693,535,2024-02-02 05:39:37,Pending,20.84
4694,570,2025-03-05 09:36:51,Cancelled,1445.97
4695,798,2025-02-25 00:27:53,Completed,444.06
4696,811,2024-10-09 15:27:12,Pending,472.23
4697,989,2023-12-10 13:36:05,Cancelled,3432.56
4698,920,2025-09-20 17:11:16,Completed,6031.849999999999
4699,267,2024-06-23 12:33:12,Pending,746.22
4700,520,2025-01-21 08:04:16,Completed,2690.45
4701,360,2023-12-28 13:06:53,Pending,3744.3999999999996
4702,245,2024-12-11 11:27:00,Cancelled,2605.15
4703,184,2024-05-07 14:45:20,Completed,1878.47
4704,769,2025-05-13 03:47:17,Completed,1777.37
4705,511,2024-05-16 17:45:19,Pending,270.01
4706,888,2023-10-24 18:19:12,Pending,704.46
4707,575,2024-05-09 01:08:44,Cancelled,3265.9900000000002
4708,294,2025-01-31 20:34:13,Cancelled,2024.6200000000003
4709,651,2024-02-13 14:57:56,Pending,3385.12
4710,595,2024-07-30 03:11:12,Cancelled,1121.35
4711,309,2023-11-11 05:32:27,Completed,2157.84
4712,665,2023-12-02 18:42:44,Completed,242.71
4713,428,2024-12-25 18:08:26,Pending,3188.44
4714,914,2025-03-16 11:54:55,Completed,187.16
4715,242,2023-12-25 05:26:41,Pending,976.73
4716,333,2024-08-14 10:45:46,Completed,93.58
4717,454,2025-06-18 08:21:26,Completed,1634.19
4718,164,2025-08-20 06:01:39,Completed,942.19
4719,362,2025-03-21 04:32:58,Pending,794.05
4720,825,2025-01-13 05:41:43,Cancelled,2682.28
4721,677,2024-11-21 10:58:34,Pending,233.95
4722,978,2025-10-13 11:30:15,Cancelled,1403.94
4723,442,2025-03-03 07:33:51,Cancelled,138.0
4724,755,2024-04-28 06:42:18,Cancelled,117.8
4725,833,2024-07-10 21:42:39,Cancelled,1893.51
4726,873,2024-08-31 04:02:04,Completed,1482.86
4727,745,2025-06-11 22:41:33,Completed,1470.9299999999998
4728,280,2023-11-15 08:04:20,Completed,996.1600000000001
4729,995,2025-09-18 11:13:52,Cancelled,2564.4700000000003
4730,960,2023-12-20 16:48:19,Cancelled,1003.7
4731,514,2024-06-09 07:18:54,Pending,2101.16
4732,325,2023-10-26 09:50:39,Pending,2493.62
4733,377,2024-07-20 09:14:24,Completed,3482.7000000000003
4734,695,2024-09-23 00:57:46,Pending,4806.89
4735,988,2024-06-01 16:33:23,Completed,851.0999999999999
4736,916,2025-07-15 19:38:47,Cancelled,1892.08
4737,883,2024-05-21 21:04:39,Completed,2387.23
4738,530,2024-05-22 18:31:33,Cancelled,29.45
4739,143,2024-10-29 12:45:06,Cancelled,2286.54
4740,183,2024-04-07 02:25:27,Completed,2751.36
4741,78,2024-04-11 22:03:56,Completed,335.73
4742,629,2024-12-16 13:18:01,Cancelled,708.74
4743,86,2025-08-02 21:07:24,Cancelled,679.14
4744,934,2024-02-29 18:58:13,Pending,158.81
4745,798,2023-11-08 08:11:15,Cancelled,1052.59
4746,493,2024-04-23 00:19:40,Completed,980.0699999999999
4747,474,2025-10-10 00:02:56,Cancelled,955.84
4748,376,2025-06-03 17:18:08,Pending,45.24
4749,329,2024-09-23 20:10:49,Completed,3561.08
4750,885,2025-02-13 07:03:32,Cancelled,1601.47
4751,297,2024-07-04 10:05:54,Cancelled,1098.1399999999999
4752,164,2024-12-29 19:35:30,Completed,2466.1499999999996
4753,970,2024-05-30 02:58:36,Cancelled,228.24
4754,364,2025-03-28 12:52:08,Pending,1531.05
4755,538,2024-01-04 09:27:13,Pending,2284.37
4756,66,2025-09-07 12:09:15,Cancelled,2519.42
4757,168,2025-10-18 05:48:26,Cancelled,798.6
4758,876,2025-08-18 10:35:46,Completed,78.57
4759,951,2024-07-02 00:25:55,Completed,3172.15
4760,346,2024-01-20 07:29:44,Completed,2128.13
4761,502,2025-04-10 09:27:29,Cancelled,1689.5
4762,29,2024-10-11 01:30:13,Completed,925.22
4763,915,2024-09-06 12:58:56,Completed,2330.5
4764,12,2025-02-10 15:15:03,Pending,2396.3900000000003
4765,563,2024-01-05 23:32:23,Completed,2462.39
4766,664,2024-01-31 06:36:49,Completed,2667.19
4767,415,2025-05-22 08:53:14,Completed,1694.55
4768,282,2024-02-13 23:11:27,Pending,316.11
4769,128,2024-06-06 08:06:01,Completed,1288.55
4770,535,2025-08-29 11:51:34,Pending,864.8000000000001
4771,255,2025-04-05 03:45:13,Pending,117.8
4772,94,2025-03-13 12:17:35,Completed,3288.33
4773,6,2024-11-08 23:00:13,Cancelled,1476.4
4774,339,2025-07-08 03:12:31,Cancelled,1714.91
4775,528,2023-10-23 17:34:58,Cancelled,1930.38
4776,349,2024-01-02 17:46:49,Pending,1289.8799999999999
4777,626,2025-06-01 07:30:30,Cancelled,4320.18
4778,904,2025-03-23 08:15:09,Pending,428.16
4779,822,2025-04-22 08:49:57,Pending,1738.8600000000001
4780,474,2025-06-28 11:02:30,Pending,1875.88
4781,242,2025-09-23 11:32:29,Completed,3464.54
4782,383,2023-11-12 12:19:03,Cancelled,3315.7900000000004
4783,214,2024-01-14 10:29:47,Pending,1453.6200000000001
4784,23,2024-02-07 04:50:47,Pending,728.13
4785,130,2023-12-20 14:47:37,Pending,2199.1
4786,5,2023-10-28 10:33:54,Pending,1337.0900000000001
4787,101,2025-09-29 15:51:44,Pending,2944.88
4788,454,2024-12-24 00:16:40,Pending,1828.31
4789,601,2025-08-17 11:12:25,Cancelled,6428.98
4790,939,2024-12-14 21:03:45,Completed,2978.58
4791,18,2025-08-23 10:16:41,Cancelled,445.12
4792,360,2023-12-01 07:02:31,Pending,78.57
4793,424,2025-10-14 11:30:51,Pending,945.25
4794,823,2025-04-22 00:52:18,Completed,581.75
4795,422,2024-01-17 10:33:08,Pending,1698.1799999999998
4796,743,2024-03-31 23:41:16,Completed,2899.94
4797,391,2024-07-24 13:35:14,Completed,567.15
4798,635,2024-02-14 12:15:04,Cancelled,2462.95
4799,262,2024-03-12 22:30:18,Cancelled,58.9
4800,50,2024-08-07 22:56:44,Cancelled,1281.1
4801,47,2025-01-31 13:25:00,Cancelled,1333.39
4802,152,2024-05-04 11:54:00,Cancelled,407.89
4803,783,2024-10-06 21:01:09,Completed,939.28
4804,567,2023-11-02 22:59:22,Cancelled,1189.06
4805,427,2024-08-17 15:12:00,Completed,1760.1
4806,590,2024-01-19 19:05:06,Cancelled,3305.0
4807,278,2024-06-17 09:30:19,Cancelled,901.14
4808,151,2024-05-19 05:23:27,Pending,1800.63
4809,453,2024-01-10 00:40:03,Pending,780.3
4810,98,2025-02-03 02:59:24,Cancelled,2035.49
4811,869,2025-03-17 17:45:31,Cancelled,1080.04
4812,528,2024-05-24 06:56:04,Cancelled,1359.08
4813,924,2023-12-03 06:11:37,Pending,1566.17
4814,216,2023-12-28 17:12:19,Completed,4036.2
4815,228,2025-10-10 15:20:07,Pending,3174.2200000000003
4816,78,2024-10-07 09:41:01,Pending,407.5
4817,59,2023-12-30 01:31:02,Pending,887.36
4818,523,2024-08-21 21:32:49,Completed,627.94
4819,282,2024-12-13 17:57:11,Cancelled,424.68
4820,238,2025-05-29 08:42:27,Pending,2092.71
4821,466,2025-02-20 20:36:16,Completed,3386.51
4822,416,2025-05-04 17:14:49,Completed,951.36
4823,312,2025-05-06 00:27:34,Cancelled,5006.73
4824,440,2023-12-06 20:07:34,Pending,159.99
4825,42,2025-07-16 23:03:59,Cancelled,799.95
4826,419,2025-06-20 11:29:45,Cancelled,2359.1
4827,641,2023-10-22 23:29:08,Pending,1160.95
4828,816,2025-05-22 08:25:28,Pending,225.18
4829,760,2024-10-17 00:51:56,Cancelled,452.65999999999997
4830,720,2025-08-25 08:20:48,Cancelled,88.35
4831,728,2024-11-07 20:05:14,Completed,401.38
4832,869,2024-09-03 13:31:00,Completed,2468.86
4833,959,2025-04-21 12:22:24,Cancelled,387.14
4834,44,2025-07-05 22:47:17,Cancelled,301.02
4835,409,2025-09-17 16:35:55,Cancelled,2585.42
4836,1,2025-07-24 02:54:16,Cancelled,1202.1399999999999
4837,661,2025-09-11 14:17:06,Pending,1349.69
4838,38,2023-12-15 14:47:52,Completed,2310.6
4839,957,2024-10-27 16:13:51,Completed,541.26
4840,755,2023-12-21 23:59:09,Cancelled,370.68
4841,777,2025-02-04 07:39:19,Completed,521.62
4842,143,2024-01-18 18:43:51,Pending,615.21
4843,765,2025-08-09 03:45:08,Cancelled,1572.17
4844,660,2025-04-25 20:02:29,Completed,3337.68
4845,720,2025-01-14 04:49:25,Cancelled,636.85
4846,257,2024-06-14 02:12:48,Cancelled,1423.6399999999999
4847,668,2023-10-30 16:19:38,Pending,2132.94
4848,900,2024-09-24 05:52:17,Pending,2015.24
4849,516,2024-09-12 10:50:26,Completed,2170.0
4850,850,2025-01-08 08:25:06,Pending,2185.2
4851,84,2023-11-09 00:16:36,Pending,816.59
4852,566,2023-11-16 19:01:06,Completed,2527.9900000000002
4853,387,2024-11-06 07:02:44,Completed,3006.34
4854,666,2024-05-26 22:57:24,Completed,161.82
4855,863,2023-11-09 01:59:10,Completed,574.06
4856,128,2025-05-01 01:28:12,Cancelled,2712.92
4857,208,2024-07-02 16:59:24,Pending,1112.52
4858,364,2025-10-12 19:36:51,Pending,4369.8
4859,695,2024-03-01 01:11:13,Pending,2974.4999999999995
4860,873,2025-03-15 04:52:47,Completed,2023.04
4861,27,2024-02-25 04:08:25,Pending,4765.280000000001
4862,161,2024-11-20 10:57:14,Pending,3592.7
4863,844,2025-03-15 17:13:06,Cancelled,4514.74
4864,184,2024-02-15 01:08:47,Cancelled,361.82
4865,761,2024-10-23 05:38:39,Pending,4641.78
4866,78,2025-04-09 15:33:27,Pending,2972.43
4867,574,2025-04-18 04:35:06,Pending,678.3199999999999
4868,30,2024-08-09 06:30:33,Cancelled,152.12
4869,591,2025-07-20 01:50:14,Completed,939.28
4870,82,2025-01-02 13:00:47,Cancelled,5208.1
4871,194,2025-03-13 19:09:20,Pending,1291.41
4872,450,2025-09-10 01:21:14,Completed,2926.2200000000003
4873,854,2025-08-16 04:29:09,Completed,2978.89
4874,377,2025-02-04 19:21:51,Cancelled,3766.5499999999997
4875,931,2025-04-17 00:50:19,Completed,5229.55
4876,20,2024-07-13 01:32:12,Pending,2392.89
4877,695,2024-03-09 10:08:13,Cancelled,3601.89
4878,472,2024-05-15 22:19:41,Pending,2840.58
4879,52,2024-06-11 12:04:36,Completed,434.7
4880,356,2024-09-07 00:25:36,Cancelled,689.9
4881,176,2024-02-06 09:24:11,Pending,970.84
4882,295,2025-06-30 00:48:23,Completed,4784.62
4883,220,2025-06-25 16:25:27,Cancelled,869.12
4884,359,2025-08-30 17:24:06,Cancelled,1518.56
4885,674,2025-05-03 11:22:49,Completed,4304.49
4886,131,2024-12-01 00:26:15,Pending,895.1500000000001
4887,180,2025-04-30 08:10:17,Pending,2055.12
4888,879,2025-05-03 02:07:19,Completed,1936.1299999999999
4889,702,2024-01-27 06:20:57,Cancelled,301.86
4890,206,2024-01-17 19:23:39,Cancelled,1107.3
4891,389,2024-05-28 07:25:38,Pending,1819.2800000000002
4892,698,2024-04-26 22:10:10,Completed,2197.32
4893,784,2024-09-26 08:02:11,Pending,123.93
4894,775,2024-01-20 01:11:15,Pending,714.5
4895,258,2024-04-25 17:32:02,Cancelled,2856.01
4896,305,2023-12-08 22:24:42,Cancelled,4680.18
4897,95,2024-09-27 10:32:33,Completed,135.48
4898,508,2023-12-19 06:52:42,Pending,4233.77
4899,527,2023-12-16 18:45:52,Cancelled,4877.78
4900,859,2024-09-28 14:11:56,Completed,1715.77
4901,752,2025-01-20 20:08:07,Pending,2706.38
4902,140,2025-06-23 19:52:22,Cancelled,1448.65
4903,231,2025-07-25 17:01:27,Completed,1985.48
4904,860,2025-06-15 01:37:40,Completed,4992.38
4905,202,2024-01-14 20:51:48,Pending,3634.67
4906,16,2023-12-29 19:31:02,Completed,497.89
4907,726,2024-05-03 06:51:53,Pending,1821.23
4908,431,2024-01-10 20:04:32,Completed,1885.59
4909,188,2024-08-22 19:41:49,Pending,673.6500000000001
4910,669,2024-08-17 10:22:25,Completed,1991.56
4911,149,2025-07-01 02:06:31,Pending,4236.32
4912,702,2024-03-29 13:19:57,Pending,2354.67
4913,910,2025-06-24 23:08:16,Cancelled,334.71
4914,469,2025-01-13 03:14:40,Completed,4178.07
4915,388,2025-05-21 22:07:17,Completed,3406.66
4916,578,2023-12-05 21:00:19,Cancelled,2544.31
4917,745,2025-04-16 12:57:33,Cancelled,3467.9700000000003
4918,972,2024-12-30 07:36:24,Cancelled,4587.09
4919,49,2025-01-04 19:05:43,Completed,1798.2
4920,366,2023-12-22 20:09:44,Completed,2880.96
4921,222,2025-03-28 03:50:25,Pending,880.8
4922,999,2024-03-13 01:26:51,Pending,6271.67
4923,857,2024-11-29 15:02:25,Pending,1207.44
4924,339,2025-07-26 21:34:34,Pending,3517.1
4925,60,2024-02-13 20:13:27,Cancelled,1204.28
4926,68,2025-05-24 04:57:21,Cancelled,472.23
4927,321,2025-06-10 01:23:00,Cancelled,1170.45
4928,917,2024-04-14 02:10:18,Completed,3714.66
4929,644,2025-05-17 11:35:02,Completed,1311.76
4930,62,2025-01-11 18:14:16,Completed,3499.17
4931,263,2024-07-04 02:54:49,Cancelled,774.28
4932,804,2023-12-04 17:28:43,Pending,1711.91
4933,592,2025-02-17 07:55:15,Pending,3086.1200000000003
4934,489,2024-10-22 14:20:20,Cancelled,434.7
4935,576,2024-01-30 16:56:56,Cancelled,787.0400000000001
4936,199,2025-07-27 11:00:26,Completed,3192.67
4937,885,2023-11-04 14:14:52,Cancelled,1976.0900000000001
4938,474,2025-10-08 23:08:15,Cancelled,2253.16
4939,476,2025-01-28 07:51:53,Pending,2649.63
4940,296,2024-11-26 06:21:29,Cancelled,104.2
4941,330,2025-06-03 23:46:22,Pending,2552.48
4942,391,2024-06-05 17:03:52,Pending,2397.45
4943,426,2024-05-16 16:38:52,Pending,2567.31
4944,840,2023-10-27 21:45:14,Pending,2535.0499999999997
4945,25,2025-09-10 14:31:06,Pending,1342.92
4946,436,2025-04-07 21:58:02,Cancelled,2692.54
4947,783,2024-11-06 20:42:17,Completed,1973.09
4948,637,2024-07-04 05:06:05,Pending,1101.4
4949,806,2025-09-18 15:57:39,Cancelled,1649.0
4950,267,2023-12-09 22:39:10,Cancelled,1624.21
4951,33,2024-10-13 09:48:47,Completed,82.8
4952,775,2024-03-19 23:55:21,Cancelled,2577.62
4953,641,2024-01-14 22:00:45,Pending,365.38
4954,581,2024-07-14 08:18:12,Completed,2475.95
4955,894,2025-03-22 14:06:00,Completed,1156.32
4956,211,2025-04-04 16:06:48,Completed,1450.0800000000002
4957,716,2024-11-03 08:58:42,Pending,3023.97
4958,302,2023-12-22 13:37:56,Completed,3495.3100000000004
4959,434,2025-03-11 10:26:36,Pending,2801.35
4960,426,2025-02-20 02:02:35,Pending,270.63
4961,46,2024-09-23 20:25:10,Cancelled,538.12
4962,44,2023-11-09 10:40:45,Completed,2240.12
4963,409,2025-05-26 17:57:03,Pending,479.97
4964,104,2025-07-12 17:14:16,Pending,315.52
4965,141,2023-11-14 14:50:05,Completed,4489.79
4966,319,2025-09-04 20:09:18,Completed,3667.17
4967,23,2025-01-05 05:56:33,Completed,3557.49
4968,327,2025-08-20 04:19:40,Completed,2440.21
4969,672,2024-07-26 18:57:13,Pending,1224.84
4970,52,2024-10-06 19:21:32,Completed,951.1
4971,272,2025-07-17 02:15:01,Cancelled,1481.16
4972,235,2024-04-24 09:28:51,Pending,3381.1400000000003
4973,176,2025-06-12 01:17:02,Cancelled,932.2
4974,291,2024-10-21 06:28:02,Completed,1537.47
4975,355,2025-08-12 12:45:22,Pending,2003.65
4976,239,2025-06-19 19:40:11,Completed,3606.7899999999995
4977,296,2024-07-27 06:24:14,Cancelled,1841.98
4978,913,2025-03-05 16:44:28,Cancelled,1015.8100000000001
4979,476,2025-08-14 11:24:08,Cancelled,820.64
4980,219,2024-12-25 09:48:06,Completed,1768.4
4981,344,2024-11-17 08:23:59,Cancelled,1355.1
4982,809,2023-11-29 02:39:29,Pending,477.92
4983,238,2024-06-08 10:11:19,Completed,1450.22
4984,514,2024-12-20 09:55:53,Completed,1613.13
4985,747,2024-11-05 07:09:55,Pending,820.64
4986,917,2024-04-28 11:14:39,Pending,4424.37
4987,687,2025-08-11 08:18:45,Completed,1971.69
4988,908,2023-12-13 11:23:16,Pending,2877.14
4989,222,2024-06-16 05:34:15,Cancelled,1587.43
4990,541,2025-05-06 05:45:49,Pending,2271.0
4991,90,2024-12-17 05:02:28,Completed,3039.5
4992,918,2024-03-22 18:00:07,Cancelled,359.64
4993,848,2024-03-13 00:18:37,Completed,232.9
4994,222,2025-04-08 15:55:44,Completed,114.3
4995,636,2023-11-10 23:47:11,Cancelled,1476.4
4996,83,2024-06-19 01:55:59,Completed,1069.65
4997,966,2024-02-16 09:20:53,Completed,2283.94
4998,132,2024-05-19 12:17:45,Pending,571.16
4999,741,2024-07-12 15:17:58,Pending,1764.2400000000002
5000,721,2024-10-22 06:08:25,Cancelled,644.35
