order_item_id,order_id,product_id,quantity,price,subtotal
1,1,1,4,29.45,117.8
2,2,12,4,70.96,283.84
3,2,17,3,339.84,1019.52
4,2,5,1,79.43,79.43
5,3,100,4,46.79,187.16
6,3,60,2,158.81,317.62
7,3,99,5,494.94,2474.7
8,3,95,2,221.84,443.68
9,4,26,5,182.69,913.45
10,5,61,1,359.64,359.64
11,6,61,5,359.64,1798.2
12,6,92,5,332.79,1663.95
13,6,35,1,410.32,410.32
14,6,86,5,397.74,1988.7
15,7,97,3,384.42,1153.26
16,7,15,1,53.94,53.94
17,7,9,4,78.57,314.28
18,7,93,3,341.85,1025.55
19,8,81,5,35.95,179.75
20,8,39,2,284.11,568.22
21,8,33,5,384.16,1920.8
22,8,94,1,241.54,241.54
23,9,67,5,401.38,2006.9
24,9,89,4,27.6,110.4
25,9,4,2,118.42,236.84
26,10,82,2,369.1,738.2
27,11,4,4,118.42,473.68
28,11,57,4,225.85,903.4
29,11,8,4,301.86,1207.44
30,12,96,5,305.97,1529.85
31,12,69,5,57.06,285.3
32,12,2,5,152.12,760.6
33,12,30,2,357.25,714.5
34,13,49,2,495.64,991.28
35,14,73,3,387.14,1161.42
36,15,89,1,27.6,27.6
37,15,55,1,329.8,329.8
38,15,8,1,301.86,301.86
39,16,46,5,306.21,1531.05
40,16,69,1,57.06,57.06
41,17,82,5,369.1,1845.5
42,17,79,3,141.3,423.9
43,17,90,5,214.08,1070.4
44,18,67,5,401.38,2006.9
45,19,46,1,306.21,306.21
46,19,61,3,359.64,1078.92
47,19,39,1,284.11,284.11
48,19,34,5,134.4,672.0
49,20,10,5,316.11,1580.55
50,20,49,2,495.64,991.28
51,20,21,1,397.21,397.21
52,21,15,3,53.94,161.82
53,21,23,1,226.38,226.38
54,21,42,3,408.3,1224.9
55,21,4,4,118.42,473.68
56,22,91,2,261.31,522.62
57,23,4,2,118.42,236.84
58,23,3,5,372.18,1860.9
59,23,97,2,384.42,768.84
60,24,57,5,225.85,1129.25
61,24,30,1,357.25,357.25
62,24,70,5,159.99,799.95
63,24,46,4,306.21,1224.84
64,25,40,1,390.15,390.15
65,25,23,3,226.38,679.14
66,25,20,3,86.94,260.82
67,26,28,3,242.71,728.13
68,26,38,4,317.16,1268.64
69,26,80,5,451.49,2257.45
70,27,82,4,369.1,1476.4
71,27,35,2,410.32,820.64
72,27,73,2,387.14,774.28
73,28,49,1,495.64,495.64
74,28,84,1,367.52,367.52
75,29,9,5,78.57,392.85
76,29,71,3,374.06,1122.18
77,29,67,3,401.38,1204.14
78,29,22,3,59.15,177.45
79,30,86,2,397.74,795.48
80,30,39,5,284.11,1420.55
81,30,24,4,78.21,312.84
82,30,10,1,316.11,316.11
83,31,20,4,86.94,347.76
84,31,91,4,261.31,1045.24
85,31,38,4,317.16,1268.64
86,32,64,2,142.89,285.78
87,32,93,2,341.85,683.7
88,33,29,2,225.18,450.36
89,34,94,5,241.54,1207.7
90,34,10,5,316.11,1580.55
91,34,6,3,142.79,428.37
92,34,39,5,284.11,1420.55
93,35,44,3,46.58,139.74
94,36,5,4,79.43,317.72
95,36,11,2,453.8,907.6
96,36,88,3,434.27,1302.81
97,37,96,3,305.97,917.91
98,37,28,4,242.71,970.84
99,37,90,2,214.08,428.16
100,37,78,1,270.01,270.01
101,38,59,2,355.95,711.9
102,38,51,5,185.34,926.7
103,39,1,3,29.45,88.35
104,39,55,4,329.8,1319.2
105,39,63,1,94.39,94.39
106,40,33,3,384.16,1152.48
107,40,6,2,142.79,285.58
108,40,84,1,367.52,367.52
109,41,81,5,35.95,179.75
110,42,100,2,46.79,93.58
111,42,47,3,45.16,135.48
112,42,73,5,387.14,1935.7
113,43,68,4,32.27,129.08
114,44,8,4,301.86,1207.44
115,44,42,2,408.3,816.6
116,45,77,3,128.87,386.61
117,46,16,5,472.23,2361.15
118,47,12,4,70.96,283.84
119,47,95,2,221.84,443.68
120,48,63,4,94.39,377.56
121,48,28,2,242.71,485.42
122,48,46,2,306.21,612.42
123,48,95,2,221.84,443.68
124,49,92,1,332.79,332.79
125,49,99,3,494.94,1484.82
126,49,41,4,41.31,165.24
127,49,58,2,20.84,41.68
128,50,58,2,20.84,41.68
129,51,46,4,306.21,1224.84
130,52,21,5,397.21,1986.05
131,52,50,4,497.89,1991.56
132,52,23,2,226.38,452.76
133,52,7,5,205.07,1025.35
134,53,94,2,241.54,483.08
135,53,28,1,242.71,242.71
136,53,76,1,426.76,426.76
137,53,46,1,306.21,306.21
138,54,86,4,397.74,1590.96
139,55,61,4,359.64,1438.56
140,55,75,4,385.83,1543.32
141,55,33,5,384.16,1920.8
142,56,91,4,261.31,1045.24
143,57,2,3,152.12,456.36
144,57,29,5,225.18,1125.9
145,58,73,5,387.14,1935.7
146,58,85,5,492.59,2462.95
147,58,23,2,226.38,452.76
148,59,78,2,270.01,540.02
149,60,38,2,317.16,634.32
150,60,27,5,38.1,190.5
151,60,55,1,329.8,329.8
152,61,80,5,451.49,2257.45
153,62,73,4,387.14,1548.56
154,62,37,3,354.37,1063.11
155,62,64,5,142.89,714.45
156,62,69,5,57.06,285.3
157,63,16,1,472.23,472.23
158,63,76,4,426.76,1707.04
159,64,94,3,241.54,724.62
160,65,84,5,367.52,1837.6
161,65,33,5,384.16,1920.8
162,66,88,4,434.27,1737.08
163,66,79,5,141.3,706.5
164,66,30,1,357.25,357.25
165,66,84,3,367.52,1102.56
166,67,39,5,284.11,1420.55
167,67,30,5,357.25,1786.25
168,68,68,5,32.27,161.35
169,68,55,3,329.8,989.4
170,69,16,2,472.23,944.46
171,69,27,5,38.1,190.5
172,69,78,5,270.01,1350.05
173,70,8,3,301.86,905.58
174,71,75,5,385.83,1929.15
175,71,10,2,316.11,632.22
176,71,78,1,270.01,270.01
177,72,42,2,408.3,816.6
178,72,46,1,306.21,306.21
179,73,17,5,339.84,1699.2
180,73,65,4,127.37,509.48
181,74,85,1,492.59,492.59
182,75,55,1,329.8,329.8
183,76,75,3,385.83,1157.49
184,76,95,1,221.84,221.84
185,76,100,4,46.79,187.16
186,77,30,2,357.25,714.5
187,78,65,2,127.37,254.74
188,79,92,1,332.79,332.79
189,79,32,5,108.18,540.9
190,80,54,4,118.02,472.08
191,80,20,4,86.94,347.76
192,80,37,4,354.37,1417.48
193,80,62,2,466.1,932.2
194,81,6,1,142.79,142.79
195,81,50,5,497.89,2489.45
196,81,69,3,57.06,171.18
197,82,64,1,142.89,142.89
198,83,41,3,41.31,123.93
199,84,49,5,495.64,2478.2
200,85,65,2,127.37,254.74
201,85,76,5,426.76,2133.8
202,86,90,2,214.08,428.16
203,86,3,4,372.18,1488.72
204,87,18,5,45.04,225.2
205,88,87,1,90.21,90.21
206,89,65,3,127.37,382.11
207,89,23,3,226.38,679.14
208,90,33,3,384.16,1152.48
209,90,3,2,372.18,744.36
210,91,14,4,355.43,1421.72
211,91,53,5,493.72,2468.6
212,91,41,4,41.31,165.24
213,91,48,1,424.68,424.68
214,92,85,4,492.59,1970.36
215,92,12,2,70.96,141.92
216,93,82,2,369.1,738.2
217,93,71,1,374.06,374.06
218,94,69,3,57.06,171.18
219,95,62,5,466.1,2330.5
220,95,22,2,59.15,118.3
221,96,2,1,152.12,152.12
222,97,74,2,400.73,801.46
223,97,86,5,397.74,1988.7
224,97,8,2,301.86,603.72
225,97,84,1,367.52,367.52
226,98,26,2,182.69,365.38
227,99,76,2,426.76,853.52
228,99,84,4,367.52,1470.08
229,99,44,3,46.58,139.74
230,100,23,3,226.38,679.14
231,100,87,5,90.21,451.05
232,100,59,3,355.95,1067.85
233,100,40,2,390.15,780.3
234,101,68,3,32.27,96.81
235,101,10,5,316.11,1580.55
236,102,87,2,90.21,180.42
237,103,83,1,238.96,238.96
238,104,30,5,357.25,1786.25
239,105,88,4,434.27,1737.08
240,105,66,5,379.64,1898.2
241,106,94,5,241.54,1207.7
242,106,18,1,45.04,45.04
243,107,57,2,225.85,451.7
244,107,95,2,221.84,443.68
245,108,22,5,59.15,295.75
246,108,66,1,379.64,379.64
247,109,6,5,142.79,713.95
248,109,89,4,27.6,110.4
249,109,15,1,53.94,53.94
250,110,57,5,225.85,1129.25
251,111,52,5,111.57,557.85
252,111,13,2,30.46,60.92
253,111,98,2,173.14,346.28
254,112,51,4,185.34,741.36
255,112,94,1,241.54,241.54
256,112,67,5,401.38,2006.9
257,113,9,3,78.57,235.71
258,114,79,2,141.3,282.6
259,114,38,3,317.16,951.48
260,115,41,5,41.31,206.55
261,115,42,3,408.3,1224.9
262,115,35,1,410.32,410.32
263,116,25,4,175.52,702.08
264,116,8,4,301.86,1207.44
265,117,96,2,305.97,611.94
266,118,22,3,59.15,177.45
267,118,36,4,50.25,201.0
268,119,99,4,494.94,1979.76
269,120,5,5,79.43,397.15
270,120,34,2,134.4,268.8
271,120,17,2,339.84,679.68
272,120,17,1,339.84,339.84
273,121,58,5,20.84,104.2
274,121,28,1,242.71,242.71
275,122,5,2,79.43,158.86
276,122,77,5,128.87,644.35
277,122,33,4,384.16,1536.64
278,122,44,3,46.58,139.74
279,123,37,5,354.37,1771.85
280,123,2,1,152.12,152.12
281,123,1,5,29.45,147.25
282,124,5,3,79.43,238.29
283,124,32,3,108.18,324.54
284,125,80,4,451.49,1805.96
285,125,46,1,306.21,306.21
286,125,96,5,305.97,1529.85
287,126,75,4,385.83,1543.32
288,126,49,2,495.64,991.28
289,126,45,1,234.82,234.82
290,126,70,4,159.99,639.96
291,127,22,1,59.15,59.15
292,127,24,4,78.21,312.84
293,128,26,3,182.69,548.07
294,129,77,1,128.87,128.87
295,129,9,1,78.57,78.57
296,130,56,5,189.05,945.25
297,130,90,2,214.08,428.16
298,130,98,5,173.14,865.7
299,131,29,4,225.18,900.72
300,131,94,2,241.54,483.08
301,131,93,1,341.85,341.85
302,132,43,2,22.62,45.24
303,132,30,5,357.25,1786.25
304,132,82,1,369.1,369.1
305,132,79,5,141.3,706.5
306,133,49,3,495.64,1486.92
307,133,9,3,78.57,235.71
308,133,5,4,79.43,317.72
309,134,77,2,128.87,257.74
310,134,15,3,53.94,161.82
311,135,12,5,70.96,354.8
312,135,24,5,78.21,391.05
313,135,72,5,437.04,2185.2
314,135,5,3,79.43,238.29
315,136,82,5,369.1,1845.5
316,137,56,5,189.05,945.25
317,137,63,3,94.39,283.17
318,138,91,3,261.31,783.93
319,139,46,1,306.21,306.21
320,139,50,1,497.89,497.89
321,139,38,5,317.16,1585.8
322,140,4,4,118.42,473.68
323,141,59,5,355.95,1779.75
324,142,46,2,306.21,612.42
325,142,54,1,118.02,118.02
326,142,32,2,108.18,216.36
327,143,85,5,492.59,2462.95
328,144,29,1,225.18,225.18
329,144,83,5,238.96,1194.8
330,145,93,4,341.85,1367.4
331,146,62,5,466.1,2330.5
332,146,3,3,372.18,1116.54
333,146,2,5,152.12,760.6
334,146,72,5,437.04,2185.2
335,147,4,2,118.42,236.84
336,147,56,5,189.05,945.25
337,148,23,1,226.38,226.38
338,148,30,2,357.25,714.5
339,148,2,2,152.12,304.24
340,148,30,4,357.25,1429.0
341,149,83,3,238.96,716.88
342,149,10,5,316.11,1580.55
343,150,41,3,41.31,123.93
344,151,90,5,214.08,1070.4
345,151,23,4,226.38,905.52
346,151,18,4,45.04,180.16
347,152,41,5,41.31,206.55
348,152,30,4,357.25,1429.0
349,152,39,1,284.11,284.11
350,153,61,2,359.64,719.28
351,154,97,5,384.42,1922.1
352,154,82,4,369.1,1476.4
353,154,98,2,173.14,346.28
354,155,97,3,384.42,1153.26
355,156,75,5,385.83,1929.15
356,156,5,4,79.43,317.72
357,156,81,2,35.95,71.9
358,157,52,4,111.57,446.28
359,157,40,4,390.15,1560.6
360,157,57,2,225.85,451.7
361,157,96,1,305.97,305.97
362,158,37,2,354.37,708.74
363,158,39,4,284.11,1136.44
364,159,37,4,354.37,1417.48
365,159,41,5,41.31,206.55
366,159,83,5,238.96,1194.8
367,159,12,3,70.96,212.88
368,160,56,2,189.05,378.1
369,160,15,5,53.94,269.7
370,160,23,2,226.38,452.76
371,160,97,2,384.42,768.84
372,161,8,1,301.86,301.86
373,161,42,5,408.3,2041.5
374,162,73,1,387.14,387.14
375,162,49,3,495.64,1486.92
376,162,33,1,384.16,384.16
377,163,4,2,118.42,236.84
378,163,73,5,387.14,1935.7
379,163,87,1,90.21,90.21
380,164,72,1,437.04,437.04
381,164,81,5,35.95,179.75
382,165,36,5,50.25,251.25
383,166,89,3,27.6,82.8
384,166,25,3,175.52,526.56
385,166,23,2,226.38,452.76
386,166,86,4,397.74,1590.96
387,167,67,5,401.38,2006.9
388,167,84,1,367.52,367.52
389,167,3,5,372.18,1860.9
390,167,80,3,451.49,1354.47
391,168,12,1,70.96,70.96
392,168,45,4,234.82,939.28
393,169,63,3,94.39,283.17
394,169,97,2,384.42,768.84
395,169,37,2,354.37,708.74
396,170,43,1,22.62,22.62
397,170,73,5,387.14,1935.7
398,170,96,2,305.97,611.94
399,170,81,3,35.95,107.85
400,171,93,5,341.85,1709.25
401,171,61,5,359.64,1798.2
402,172,59,4,355.95,1423.8
403,172,53,2,493.72,987.44
404,173,40,1,390.15,390.15
405,174,8,1,301.86,301.86
406,175,75,4,385.83,1543.32
407,175,59,1,355.95,355.95
408,175,10,1,316.11,316.11
409,175,64,3,142.89,428.67
410,176,26,3,182.69,548.07
411,177,30,5,357.25,1786.25
412,178,44,3,46.58,139.74
413,179,12,3,70.96,212.88
414,180,42,4,408.3,1633.2
415,180,98,2,173.14,346.28
416,181,11,4,453.8,1815.2
417,181,58,5,20.84,104.2
418,181,4,2,118.42,236.84
419,182,76,1,426.76,426.76
420,183,94,5,241.54,1207.7
421,184,91,4,261.31,1045.24
422,185,58,3,20.84,62.52
423,185,28,1,242.71,242.71
424,185,79,5,141.3,706.5
425,186,67,1,401.38,401.38
426,186,99,2,494.94,989.88
427,187,8,1,301.86,301.86
428,187,23,1,226.38,226.38
429,187,56,3,189.05,567.15
430,188,64,1,142.89,142.89
431,189,18,2,45.04,90.08
432,189,35,2,410.32,820.64
433,190,48,2,424.68,849.36
434,190,58,3,20.84,62.52
435,191,46,2,306.21,612.42
436,191,68,4,32.27,129.08
437,192,83,4,238.96,955.84
438,192,61,1,359.64,359.64
439,192,49,5,495.64,2478.2
440,192,54,2,118.02,236.04
441,193,11,3,453.8,1361.4
442,193,47,1,45.16,45.16
443,194,91,5,261.31,1306.55
444,194,17,4,339.84,1359.36
445,194,77,1,128.87,128.87
446,195,18,3,45.04,135.12
447,195,48,4,424.68,1698.72
448,195,85,5,492.59,2462.95
449,195,99,1,494.94,494.94
450,196,42,4,408.3,1633.2
451,197,37,5,354.37,1771.85
452,197,3,5,372.18,1860.9
453,197,11,5,453.8,2269.0
454,197,87,2,90.21,180.42
455,198,32,5,108.18,540.9
456,199,41,4,41.31,165.24
457,199,78,1,270.01,270.01
458,199,29,2,225.18,450.36
459,200,69,2,57.06,114.12
460,201,99,5,494.94,2474.7
461,202,16,2,472.23,944.46
462,202,50,5,497.89,2489.45
463,202,74,5,400.73,2003.65
464,202,87,3,90.21,270.63
465,203,63,3,94.39,283.17
466,204,87,5,90.21,451.05
467,204,21,1,397.21,397.21
468,205,7,5,205.07,1025.35
469,205,41,1,41.31,41.31
470,205,17,2,339.84,679.68
471,206,99,5,494.94,2474.7
472,206,72,1,437.04,437.04
473,206,10,1,316.11,316.11
474,206,20,2,86.94,173.88
475,207,1,1,29.45,29.45
476,207,45,2,234.82,469.64
477,207,13,5,30.46,152.3
478,208,97,3,384.42,1153.26
479,208,4,1,118.42,118.42
480,209,16,2,472.23,944.46
481,209,3,3,372.18,1116.54
482,209,20,3,86.94,260.82
483,210,46,5,306.21,1531.05
484,210,97,3,384.42,1153.26
485,210,78,1,270.01,270.01
486,211,5,1,79.43,79.43
487,212,17,1,339.84,339.84
488,212,67,5,401.38,2006.9
489,212,11,3,453.8,1361.4
490,213,5,5,79.43,397.15
491,213,89,4,27.6,110.4
492,213,90,1,214.08,214.08
493,213,8,1,301.86,301.86
494,214,45,3,234.82,704.46
495,214,57,2,225.85,451.7
496,214,82,5,369.1,1845.5
497,215,21,2,397.21,794.42
498,215,3,1,372.18,372.18
499,215,76,5,426.76,2133.8
500,215,57,5,225.85,1129.25
501,216,31,2,169.22,338.44
502,217,17,1,339.84,339.84
503,217,32,3,108.18,324.54
504,218,72,5,437.04,2185.2
505,218,65,5,127.37,636.85
506,219,38,1,317.16,317.16
507,219,54,4,118.02,472.08
508,219,98,3,173.14,519.42
509,219,23,4,226.38,905.52
510,220,55,4,329.8,1319.2
511,220,41,4,41.31,165.24
512,220,42,5,408.3,2041.5
513,221,39,2,284.11,568.22
514,222,24,4,78.21,312.84
515,222,32,5,108.18,540.9
516,223,32,5,108.18,540.9
517,223,62,3,466.1,1398.3
518,223,20,4,86.94,347.76
519,223,50,2,497.89,995.78
520,224,82,2,369.1,738.2
521,224,43,5,22.62,113.1
522,224,21,5,397.21,1986.05
523,224,89,2,27.6,55.2
524,225,80,3,451.49,1354.47
525,226,59,5,355.95,1779.75
526,226,39,2,284.11,568.22
527,227,55,1,329.8,329.8
528,227,79,1,141.3,141.3
529,228,34,5,134.4,672.0
530,228,58,4,20.84,83.36
531,228,75,4,385.83,1543.32
532,228,27,2,38.1,76.2
533,229,4,2,118.42,236.84
534,229,11,5,453.8,2269.0
535,229,38,2,317.16,634.32
536,229,73,2,387.14,774.28
537,230,65,4,127.37,509.48
538,230,12,1,70.96,70.96
539,230,13,3,30.46,91.38
540,230,91,2,261.31,522.62
541,231,50,2,497.89,995.78
542,232,72,4,437.04,1748.16
543,232,53,4,493.72,1974.88
544,232,67,5,401.38,2006.9
545,232,67,5,401.38,2006.9
546,233,100,2,46.79,93.58
547,233,72,5,437.04,2185.2
548,233,87,1,90.21,90.21
549,234,52,5,111.57,557.85
550,235,69,2,57.06,114.12
551,235,29,3,225.18,675.54
552,236,61,2,359.64,719.28
553,236,59,1,355.95,355.95
554,236,3,2,372.18,744.36
555,237,36,4,50.25,201.0
556,237,81,2,35.95,71.9
557,237,65,2,127.37,254.74
558,238,93,5,341.85,1709.25
559,238,13,5,30.46,152.3
560,238,32,3,108.18,324.54
561,238,49,3,495.64,1486.92
562,239,37,3,354.37,1063.11
563,240,17,4,339.84,1359.36
564,240,12,5,70.96,354.8
565,241,60,5,158.81,794.05
566,241,70,2,159.99,319.98
567,241,32,3,108.18,324.54
568,242,31,4,169.22,676.88
569,242,4,3,118.42,355.26
570,242,5,4,79.43,317.72
571,243,21,1,397.21,397.21
572,244,50,3,497.89,1493.67
573,244,75,5,385.83,1929.15
574,244,6,1,142.79,142.79
575,244,53,3,493.72,1481.16
576,245,5,2,79.43,158.86
577,245,83,1,238.96,238.96
578,245,22,2,59.15,118.3
579,245,67,4,401.38,1605.52
580,246,23,2,226.38,452.76
581,246,42,4,408.3,1633.2
582,247,92,1,332.79,332.79
583,247,51,2,185.34,370.68
584,248,47,1,45.16,45.16
585,248,75,2,385.83,771.66
586,248,92,4,332.79,1331.16
587,249,97,1,384.42,384.42
588,249,50,2,497.89,995.78
589,249,17,3,339.84,1019.52
590,250,92,2,332.79,665.58
591,250,81,2,35.95,71.9
592,251,49,4,495.64,1982.56
593,251,34,4,134.4,537.6
594,252,88,1,434.27,434.27
595,253,40,2,390.15,780.3
596,253,100,1,46.79,46.79
597,254,49,4,495.64,1982.56
598,254,44,1,46.58,46.58
599,254,25,3,175.52,526.56
600,255,82,5,369.1,1845.5
601,255,83,5,238.96,1194.8
602,255,79,3,141.3,423.9
603,256,59,1,355.95,355.95
604,256,97,5,384.42,1922.1
605,257,99,3,494.94,1484.82
606,257,26,2,182.69,365.38
607,257,71,4,374.06,1496.24
608,257,76,4,426.76,1707.04
609,258,60,1,158.81,158.81
610,259,30,2,357.25,714.5
611,259,95,5,221.84,1109.2
612,259,46,3,306.21,918.63
613,259,10,1,316.11,316.11
614,260,96,1,305.97,305.97
615,261,33,4,384.16,1536.64
616,262,43,3,22.62,67.86
617,262,48,5,424.68,2123.4
618,262,51,2,185.34,370.68
619,262,16,2,472.23,944.46
620,263,62,2,466.1,932.2
621,263,69,2,57.06,114.12
622,264,88,4,434.27,1737.08
623,265,72,5,437.04,2185.2
624,266,56,4,189.05,756.2
625,267,73,1,387.14,387.14
626,268,84,3,367.52,1102.56
627,268,94,2,241.54,483.08
628,268,100,5,46.79,233.95
629,269,77,4,128.87,515.48
630,270,85,2,492.59,985.18
631,270,10,4,316.11,1264.44
632,271,42,2,408.3,816.6
633,272,66,3,379.64,1138.92
634,272,90,5,214.08,1070.4
635,272,51,5,185.34,926.7
636,272,61,4,359.64,1438.56
637,273,8,4,301.86,1207.44
638,274,75,4,385.83,1543.32
639,274,91,4,261.31,1045.24
640,275,47,1,45.16,45.16
641,275,46,2,306.21,612.42
642,275,97,3,384.42,1153.26
643,275,93,2,341.85,683.7
644,276,16,4,472.23,1888.92
645,276,20,1,86.94,86.94
646,276,14,2,355.43,710.86
647,277,14,3,355.43,1066.29
648,277,68,3,32.27,96.81
649,278,92,5,332.79,1663.95
650,278,78,3,270.01,810.03
651,278,32,2,108.18,216.36
652,278,54,4,118.02,472.08
653,279,68,4,32.27,129.08
654,279,40,2,390.15,780.3
655,279,3,3,372.18,1116.54
656,280,26,5,182.69,913.45
657,280,38,5,317.16,1585.8
658,280,82,2,369.1,738.2
659,281,48,3,424.68,1274.04
660,281,19,2,180.91,361.82
661,281,62,2,466.1,932.2
662,281,79,5,141.3,706.5
663,282,8,5,301.86,1509.3
664,282,39,4,284.11,1136.44
665,282,73,4,387.14,1548.56
666,282,77,1,128.87,128.87
667,283,77,4,128.87,515.48
668,283,70,3,159.99,479.97
669,283,48,5,424.68,2123.4
670,284,58,1,20.84,20.84
671,285,48,5,424.68,2123.4
672,285,34,4,134.4,537.6
673,285,30,2,357.25,714.5
674,286,86,3,397.74,1193.22
675,286,3,1,372.18,372.18
676,286,86,2,397.74,795.48
677,287,70,4,159.99,639.96
678,287,47,2,45.16,90.32
679,288,60,4,158.81,635.24
680,288,85,3,492.59,1477.77
681,288,57,2,225.85,451.7
682,288,32,3,108.18,324.54
683,289,99,3,494.94,1484.82
684,289,88,1,434.27,434.27
685,289,44,4,46.58,186.32
686,289,25,2,175.52,351.04
687,290,86,4,397.74,1590.96
688,290,66,3,379.64,1138.92
689,290,35,5,410.32,2051.6
690,290,19,1,180.91,180.91
691,291,56,3,189.05,567.15
692,291,81,1,35.95,35.95
693,292,68,2,32.27,64.54
694,292,46,1,306.21,306.21
695,293,98,2,173.14,346.28
696,293,79,5,141.3,706.5
697,293,41,4,41.31,165.24
698,293,75,2,385.83,771.66
699,294,83,4,238.96,955.84
700,294,12,3,70.96,212.88
701,295,32,1,108.18,108.18
702,295,47,5,45.16,225.8
703,295,53,2,493.72,987.44
704,295,53,2,493.72,987.44
705,296,5,5,79.43,397.15
706,297,11,2,453.8,907.6
707,297,15,4,53.94,215.76
708,297,59,1,355.95,355.95
709,297,50,5,497.89,2489.45
710,298,68,4,32.27,129.08
711,298,69,3,57.06,171.18
712,299,19,4,180.91,723.64
713,299,46,3,306.21,918.63
714,300,11,5,453.8,2269.0
715,301,19,3,180.91,542.73
716,301,4,1,118.42,118.42
717,301,60,4,158.81,635.24
718,302,52,5,111.57,557.85
719,302,75,1,385.83,385.83
720,303,34,4,134.4,537.6
721,303,88,4,434.27,1737.08
722,304,68,1,32.27,32.27
723,304,95,1,221.84,221.84
724,305,82,5,369.1,1845.5
725,306,27,3,38.1,114.3
726,306,67,1,401.38,401.38
727,306,37,2,354.37,708.74
728,307,36,4,50.25,201.0
729,307,75,3,385.83,1157.49
730,307,31,5,169.22,846.1
731,308,39,1,284.11,284.11
732,309,83,3,238.96,716.88
733,310,60,1,158.81,158.81
734,311,39,2,284.11,568.22
735,312,39,5,284.11,1420.55
736,312,86,2,397.74,795.48
737,312,91,2,261.31,522.62
738,313,66,4,379.64,1518.56
739,314,22,2,59.15,118.3
740,315,47,3,45.16,135.48
741,315,37,1,354.37,354.37
742,316,38,2,317.16,634.32
743,316,39,2,284.11,568.22
744,316,96,1,305.97,305.97
745,316,95,1,221.84,221.84
746,317,15,5,53.94,269.7
747,317,59,3,355.95,1067.85
748,318,65,4,127.37,509.48
749,319,23,3,226.38,679.14
750,319,3,5,372.18,1860.9
751,319,33,5,384.16,1920.8
752,320,23,1,226.38,226.38
753,321,61,1,359.64,359.64
754,321,62,2,466.1,932.2
755,322,40,4,390.15,1560.6
756,323,92,2,332.79,665.58
757,323,36,5,50.25,251.25
758,324,95,3,221.84,665.52
759,324,50,3,497.89,1493.67
760,324,92,2,332.79,665.58
761,325,20,1,86.94,86.94
762,325,82,1,369.1,369.1
763,325,85,3,492.59,1477.77
764,326,41,3,41.31,123.93
765,327,85,1,492.59,492.59
766,327,80,4,451.49,1805.96
767,328,80,3,451.49,1354.47
768,328,76,3,426.76,1280.28
769,328,90,4,214.08,856.32
770,329,100,1,46.79,46.79
771,329,35,3,410.32,1230.96
772,329,68,1,32.27,32.27
773,330,19,1,180.91,180.91
774,330,22,2,59.15,118.3
775,330,86,2,397.74,795.48
776,331,34,5,134.4,672.0
777,331,80,4,451.49,1805.96
778,331,22,1,59.15,59.15
779,331,96,3,305.97,917.91
780,332,89,5,27.6,138.0
781,332,96,2,305.97,611.94
782,332,77,5,128.87,644.35
783,333,56,2,189.05,378.1
784,334,73,1,387.14,387.14
785,335,49,5,495.64,2478.2
786,335,25,4,175.52,702.08
787,336,95,3,221.84,665.52
788,337,49,1,495.64,495.64
789,338,15,4,53.94,215.76
790,339,76,4,426.76,1707.04
791,339,30,5,357.25,1786.25
792,339,54,1,118.02,118.02
793,340,94,3,241.54,724.62
794,340,54,1,118.02,118.02
795,340,82,2,369.1,738.2
796,340,22,3,59.15,177.45
797,341,37,5,354.37,1771.85
798,342,47,2,45.16,90.32
799,342,86,1,397.74,397.74
800,342,9,1,78.57,78.57
801,342,21,3,397.21,1191.63
802,343,32,4,108.18,432.72
803,344,64,5,142.89,714.45
804,345,81,4,35.95,143.8
805,345,56,4,189.05,756.2
806,345,9,1,78.57,78.57
807,345,1,1,29.45,29.45
808,346,21,5,397.21,1986.05
809,346,24,5,78.21,391.05
810,347,28,3,242.71,728.13
811,347,87,1,90.21,90.21
812,348,62,5,466.1,2330.5
813,349,42,5,408.3,2041.5
814,350,72,1,437.04,437.04
815,350,55,1,329.8,329.8
816,350,47,5,45.16,225.8
817,351,40,1,390.15,390.15
818,351,11,1,453.8,453.8
819,351,12,4,70.96,283.84
820,351,10,1,316.11,316.11
821,352,9,5,78.57,392.85
822,352,55,1,329.8,329.8
823,353,100,3,46.79,140.37
824,353,37,2,354.37,708.74
825,353,86,3,397.74,1193.22
826,353,34,2,134.4,268.8
827,354,62,3,466.1,1398.3
828,354,79,3,141.3,423.9
829,354,100,3,46.79,140.37
830,355,88,5,434.27,2171.35
831,355,89,5,27.6,138.0
832,355,54,5,118.02,590.1
833,355,2,5,152.12,760.6
834,356,37,3,354.37,1063.11
835,357,13,1,30.46,30.46
836,357,12,5,70.96,354.8
837,357,47,1,45.16,45.16
838,358,82,5,369.1,1845.5
839,358,82,1,369.1,369.1
840,359,7,2,205.07,410.14
841,359,53,3,493.72,1481.16
842,359,5,5,79.43,397.15
843,359,39,4,284.11,1136.44
844,360,69,3,57.06,171.18
845,360,17,1,339.84,339.84
846,360,7,2,205.07,410.14
847,361,19,3,180.91,542.73
848,361,15,4,53.94,215.76
849,361,17,1,339.84,339.84
850,362,47,5,45.16,225.8
851,362,33,4,384.16,1536.64
852,363,12,2,70.96,141.92
853,363,97,4,384.42,1537.68
854,363,44,2,46.58,93.16
855,363,13,4,30.46,121.84
856,364,10,2,316.11,632.22
857,364,38,3,317.16,951.48
858,364,100,5,46.79,233.95
859,364,93,4,341.85,1367.4
860,365,17,4,339.84,1359.36
861,365,64,4,142.89,571.56
862,365,100,3,46.79,140.37
863,366,49,2,495.64,991.28
864,366,77,1,128.87,128.87
865,366,92,1,332.79,332.79
866,366,34,5,134.4,672.0
867,367,48,5,424.68,2123.4
868,367,22,1,59.15,59.15
869,367,68,4,32.27,129.08
870,367,21,1,397.21,397.21
871,368,5,2,79.43,158.86
872,368,51,5,185.34,926.7
873,368,89,4,27.6,110.4
874,369,77,5,128.87,644.35
875,370,36,5,50.25,251.25
876,370,70,5,159.99,799.95
877,370,6,3,142.79,428.37
878,371,8,4,301.86,1207.44
879,371,41,3,41.31,123.93
880,371,34,2,134.4,268.8
881,372,63,4,94.39,377.56
882,372,75,2,385.83,771.66
883,373,26,1,182.69,182.69
884,373,85,4,492.59,1970.36
885,373,73,5,387.14,1935.7
886,374,18,3,45.04,135.12
887,374,13,3,30.46,91.38
888,374,33,5,384.16,1920.8
889,374,79,1,141.3,141.3
890,375,47,2,45.16,90.32
891,375,52,2,111.57,223.14
892,375,5,3,79.43,238.29
893,376,13,5,30.46,152.3
894,377,67,1,401.38,401.38
895,377,26,4,182.69,730.76
896,378,20,3,86.94,260.82
897,378,9,2,78.57,157.14
898,378,63,3,94.39,283.17
899,378,74,5,400.73,2003.65
900,379,77,2,128.87,257.74
901,380,85,5,492.59,2462.95
902,380,70,1,159.99,159.99
903,380,55,2,329.8,659.6
904,381,23,1,226.38,226.38
905,381,8,3,301.86,905.58
906,382,61,1,359.64,359.64
907,383,86,5,397.74,1988.7
908,383,28,5,242.71,1213.55
909,383,84,5,367.52,1837.6
910,383,13,4,30.46,121.84
911,384,52,2,111.57,223.14
912,384,1,4,29.45,117.8
913,384,77,1,128.87,128.87
914,384,82,1,369.1,369.1
915,385,80,2,451.49,902.98
916,385,83,3,238.96,716.88
917,386,8,5,301.86,1509.3
918,387,62,2,466.1,932.2
919,387,94,2,241.54,483.08
920,387,93,5,341.85,1709.25
921,387,71,1,374.06,374.06
922,388,35,2,410.32,820.64
923,388,48,2,424.68,849.36
924,388,77,4,128.87,515.48
925,388,91,4,261.31,1045.24
926,389,29,5,225.18,1125.9
927,389,92,1,332.79,332.79
928,389,38,3,317.16,951.48
929,389,5,3,79.43,238.29
930,390,46,5,306.21,1531.05
931,390,54,1,118.02,118.02
932,391,97,5,384.42,1922.1
933,392,89,5,27.6,138.0
934,392,87,2,90.21,180.42
935,392,26,4,182.69,730.76
936,393,2,4,152.12,608.48
937,393,12,3,70.96,212.88
938,394,70,2,159.99,319.98
939,394,85,5,492.59,2462.95
940,394,2,4,152.12,608.48
941,394,79,2,141.3,282.6
942,395,91,1,261.31,261.31
943,395,71,5,374.06,1870.3
944,396,39,1,284.11,284.11
945,397,74,4,400.73,1602.92
946,397,77,5,128.87,644.35
947,397,86,5,397.74,1988.7
948,398,1,2,29.45,58.9
949,398,41,2,41.31,82.62
950,399,63,1,94.39,94.39
951,399,95,1,221.84,221.84
952,399,80,1,451.49,451.49
953,400,6,5,142.79,713.95
954,400,43,2,22.62,45.24
955,400,46,1,306.21,306.21
956,401,86,4,397.74,1590.96
957,401,57,3,225.85,677.55
958,402,8,5,301.86,1509.3
959,403,42,1,408.3,408.3
960,403,90,3,214.08,642.24
961,403,77,2,128.87,257.74
962,403,77,5,128.87,644.35
963,404,20,2,86.94,173.88
964,404,13,3,30.46,91.38
965,404,96,1,305.97,305.97
966,404,95,2,221.84,443.68
967,405,31,3,169.22,507.66
968,405,75,5,385.83,1929.15
969,405,15,5,53.94,269.7
970,405,53,4,493.72,1974.88
971,406,38,2,317.16,634.32
972,406,30,2,357.25,714.5
973,406,95,4,221.84,887.36
974,406,20,4,86.94,347.76
975,407,51,1,185.34,185.34
976,407,89,3,27.6,82.8
977,407,90,1,214.08,214.08
978,408,4,3,118.42,355.26
979,408,78,4,270.01,1080.04
980,409,4,2,118.42,236.84
981,409,14,2,355.43,710.86
982,409,57,3,225.85,677.55
983,410,4,5,118.42,592.1
984,411,60,1,158.81,158.81
985,412,68,5,32.27,161.35
986,412,36,3,50.25,150.75
987,412,50,3,497.89,1493.67
988,413,86,1,397.74,397.74
989,413,84,4,367.52,1470.08
990,414,45,4,234.82,939.28
991,414,72,3,437.04,1311.12
992,414,84,5,367.52,1837.6
993,415,2,5,152.12,760.6
994,416,93,5,341.85,1709.25
995,416,29,2,225.18,450.36
996,416,22,3,59.15,177.45
997,416,99,3,494.94,1484.82
998,417,42,5,408.3,2041.5
999,417,59,1,355.95,355.95
1000,417,61,3,359.64,1078.92
1001,418,9,1,78.57,78.57
1002,418,82,2,369.1,738.2
1003,419,46,5,306.21,1531.05
1004,419,33,5,384.16,1920.8
1005,420,30,5,357.25,1786.25
1006,420,85,3,492.59,1477.77
1007,421,43,4,22.62,90.48
1008,421,26,5,182.69,913.45
1009,421,46,2,306.21,612.42
1010,422,49,5,495.64,2478.2
1011,423,40,5,390.15,1950.75
1012,423,28,2,242.71,485.42
1013,423,84,4,367.52,1470.08
1014,424,75,1,385.83,385.83
1015,424,7,1,205.07,205.07
1016,425,90,3,214.08,642.24
1017,425,83,5,238.96,1194.8
1018,426,49,1,495.64,495.64
1019,426,16,2,472.23,944.46
1020,426,47,4,45.16,180.64
1021,427,97,4,384.42,1537.68
1022,427,78,1,270.01,270.01
1023,427,4,1,118.42,118.42
1024,428,53,1,493.72,493.72
1025,428,98,2,173.14,346.28
1026,428,98,2,173.14,346.28
1027,428,57,3,225.85,677.55
1028,429,98,2,173.14,346.28
1029,430,46,3,306.21,918.63
1030,431,53,3,493.72,1481.16
1031,431,23,5,226.38,1131.9
1032,432,100,5,46.79,233.95
1033,432,51,2,185.34,370.68
1034,433,97,2,384.42,768.84
1035,433,29,2,225.18,450.36
1036,433,76,4,426.76,1707.04
1037,434,2,5,152.12,760.6
1038,435,14,1,355.43,355.43
1039,435,25,5,175.52,877.6
1040,436,64,5,142.89,714.45
1041,436,38,1,317.16,317.16
1042,437,59,1,355.95,355.95
1043,437,28,2,242.71,485.42
1044,437,88,1,434.27,434.27
1045,438,44,1,46.58,46.58
1046,438,49,2,495.64,991.28
1047,439,18,5,45.04,225.2
1048,440,46,1,306.21,306.21
1049,440,15,2,53.94,107.88
1050,440,74,2,400.73,801.46
1051,441,18,3,45.04,135.12
1052,442,1,2,29.45,58.9
1053,442,35,2,410.32,820.64
1054,442,4,2,118.42,236.84
1055,442,60,2,158.81,317.62
1056,443,47,5,45.16,225.8
1057,443,93,5,341.85,1709.25
1058,444,26,3,182.69,548.07
1059,445,75,3,385.83,1157.49
1060,446,90,1,214.08,214.08
1061,446,81,3,35.95,107.85
1062,447,37,3,354.37,1063.11
1063,447,19,3,180.91,542.73
1064,447,45,5,234.82,1174.1
1065,448,67,4,401.38,1605.52
1066,448,51,3,185.34,556.02
1067,449,76,1,426.76,426.76
1068,450,53,1,493.72,493.72
1069,451,77,1,128.87,128.87
1070,452,14,5,355.43,1777.15
1071,452,96,3,305.97,917.91
1072,453,38,4,317.16,1268.64
1073,453,61,4,359.64,1438.56
1074,454,57,2,225.85,451.7
1075,455,52,2,111.57,223.14
1076,455,44,5,46.58,232.9
1077,456,76,1,426.76,426.76
1078,456,23,2,226.38,452.76
1079,456,38,5,317.16,1585.8
1080,456,4,1,118.42,118.42
1081,457,71,5,374.06,1870.3
1082,457,21,1,397.21,397.21
1083,457,62,5,466.1,2330.5
1084,457,58,2,20.84,41.68
1085,458,40,3,390.15,1170.45
1086,458,13,4,30.46,121.84
1087,459,74,4,400.73,1602.92
1088,459,36,1,50.25,50.25
1089,459,85,2,492.59,985.18
1090,459,87,1,90.21,90.21
1091,460,67,4,401.38,1605.52
1092,460,72,1,437.04,437.04
1093,460,74,3,400.73,1202.19
1094,461,80,5,451.49,2257.45
1095,461,65,5,127.37,636.85
1096,462,49,2,495.64,991.28
1097,462,94,3,241.54,724.62
1098,462,68,3,32.27,96.81
1099,462,76,5,426.76,2133.8
1100,463,73,4,387.14,1548.56
1101,463,46,5,306.21,1531.05
1102,464,52,3,111.57,334.71
1103,464,37,3,354.37,1063.11
1104,464,18,5,45.04,225.2
1105,464,37,3,354.37,1063.11
1106,465,51,5,185.34,926.7
1107,465,29,1,225.18,225.18
1108,465,29,2,225.18,450.36
1109,466,98,1,173.14,173.14
1110,466,54,5,118.02,590.1
1111,466,87,3,90.21,270.63
1112,466,10,3,316.11,948.33
1113,467,78,3,270.01,810.03
1114,467,70,4,159.99,639.96
1115,468,62,3,466.1,1398.3
1116,468,36,1,50.25,50.25
1117,468,45,4,234.82,939.28
1118,468,90,2,214.08,428.16
1119,469,94,5,241.54,1207.7
1120,469,71,5,374.06,1870.3
1121,469,95,5,221.84,1109.2
1122,469,82,1,369.1,369.1
1123,470,77,1,128.87,128.87
1124,470,46,5,306.21,1531.05
1125,470,64,3,142.89,428.67
1126,471,85,2,492.59,985.18
1127,471,75,5,385.83,1929.15
1128,472,53,3,493.72,1481.16
1129,472,85,3,492.59,1477.77
1130,473,5,5,79.43,397.15
1131,473,47,4,45.16,180.64
1132,474,52,5,111.57,557.85
1133,474,74,2,400.73,801.46
1134,475,95,1,221.84,221.84
1135,476,60,5,158.81,794.05
1136,477,46,2,306.21,612.42
1137,478,31,5,169.22,846.1
1138,478,16,1,472.23,472.23
1139,478,85,4,492.59,1970.36
1140,478,44,3,46.58,139.74
1141,479,42,3,408.3,1224.9
1142,479,3,3,372.18,1116.54
1143,479,50,1,497.89,497.89
1144,479,67,5,401.38,2006.9
1145,480,69,3,57.06,171.18
1146,480,91,1,261.31,261.31
1147,481,58,5,20.84,104.2
1148,481,100,3,46.79,140.37
1149,481,26,1,182.69,182.69
1150,482,31,1,169.22,169.22
1151,482,65,5,127.37,636.85
1152,483,49,4,495.64,1982.56
1153,484,61,1,359.64,359.64
1154,484,62,3,466.1,1398.3
1155,484,91,4,261.31,1045.24
1156,485,87,4,90.21,360.84
1157,485,54,1,118.02,118.02
1158,485,34,4,134.4,537.6
1159,486,80,2,451.49,902.98
1160,486,36,4,50.25,201.0
1161,487,54,3,118.02,354.06
1162,487,48,3,424.68,1274.04
1163,487,92,4,332.79,1331.16
1164,488,25,4,175.52,702.08
1165,488,51,4,185.34,741.36
1166,489,70,5,159.99,799.95
1167,489,12,2,70.96,141.92
1168,489,53,3,493.72,1481.16
1169,490,57,1,225.85,225.85
1170,491,90,1,214.08,214.08
1171,492,20,5,86.94,434.7
1172,493,4,3,118.42,355.26
1173,494,55,4,329.8,1319.2
1174,494,98,3,173.14,519.42
1175,495,34,3,134.4,403.2
1176,496,5,1,79.43,79.43
1177,497,7,4,205.07,820.28
1178,498,49,2,495.64,991.28
1179,498,33,4,384.16,1536.64
1180,498,98,4,173.14,692.56
1181,499,10,4,316.11,1264.44
1182,499,84,4,367.52,1470.08
1183,499,72,5,437.04,2185.2
1184,500,53,4,493.72,1974.88
1185,500,94,2,241.54,483.08
1186,501,50,2,497.89,995.78
1187,501,96,1,305.97,305.97
1188,501,96,5,305.97,1529.85
1189,501,54,3,118.02,354.06
1190,502,53,5,493.72,2468.6
1191,502,52,2,111.57,223.14
1192,502,57,3,225.85,677.55
1193,503,43,5,22.62,113.1
1194,504,18,1,45.04,45.04
1195,504,80,2,451.49,902.98
1196,504,97,3,384.42,1153.26
1197,505,3,5,372.18,1860.9
1198,505,78,4,270.01,1080.04
1199,506,48,2,424.68,849.36
1200,506,81,4,35.95,143.8
1201,507,54,3,118.02,354.06
1202,507,94,5,241.54,1207.7
1203,507,5,2,79.43,158.86
1204,507,3,3,372.18,1116.54
1205,508,30,5,357.25,1786.25
1206,508,1,4,29.45,117.8
1207,509,81,1,35.95,35.95
1208,509,90,5,214.08,1070.4
1209,510,62,3,466.1,1398.3
1210,510,43,3,22.62,67.86
1211,510,40,1,390.15,390.15
1212,511,48,5,424.68,2123.4
1213,511,99,5,494.94,2474.7
1214,511,52,3,111.57,334.71
1215,512,20,1,86.94,86.94
1216,512,49,2,495.64,991.28
1217,512,40,2,390.15,780.3
1218,513,93,3,341.85,1025.55
1219,513,11,3,453.8,1361.4
1220,514,53,2,493.72,987.44
1221,515,85,4,492.59,1970.36
1222,515,88,4,434.27,1737.08
1223,516,38,2,317.16,634.32
1224,517,46,3,306.21,918.63
1225,517,20,2,86.94,173.88
1226,517,1,2,29.45,58.9
1227,517,5,4,79.43,317.72
1228,518,56,1,189.05,189.05
1229,518,75,2,385.83,771.66
1230,519,32,2,108.18,216.36
1231,519,96,5,305.97,1529.85
1232,519,95,3,221.84,665.52
1233,519,28,3,242.71,728.13
1234,520,92,3,332.79,998.37
1235,520,17,1,339.84,339.84
1236,520,75,3,385.83,1157.49
1237,520,73,2,387.14,774.28
1238,521,47,3,45.16,135.48
1239,522,95,3,221.84,665.52
1240,523,98,1,173.14,173.14
1241,524,60,3,158.81,476.43
1242,524,69,3,57.06,171.18
1243,525,86,1,397.74,397.74
1244,525,38,4,317.16,1268.64
1245,526,55,5,329.8,1649.0
1246,526,60,2,158.81,317.62
1247,526,5,1,79.43,79.43
1248,527,50,2,497.89,995.78
1249,527,85,4,492.59,1970.36
1250,527,52,4,111.57,446.28
1251,528,33,1,384.16,384.16
1252,528,87,1,90.21,90.21
1253,528,98,5,173.14,865.7
1254,529,29,1,225.18,225.18
1255,530,82,1,369.1,369.1
1256,530,86,1,397.74,397.74
1257,531,23,4,226.38,905.52
1258,531,33,5,384.16,1920.8
1259,531,57,3,225.85,677.55
1260,531,56,4,189.05,756.2
1261,532,30,2,357.25,714.5
1262,533,11,2,453.8,907.6
1263,533,90,3,214.08,642.24
1264,533,69,2,57.06,114.12
1265,534,40,5,390.15,1950.75
1266,534,71,4,374.06,1496.24
1267,535,87,5,90.21,451.05
1268,536,37,2,354.37,708.74
1269,536,12,4,70.96,283.84
1270,536,44,2,46.58,93.16
1271,536,8,3,301.86,905.58
1272,537,17,2,339.84,679.68
1273,537,53,4,493.72,1974.88
1274,537,13,5,30.46,152.3
1275,537,93,3,341.85,1025.55
1276,538,79,2,141.3,282.6
1277,538,86,2,397.74,795.48
1278,539,80,5,451.49,2257.45
1279,540,34,4,134.4,537.6
1280,540,50,1,497.89,497.89
1281,540,88,1,434.27,434.27
1282,540,56,4,189.05,756.2
1283,541,94,2,241.54,483.08
1284,541,97,2,384.42,768.84
1285,542,79,3,141.3,423.9
1286,542,16,3,472.23,1416.69
1287,543,30,2,357.25,714.5
1288,543,87,1,90.21,90.21
1289,543,45,5,234.82,1174.1
1290,543,49,1,495.64,495.64
1291,544,17,5,339.84,1699.2
1292,544,47,5,45.16,225.8
1293,545,32,4,108.18,432.72
1294,545,37,2,354.37,708.74
1295,545,55,4,329.8,1319.2
1296,545,73,4,387.14,1548.56
1297,546,21,4,397.21,1588.84
1298,546,35,2,410.32,820.64
1299,547,47,3,45.16,135.48
1300,547,72,3,437.04,1311.12
1301,548,15,5,53.94,269.7
1302,549,28,2,242.71,485.42
1303,549,19,3,180.91,542.73
1304,550,100,5,46.79,233.95
1305,550,75,5,385.83,1929.15
1306,551,41,1,41.31,41.31
1307,551,69,2,57.06,114.12
1308,551,51,1,185.34,185.34
1309,551,57,1,225.85,225.85
1310,552,47,4,45.16,180.64
1311,552,18,1,45.04,45.04
1312,553,31,2,169.22,338.44
1313,553,43,3,22.62,67.86
1314,554,71,3,374.06,1122.18
1315,554,44,2,46.58,93.16
1316,554,53,2,493.72,987.44
1317,554,97,4,384.42,1537.68
1318,555,67,5,401.38,2006.9
1319,555,46,1,306.21,306.21
1320,555,54,1,118.02,118.02
1321,555,27,4,38.1,152.4
1322,556,46,3,306.21,918.63
1323,556,96,4,305.97,1223.88
1324,556,73,5,387.14,1935.7
1325,556,52,1,111.57,111.57
1326,557,68,3,32.27,96.81
1327,557,42,3,408.3,1224.9
1328,558,14,1,355.43,355.43
1329,558,70,5,159.99,799.95
1330,559,90,3,214.08,642.24
1331,559,76,5,426.76,2133.8
1332,559,7,3,205.07,615.21
1333,559,64,5,142.89,714.45
1334,560,70,3,159.99,479.97
1335,560,32,5,108.18,540.9
1336,560,53,1,493.72,493.72
1337,560,77,5,128.87,644.35
1338,561,3,5,372.18,1860.9
1339,562,64,4,142.89,571.56
1340,562,70,5,159.99,799.95
1341,563,80,1,451.49,451.49
1342,563,36,5,50.25,251.25
1343,563,59,2,355.95,711.9
1344,564,66,2,379.64,759.28
1345,565,97,1,384.42,384.42
1346,565,12,4,70.96,283.84
1347,565,64,5,142.89,714.45
1348,566,65,4,127.37,509.48
1349,567,40,3,390.15,1170.45
1350,568,84,2,367.52,735.04
1351,568,82,2,369.1,738.2
1352,568,81,1,35.95,35.95
1353,568,13,4,30.46,121.84
1354,569,54,3,118.02,354.06
1355,569,57,5,225.85,1129.25
1356,569,28,5,242.71,1213.55
1357,569,79,3,141.3,423.9
1358,570,78,1,270.01,270.01
1359,570,92,3,332.79,998.37
1360,571,28,3,242.71,728.13
1361,571,19,2,180.91,361.82
1362,571,73,1,387.14,387.14
1363,572,100,3,46.79,140.37
1364,572,62,2,466.1,932.2
1365,572,34,2,134.4,268.8
1366,573,93,1,341.85,341.85
1367,574,39,4,284.11,1136.44
1368,574,3,3,372.18,1116.54
1369,574,91,2,261.31,522.62
1370,575,49,2,495.64,991.28
1371,575,30,5,357.25,1786.25
1372,576,80,5,451.49,2257.45
1373,576,26,2,182.69,365.38
1374,576,11,4,453.8,1815.2
1375,576,61,5,359.64,1798.2
1376,577,16,3,472.23,1416.69
1377,577,11,3,453.8,1361.4
1378,578,32,5,108.18,540.9
1379,578,36,2,50.25,100.5
1380,579,56,4,189.05,756.2
1381,579,75,3,385.83,1157.49
1382,579,81,4,35.95,143.8
1383,580,60,5,158.81,794.05
1384,580,48,3,424.68,1274.04
1385,580,45,5,234.82,1174.1
1386,581,13,2,30.46,60.92
1387,581,38,2,317.16,634.32
1388,582,78,2,270.01,540.02
1389,582,11,3,453.8,1361.4
1390,583,76,5,426.76,2133.8
1391,583,92,1,332.79,332.79
1392,583,24,1,78.21,78.21
1393,583,19,5,180.91,904.55
1394,584,76,5,426.76,2133.8
1395,584,60,1,158.81,158.81
1396,584,20,3,86.94,260.82
1397,585,93,2,341.85,683.7
1398,585,7,2,205.07,410.14
1399,585,16,2,472.23,944.46
1400,586,14,5,355.43,1777.15
1401,586,7,4,205.07,820.28
1402,586,10,4,316.11,1264.44
1403,587,52,5,111.57,557.85
1404,587,59,2,355.95,711.9
1405,587,44,3,46.58,139.74
1406,588,4,1,118.42,118.42
1407,589,17,3,339.84,1019.52
1408,589,31,2,169.22,338.44
1409,589,82,3,369.1,1107.3
1410,590,24,5,78.21,391.05
1411,590,45,1,234.82,234.82
1412,590,47,3,45.16,135.48
1413,591,100,4,46.79,187.16
1414,591,79,3,141.3,423.9
1415,591,47,1,45.16,45.16
1416,591,47,3,45.16,135.48
1417,592,59,5,355.95,1779.75
1418,592,72,4,437.04,1748.16
1419,593,21,5,397.21,1986.05
1420,594,77,4,128.87,515.48
1421,594,63,1,94.39,94.39
1422,594,2,5,152.12,760.6
1423,595,69,2,57.06,114.12
1424,595,90,4,214.08,856.32
1425,595,99,1,494.94,494.94
1426,596,22,1,59.15,59.15
1427,596,88,1,434.27,434.27
1428,596,5,5,79.43,397.15
1429,597,92,2,332.79,665.58
1430,597,53,2,493.72,987.44
1431,597,93,4,341.85,1367.4
1432,598,33,4,384.16,1536.64
1433,598,57,1,225.85,225.85
1434,598,27,2,38.1,76.2
1435,598,58,4,20.84,83.36
1436,599,55,3,329.8,989.4
1437,599,10,5,316.11,1580.55
1438,599,80,5,451.49,2257.45
1439,600,60,2,158.81,317.62
1440,601,29,1,225.18,225.18
1441,601,40,4,390.15,1560.6
1442,602,73,1,387.14,387.14
1443,602,99,3,494.94,1484.82
1444,602,93,2,341.85,683.7
1445,602,67,3,401.38,1204.14
1446,603,92,1,332.79,332.79
1447,603,72,4,437.04,1748.16
1448,604,70,1,159.99,159.99
1449,605,26,3,182.69,548.07
1450,605,23,2,226.38,452.76
1451,605,12,4,70.96,283.84
1452,606,92,5,332.79,1663.95
1453,606,38,2,317.16,634.32
1454,606,76,5,426.76,2133.8
1455,607,47,3,45.16,135.48
1456,608,41,1,41.31,41.31
1457,609,27,5,38.1,190.5
1458,610,91,5,261.31,1306.55
1459,610,40,3,390.15,1170.45
1460,610,49,1,495.64,495.64
1461,610,20,3,86.94,260.82
1462,611,50,4,497.89,1991.56
1463,612,9,3,78.57,235.71
1464,613,2,2,152.12,304.24
1465,613,66,1,379.64,379.64
1466,613,62,4,466.1,1864.4
1467,614,64,2,142.89,285.78
1468,615,63,1,94.39,94.39
1469,615,60,1,158.81,158.81
1470,615,68,2,32.27,64.54
1471,616,69,3,57.06,171.18
1472,617,8,1,301.86,301.86
1473,617,23,5,226.38,1131.9
1474,617,8,4,301.86,1207.44
1475,618,48,5,424.68,2123.4
1476,618,81,3,35.95,107.85
1477,618,68,2,32.27,64.54
1478,618,3,1,372.18,372.18
1479,619,39,4,284.11,1136.44
1480,619,26,5,182.69,913.45
1481,619,36,5,50.25,251.25
1482,620,21,2,397.21,794.42
1483,620,86,4,397.74,1590.96
1484,620,100,3,46.79,140.37
1485,621,31,4,169.22,676.88
1486,621,41,1,41.31,41.31
1487,621,78,5,270.01,1350.05
1488,621,6,1,142.79,142.79
1489,622,10,4,316.11,1264.44
1490,622,72,3,437.04,1311.12
1491,623,82,5,369.1,1845.5
1492,623,74,1,400.73,400.73
1493,624,16,4,472.23,1888.92
1494,624,13,1,30.46,30.46
1495,624,90,3,214.08,642.24
1496,624,54,3,118.02,354.06
1497,625,96,4,305.97,1223.88
1498,625,22,5,59.15,295.75
1499,625,24,4,78.21,312.84
1500,626,15,4,53.94,215.76
1501,626,62,2,466.1,932.2
1502,626,17,3,339.84,1019.52
1503,626,84,1,367.52,367.52
1504,627,58,4,20.84,83.36
1505,627,88,2,434.27,868.54
1506,627,26,4,182.69,730.76
1507,628,97,4,384.42,1537.68
1508,629,56,4,189.05,756.2
1509,630,95,5,221.84,1109.2
1510,631,81,4,35.95,143.8
1511,631,98,3,173.14,519.42
1512,631,31,2,169.22,338.44
1513,631,45,2,234.82,469.64
1514,632,60,5,158.81,794.05
1515,632,88,3,434.27,1302.81
1516,632,31,3,169.22,507.66
1517,633,71,1,374.06,374.06
1518,633,48,3,424.68,1274.04
1519,633,65,1,127.37,127.37
1520,634,64,1,142.89,142.89
1521,635,26,1,182.69,182.69
1522,635,52,4,111.57,446.28
1523,635,65,1,127.37,127.37
1524,635,28,1,242.71,242.71
1525,636,27,2,38.1,76.2
1526,636,17,1,339.84,339.84
1527,636,78,5,270.01,1350.05
1528,637,5,2,79.43,158.86
1529,637,9,2,78.57,157.14
1530,637,6,1,142.79,142.79
1531,637,10,1,316.11,316.11
1532,638,60,4,158.81,635.24
1533,638,53,3,493.72,1481.16
1534,638,56,4,189.05,756.2
1535,639,91,3,261.31,783.93
1536,639,29,3,225.18,675.54
1537,639,49,3,495.64,1486.92
1538,640,34,4,134.4,537.6
1539,640,26,3,182.69,548.07
1540,641,10,2,316.11,632.22
1541,641,8,1,301.86,301.86
1542,642,50,2,497.89,995.78
1543,642,75,4,385.83,1543.32
1544,642,8,5,301.86,1509.3
1545,642,82,3,369.1,1107.3
1546,643,2,4,152.12,608.48
1547,643,70,4,159.99,639.96
1548,643,92,1,332.79,332.79
1549,644,15,4,53.94,215.76
1550,644,35,5,410.32,2051.6
1551,644,43,3,22.62,67.86
1552,645,24,5,78.21,391.05
1553,645,58,3,20.84,62.52
1554,645,17,5,339.84,1699.2
1555,645,5,3,79.43,238.29
1556,646,32,1,108.18,108.18
1557,646,72,2,437.04,874.08
1558,646,20,5,86.94,434.7
1559,647,37,4,354.37,1417.48
1560,647,47,2,45.16,90.32
1561,648,20,1,86.94,86.94
1562,648,22,3,59.15,177.45
1563,649,33,2,384.16,768.32
1564,650,46,4,306.21,1224.84
1565,650,76,4,426.76,1707.04
1566,650,56,1,189.05,189.05
1567,651,53,3,493.72,1481.16
1568,651,58,5,20.84,104.2
1569,651,71,3,374.06,1122.18
1570,651,85,1,492.59,492.59
1571,652,47,2,45.16,90.32
1572,652,84,2,367.52,735.04
1573,653,38,5,317.16,1585.8
1574,653,37,5,354.37,1771.85
1575,654,31,1,169.22,169.22
1576,654,41,1,41.31,41.31
1577,654,27,3,38.1,114.3
1578,654,11,1,453.8,453.8
1579,655,73,1,387.14,387.14
1580,656,51,2,185.34,370.68
1581,656,72,4,437.04,1748.16
1582,657,94,2,241.54,483.08
1583,657,32,1,108.18,108.18
1584,658,83,5,238.96,1194.8
1585,658,64,1,142.89,142.89
1586,658,51,3,185.34,556.02
1587,659,63,4,94.39,377.56
1588,660,42,3,408.3,1224.9
1589,660,88,2,434.27,868.54
1590,660,42,3,408.3,1224.9
1591,661,99,2,494.94,989.88
1592,661,94,5,241.54,1207.7
1593,661,88,3,434.27,1302.81
1594,662,60,3,158.81,476.43
1595,662,46,1,306.21,306.21
1596,662,84,1,367.52,367.52
1597,663,52,4,111.57,446.28
1598,663,82,5,369.1,1845.5
1599,664,67,4,401.38,1605.52
1600,664,29,1,225.18,225.18
1601,664,89,3,27.6,82.8
1602,664,27,2,38.1,76.2
1603,665,80,3,451.49,1354.47
1604,665,48,4,424.68,1698.72
1605,666,19,2,180.91,361.82
1606,666,74,1,400.73,400.73
1607,666,67,2,401.38,802.76
1608,666,32,1,108.18,108.18
1609,667,83,5,238.96,1194.8
1610,667,43,4,22.62,90.48
1611,667,87,2,90.21,180.42
1612,668,96,1,305.97,305.97
1613,669,44,2,46.58,93.16
1614,669,29,2,225.18,450.36
1615,669,84,1,367.52,367.52
1616,669,98,3,173.14,519.42
1617,670,67,3,401.38,1204.14
1618,670,100,4,46.79,187.16
1619,670,90,3,214.08,642.24
1620,670,74,2,400.73,801.46
1621,671,32,5,108.18,540.9
1622,671,84,3,367.52,1102.56
1623,672,60,2,158.81,317.62
1624,673,13,3,30.46,91.38
1625,673,4,1,118.42,118.42
1626,673,43,3,22.62,67.86
1627,674,11,2,453.8,907.6
1628,675,40,2,390.15,780.3
1629,675,83,2,238.96,477.92
1630,675,98,3,173.14,519.42
1631,675,72,4,437.04,1748.16
1632,676,69,5,57.06,285.3
1633,676,63,5,94.39,471.95
1634,677,36,4,50.25,201.0
1635,677,17,2,339.84,679.68
1636,678,90,4,214.08,856.32
1637,678,79,3,141.3,423.9
1638,678,31,2,169.22,338.44
1639,678,70,1,159.99,159.99
1640,679,3,5,372.18,1860.9
1641,679,88,4,434.27,1737.08
1642,680,45,3,234.82,704.46
1643,681,62,3,466.1,1398.3
1644,681,46,1,306.21,306.21
1645,682,17,5,339.84,1699.2
1646,682,61,5,359.64,1798.2
1647,682,25,4,175.52,702.08
1648,683,22,4,59.15,236.6
1649,683,5,1,79.43,79.43
1650,683,82,4,369.1,1476.4
1651,684,72,5,437.04,2185.2
1652,684,8,2,301.86,603.72
1653,685,71,1,374.06,374.06
1654,685,38,3,317.16,951.48
1655,685,93,1,341.85,341.85
1656,685,87,4,90.21,360.84
1657,686,5,2,79.43,158.86
1658,686,44,5,46.58,232.9
1659,686,29,4,225.18,900.72
1660,687,91,4,261.31,1045.24
1661,687,21,5,397.21,1986.05
1662,687,31,2,169.22,338.44
1663,688,22,5,59.15,295.75
1664,689,52,5,111.57,557.85
1665,689,51,5,185.34,926.7
1666,690,51,5,185.34,926.7
1667,691,83,1,238.96,238.96
1668,691,76,3,426.76,1280.28
1669,692,79,4,141.3,565.2
1670,692,46,5,306.21,1531.05
1671,693,84,2,367.52,735.04
1672,693,20,5,86.94,434.7
1673,694,65,4,127.37,509.48
1674,695,72,1,437.04,437.04
1675,696,47,3,45.16,135.48
1676,696,8,3,301.86,905.58
1677,696,89,2,27.6,55.2
1678,696,14,4,355.43,1421.72
1679,697,92,5,332.79,1663.95
1680,697,99,4,494.94,1979.76
1681,697,99,1,494.94,494.94
1682,697,99,3,494.94,1484.82
1683,698,7,5,205.07,1025.35
1684,698,64,3,142.89,428.67
1685,698,65,3,127.37,382.11
1686,698,47,5,45.16,225.8
1687,699,61,3,359.64,1078.92
1688,699,22,4,59.15,236.6
1689,700,43,2,22.62,45.24
1690,700,53,3,493.72,1481.16
1691,700,80,3,451.49,1354.47
1692,700,55,5,329.8,1649.0
1693,701,100,3,46.79,140.37
1694,702,52,5,111.57,557.85
1695,702,65,2,127.37,254.74
1696,703,31,1,169.22,169.22
1697,703,38,3,317.16,951.48
1698,704,30,3,357.25,1071.75
1699,704,47,5,45.16,225.8
1700,705,4,2,118.42,236.84
1701,705,87,1,90.21,90.21
1702,705,73,1,387.14,387.14
1703,706,94,2,241.54,483.08
1704,706,63,4,94.39,377.56
1705,706,76,5,426.76,2133.8
1706,707,43,5,22.62,113.1
1707,707,49,2,495.64,991.28
1708,707,70,1,159.99,159.99
1709,707,11,5,453.8,2269.0
1710,708,91,3,261.31,783.93
1711,708,80,2,451.49,902.98
1712,708,44,5,46.58,232.9
1713,708,26,1,182.69,182.69
1714,709,6,1,142.79,142.79
1715,709,86,3,397.74,1193.22
1716,709,17,3,339.84,1019.52
1717,709,56,5,189.05,945.25
1718,710,83,3,238.96,716.88
1719,710,28,2,242.71,485.42
1720,711,31,5,169.22,846.1
1721,711,27,4,38.1,152.4
1722,711,33,1,384.16,384.16
1723,711,27,1,38.1,38.1
1724,712,42,5,408.3,2041.5
1725,712,89,5,27.6,138.0
1726,712,31,3,169.22,507.66
1727,713,67,5,401.38,2006.9
1728,713,27,2,38.1,76.2
1729,713,58,3,20.84,62.52
1730,713,34,3,134.4,403.2
1731,714,36,1,50.25,50.25
1732,714,16,5,472.23,2361.15
1733,715,79,5,141.3,706.5
1734,715,58,1,20.84,20.84
1735,715,69,4,57.06,228.24
1736,715,16,4,472.23,1888.92
1737,716,33,2,384.16,768.32
1738,717,90,2,214.08,428.16
1739,718,16,3,472.23,1416.69
1740,718,13,4,30.46,121.84
1741,718,20,1,86.94,86.94
1742,719,1,4,29.45,117.8
1743,719,22,2,59.15,118.3
1744,719,8,1,301.86,301.86
1745,720,81,1,35.95,35.95
1746,720,42,2,408.3,816.6
1747,720,100,2,46.79,93.58
1748,720,70,3,159.99,479.97
1749,721,3,4,372.18,1488.72
1750,722,82,1,369.1,369.1
1751,723,93,4,341.85,1367.4
1752,723,36,4,50.25,201.0
1753,723,14,3,355.43,1066.29
1754,723,68,4,32.27,129.08
1755,724,83,4,238.96,955.84
1756,725,51,1,185.34,185.34
1757,725,33,3,384.16,1152.48
1758,726,24,5,78.21,391.05
1759,727,72,3,437.04,1311.12
1760,727,89,4,27.6,110.4
1761,727,1,2,29.45,58.9
1762,728,29,2,225.18,450.36
1763,728,72,3,437.04,1311.12
1764,728,15,1,53.94,53.94
1765,729,77,5,128.87,644.35
1766,729,64,5,142.89,714.45
1767,729,42,3,408.3,1224.9
1768,730,19,4,180.91,723.64
1769,730,80,1,451.49,451.49
1770,731,59,2,355.95,711.9
1771,732,52,5,111.57,557.85
1772,732,31,4,169.22,676.88
1773,732,53,3,493.72,1481.16
1774,732,37,1,354.37,354.37
1775,733,64,1,142.89,142.89
1776,733,38,5,317.16,1585.8
1777,733,43,1,22.62,22.62
1778,734,14,4,355.43,1421.72
1779,735,19,1,180.91,180.91
1780,736,13,2,30.46,60.92
1781,736,55,3,329.8,989.4
1782,736,35,5,410.32,2051.6
1783,737,42,1,408.3,408.3
1784,737,20,2,86.94,173.88
1785,737,42,5,408.3,2041.5
1786,738,3,3,372.18,1116.54
1787,739,78,3,270.01,810.03
1788,739,18,2,45.04,90.08
1789,739,56,3,189.05,567.15
1790,739,79,2,141.3,282.6
1791,740,37,3,354.37,1063.11
1792,740,97,3,384.42,1153.26
1793,740,24,5,78.21,391.05
1794,740,39,2,284.11,568.22
1795,741,39,5,284.11,1420.55
1796,741,56,3,189.05,567.15
1797,742,60,4,158.81,635.24
1798,743,53,5,493.72,2468.6
1799,743,77,4,128.87,515.48
1800,743,31,4,169.22,676.88
1801,743,71,5,374.06,1870.3
1802,744,21,4,397.21,1588.84
1803,744,70,2,159.99,319.98
1804,744,34,3,134.4,403.2
1805,745,73,2,387.14,774.28
1806,745,100,2,46.79,93.58
1807,745,47,1,45.16,45.16
1808,746,6,5,142.79,713.95
1809,746,8,2,301.86,603.72
1810,746,45,3,234.82,704.46
1811,747,39,1,284.11,284.11
1812,747,31,5,169.22,846.1
1813,747,83,2,238.96,477.92
1814,748,64,5,142.89,714.45
1815,748,97,2,384.42,768.84
1816,748,47,1,45.16,45.16
1817,748,62,4,466.1,1864.4
1818,749,66,1,379.64,379.64
1819,750,11,4,453.8,1815.2
1820,751,84,1,367.52,367.52
1821,751,74,4,400.73,1602.92
1822,751,43,5,22.62,113.1
1823,751,26,3,182.69,548.07
1824,752,67,1,401.38,401.38
1825,752,77,3,128.87,386.61
1826,753,27,4,38.1,152.4
1827,754,23,4,226.38,905.52
1828,754,35,3,410.32,1230.96
1829,754,34,4,134.4,537.6
1830,755,67,4,401.38,1605.52
1831,755,58,1,20.84,20.84
1832,756,91,5,261.31,1306.55
1833,756,84,5,367.52,1837.6
1834,756,4,4,118.42,473.68
1835,756,8,2,301.86,603.72
1836,757,19,2,180.91,361.82
1837,757,30,3,357.25,1071.75
1838,757,31,2,169.22,338.44
1839,758,41,1,41.31,41.31
1840,758,35,2,410.32,820.64
1841,758,27,4,38.1,152.4
1842,759,99,2,494.94,989.88
1843,759,50,1,497.89,497.89
1844,759,67,4,401.38,1605.52
1845,760,14,4,355.43,1421.72
1846,761,58,2,20.84,41.68
1847,761,48,4,424.68,1698.72
1848,762,27,2,38.1,76.2
1849,762,88,3,434.27,1302.81
1850,763,65,4,127.37,509.48
1851,764,22,4,59.15,236.6
1852,764,47,2,45.16,90.32
1853,765,22,5,59.15,295.75
1854,765,47,2,45.16,90.32
1855,765,13,3,30.46,91.38
1856,766,96,1,305.97,305.97
1857,766,53,1,493.72,493.72
1858,767,76,3,426.76,1280.28
1859,767,34,2,134.4,268.8
1860,767,63,2,94.39,188.78
1861,768,4,5,118.42,592.1
1862,769,76,5,426.76,2133.8
1863,769,30,4,357.25,1429.0
1864,770,66,4,379.64,1518.56
1865,770,86,5,397.74,1988.7
1866,770,100,1,46.79,46.79
1867,771,96,1,305.97,305.97
1868,771,17,3,339.84,1019.52
1869,771,12,1,70.96,70.96
1870,772,93,5,341.85,1709.25
1871,772,61,1,359.64,359.64
1872,772,56,1,189.05,189.05
1873,773,20,1,86.94,86.94
1874,773,55,1,329.8,329.8
1875,773,12,2,70.96,141.92
1876,773,30,5,357.25,1786.25
1877,774,62,3,466.1,1398.3
1878,775,94,1,241.54,241.54
1879,775,30,2,357.25,714.5
1880,775,78,2,270.01,540.02
1881,776,17,5,339.84,1699.2
1882,776,66,4,379.64,1518.56
1883,776,79,5,141.3,706.5
1884,776,56,5,189.05,945.25
1885,777,94,2,241.54,483.08
1886,777,23,4,226.38,905.52
1887,778,98,5,173.14,865.7
1888,779,58,5,20.84,104.2
1889,779,17,4,339.84,1359.36
1890,780,21,4,397.21,1588.84
1891,780,13,4,30.46,121.84
1892,781,66,1,379.64,379.64
1893,781,73,2,387.14,774.28
1894,781,8,4,301.86,1207.44
1895,782,42,1,408.3,408.3
1896,783,74,1,400.73,400.73
1897,783,62,3,466.1,1398.3
1898,783,90,2,214.08,428.16
1899,783,23,5,226.38,1131.9
1900,784,81,1,35.95,35.95
1901,785,45,4,234.82,939.28
1902,786,41,2,41.31,82.62
1903,786,17,4,339.84,1359.36
1904,786,5,4,79.43,317.72
1905,787,42,3,408.3,1224.9
1906,787,24,5,78.21,391.05
1907,787,20,5,86.94,434.7
1908,788,58,1,20.84,20.84
1909,788,33,1,384.16,384.16
1910,788,91,2,261.31,522.62
1911,789,52,4,111.57,446.28
1912,789,19,3,180.91,542.73
1913,789,76,1,426.76,426.76
1914,789,2,2,152.12,304.24
1915,790,86,3,397.74,1193.22
1916,790,64,5,142.89,714.45
1917,790,39,1,284.11,284.11
1918,791,94,2,241.54,483.08
1919,792,32,4,108.18,432.72
1920,792,8,3,301.86,905.58
1921,792,13,5,30.46,152.3
1922,793,88,4,434.27,1737.08
1923,793,2,4,152.12,608.48
1924,793,69,2,57.06,114.12
1925,794,100,5,46.79,233.95
1926,794,86,2,397.74,795.48
1927,795,49,5,495.64,2478.2
1928,796,82,4,369.1,1476.4
1929,796,67,3,401.38,1204.14
1930,797,29,2,225.18,450.36
1931,798,37,5,354.37,1771.85
1932,798,10,5,316.11,1580.55
1933,799,1,5,29.45,147.25
1934,799,94,5,241.54,1207.7
1935,799,7,3,205.07,615.21
1936,799,8,1,301.86,301.86
1937,800,65,3,127.37,382.11
1938,800,39,1,284.11,284.11
1939,800,82,5,369.1,1845.5
1940,800,72,2,437.04,874.08
1941,801,67,4,401.38,1605.52
1942,802,82,1,369.1,369.1
1943,802,9,1,78.57,78.57
1944,803,79,5,141.3,706.5
1945,804,69,2,57.06,114.12
1946,805,64,2,142.89,285.78
1947,806,81,3,35.95,107.85
1948,806,49,2,495.64,991.28
1949,806,75,5,385.83,1929.15
1950,807,34,5,134.4,672.0
1951,807,89,2,27.6,55.2
1952,808,76,5,426.76,2133.8
1953,808,38,2,317.16,634.32
1954,808,34,3,134.4,403.2
1955,808,45,5,234.82,1174.1
1956,809,6,4,142.79,571.16
1957,809,90,3,214.08,642.24
1958,809,98,2,173.14,346.28
1959,809,94,1,241.54,241.54
1960,810,86,4,397.74,1590.96
1961,810,31,5,169.22,846.1
1962,811,26,2,182.69,365.38
1963,811,32,3,108.18,324.54
1964,811,33,4,384.16,1536.64
1965,811,88,3,434.27,1302.81
1966,812,52,1,111.57,111.57
1967,812,10,1,316.11,316.11
1968,813,20,5,86.94,434.7
1969,813,62,1,466.1,466.1
1970,813,79,3,141.3,423.9
1971,814,25,2,175.52,351.04
1972,814,54,3,118.02,354.06
1973,815,46,1,306.21,306.21
1974,816,90,4,214.08,856.32
1975,817,28,4,242.71,970.84
1976,817,37,2,354.37,708.74
1977,817,91,1,261.31,261.31
1978,818,37,2,354.37,708.74
1979,818,16,1,472.23,472.23
1980,818,3,3,372.18,1116.54
1981,818,46,1,306.21,306.21
1982,819,55,3,329.8,989.4
1983,819,88,2,434.27,868.54
1984,819,83,1,238.96,238.96
1985,819,61,5,359.64,1798.2
1986,820,69,5,57.06,285.3
1987,820,54,4,118.02,472.08
1988,820,92,1,332.79,332.79
1989,821,5,3,79.43,238.29
1990,821,19,5,180.91,904.55
1991,821,4,3,118.42,355.26
1992,822,18,4,45.04,180.16
1993,822,47,4,45.16,180.64
1994,823,10,5,316.11,1580.55
1995,823,76,1,426.76,426.76
1996,824,7,2,205.07,410.14
1997,824,26,5,182.69,913.45
1998,825,79,4,141.3,565.2
1999,825,39,4,284.11,1136.44
2000,825,88,5,434.27,2171.35
2001,825,56,3,189.05,567.15
2002,826,48,5,424.68,2123.4
2003,826,92,1,332.79,332.79
2004,826,51,3,185.34,556.02
2005,827,23,5,226.38,1131.9
2006,827,61,3,359.64,1078.92
2007,827,82,3,369.1,1107.3
2008,828,88,4,434.27,1737.08
2009,829,7,5,205.07,1025.35
2010,830,61,4,359.64,1438.56
2011,830,47,1,45.16,45.16
2012,830,53,1,493.72,493.72
2013,831,58,4,20.84,83.36
2014,831,96,5,305.97,1529.85
2015,831,94,1,241.54,241.54
2016,831,44,2,46.58,93.16
2017,832,31,5,169.22,846.1
2018,832,54,5,118.02,590.1
2019,832,27,5,38.1,190.5
2020,832,17,5,339.84,1699.2
2021,833,18,1,45.04,45.04
2022,833,61,2,359.64,719.28
2023,833,57,1,225.85,225.85
2024,834,14,1,355.43,355.43
2025,835,92,4,332.79,1331.16
2026,836,94,5,241.54,1207.7
2027,836,92,2,332.79,665.58
2028,837,10,1,316.11,316.11
2029,838,43,3,22.62,67.86
2030,838,66,1,379.64,379.64
2031,838,3,5,372.18,1860.9
2032,839,14,2,355.43,710.86
2033,839,24,3,78.21,234.63
2034,839,60,1,158.81,158.81
2035,840,61,5,359.64,1798.2
2036,840,29,3,225.18,675.54
2037,841,63,4,94.39,377.56
2038,841,19,2,180.91,361.82
2039,841,36,2,50.25,100.5
2040,842,54,1,118.02,118.02
2041,842,51,4,185.34,741.36
2042,843,21,5,397.21,1986.05
2043,843,56,3,189.05,567.15
2044,843,28,3,242.71,728.13
2045,844,26,5,182.69,913.45
2046,844,56,5,189.05,945.25
2047,845,38,1,317.16,317.16
2048,845,92,5,332.79,1663.95
2049,845,35,4,410.32,1641.28
2050,846,60,4,158.81,635.24
2051,846,87,3,90.21,270.63
2052,846,34,1,134.4,134.4
2053,846,48,2,424.68,849.36
2054,847,53,2,493.72,987.44
2055,847,84,1,367.52,367.52
2056,847,20,2,86.94,173.88
2057,848,89,3,27.6,82.8
2058,849,54,1,118.02,118.02
2059,849,24,2,78.21,156.42
2060,849,32,4,108.18,432.72
2061,850,13,2,30.46,60.92
2062,851,81,5,35.95,179.75
2063,851,55,5,329.8,1649.0
2064,851,78,5,270.01,1350.05
2065,852,41,3,41.31,123.93
2066,853,57,1,225.85,225.85
2067,853,31,1,169.22,169.22
2068,853,60,1,158.81,158.81
2069,853,45,1,234.82,234.82
2070,854,72,4,437.04,1748.16
2071,854,81,2,35.95,71.9
2072,855,97,5,384.42,1922.1
2073,855,27,4,38.1,152.4
2074,855,26,4,182.69,730.76
2075,855,20,4,86.94,347.76
2076,856,9,4,78.57,314.28
2077,856,52,4,111.57,446.28
2078,857,77,4,128.87,515.48
2079,857,75,1,385.83,385.83
2080,858,17,3,339.84,1019.52
2081,859,57,1,225.85,225.85
2082,859,49,1,495.64,495.64
2083,860,95,3,221.84,665.52
2084,861,52,3,111.57,334.71
2085,862,98,1,173.14,173.14
2086,862,28,4,242.71,970.84
2087,863,9,4,78.57,314.28
2088,863,45,4,234.82,939.28
2089,863,77,1,128.87,128.87
2090,864,34,1,134.4,134.4
2091,864,16,3,472.23,1416.69
2092,864,66,4,379.64,1518.56
2093,865,21,5,397.21,1986.05
2094,865,38,2,317.16,634.32
2095,865,73,4,387.14,1548.56
2096,865,36,2,50.25,100.5
2097,866,48,1,424.68,424.68
2098,866,99,2,494.94,989.88
2099,866,13,1,30.46,30.46
2100,867,51,5,185.34,926.7
2101,867,83,1,238.96,238.96
2102,867,60,1,158.81,158.81
2103,868,88,3,434.27,1302.81
2104,869,49,3,495.64,1486.92
2105,869,19,2,180.91,361.82
2106,869,38,2,317.16,634.32
2107,870,82,2,369.1,738.2
2108,870,19,2,180.91,361.82
2109,870,76,3,426.76,1280.28
2110,871,30,2,357.25,714.5
2111,871,36,4,50.25,201.0
2112,871,24,3,78.21,234.63
2113,871,85,2,492.59,985.18
2114,872,54,1,118.02,118.02
2115,872,89,4,27.6,110.4
2116,872,3,4,372.18,1488.72
2117,873,24,4,78.21,312.84
2118,873,13,4,30.46,121.84
2119,874,48,5,424.68,2123.4
2120,875,73,4,387.14,1548.56
2121,875,90,1,214.08,214.08
2122,875,74,5,400.73,2003.65
2123,875,20,1,86.94,86.94
2124,876,44,4,46.58,186.32
2125,877,91,5,261.31,1306.55
2126,878,26,2,182.69,365.38
2127,878,76,1,426.76,426.76
2128,878,25,5,175.52,877.6
2129,878,12,1,70.96,70.96
2130,879,29,1,225.18,225.18
2131,879,37,2,354.37,708.74
2132,879,97,5,384.42,1922.1
2133,880,4,5,118.42,592.1
2134,880,59,2,355.95,711.9
2135,881,6,4,142.79,571.16
2136,882,57,2,225.85,451.7
2137,882,34,4,134.4,537.6
2138,882,95,1,221.84,221.84
2139,883,83,3,238.96,716.88
2140,883,69,2,57.06,114.12
2141,883,38,3,317.16,951.48
2142,884,47,3,45.16,135.48
2143,884,37,4,354.37,1417.48
2144,884,96,1,305.97,305.97
2145,884,94,2,241.54,483.08
2146,885,47,2,45.16,90.32
2147,885,43,5,22.62,113.1
2148,886,32,4,108.18,432.72
2149,887,81,4,35.95,143.8
2150,887,58,4,20.84,83.36
2151,887,1,1,29.45,29.45
2152,887,92,2,332.79,665.58
2153,888,20,1,86.94,86.94
2154,889,67,4,401.38,1605.52
2155,889,39,4,284.11,1136.44
2156,889,1,3,29.45,88.35
2157,889,93,5,341.85,1709.25
2158,890,69,3,57.06,171.18
2159,890,89,3,27.6,82.8
2160,890,77,2,128.87,257.74
2161,890,32,2,108.18,216.36
2162,891,3,2,372.18,744.36
2163,891,3,1,372.18,372.18
2164,891,95,2,221.84,443.68
2165,892,38,3,317.16,951.48
2166,892,12,2,70.96,141.92
2167,893,82,4,369.1,1476.4
2168,893,100,5,46.79,233.95
2169,894,10,4,316.11,1264.44
2170,894,80,5,451.49,2257.45
2171,894,67,2,401.38,802.76
2172,894,69,4,57.06,228.24
2173,895,61,1,359.64,359.64
2174,895,36,3,50.25,150.75
2175,895,68,1,32.27,32.27
2176,896,41,4,41.31,165.24
2177,896,10,2,316.11,632.22
2178,896,70,1,159.99,159.99
2179,896,78,1,270.01,270.01
2180,897,18,2,45.04,90.08
2181,898,1,2,29.45,58.9
2182,898,65,4,127.37,509.48
2183,898,87,1,90.21,90.21
2184,899,99,2,494.94,989.88
2185,899,28,1,242.71,242.71
2186,900,79,1,141.3,141.3
2187,901,40,1,390.15,390.15
2188,901,8,1,301.86,301.86
2189,901,21,4,397.21,1588.84
2190,902,46,1,306.21,306.21
2191,903,16,5,472.23,2361.15
2192,903,54,3,118.02,354.06
2193,903,66,3,379.64,1138.92
2194,904,95,4,221.84,887.36
2195,904,85,1,492.59,492.59
2196,904,30,1,357.25,357.25
2197,905,13,5,30.46,152.3
2198,905,14,3,355.43,1066.29
2199,906,59,5,355.95,1779.75
2200,906,45,3,234.82,704.46
2201,907,11,2,453.8,907.6
2202,907,10,3,316.11,948.33
2203,908,48,3,424.68,1274.04
2204,908,20,4,86.94,347.76
2205,908,72,1,437.04,437.04
2206,908,92,2,332.79,665.58
2207,909,87,1,90.21,90.21
2208,909,81,2,35.95,71.9
2209,909,100,3,46.79,140.37
2210,910,47,2,45.16,90.32
2211,910,42,3,408.3,1224.9
2212,910,68,2,32.27,64.54
2213,911,83,2,238.96,477.92
2214,912,28,2,242.71,485.42
2215,912,44,4,46.58,186.32
2216,913,69,1,57.06,57.06
2217,913,92,1,332.79,332.79
2218,914,17,4,339.84,1359.36
2219,914,6,5,142.79,713.95
2220,915,28,4,242.71,970.84
2221,915,69,3,57.06,171.18
2222,916,28,5,242.71,1213.55
2223,916,70,5,159.99,799.95
2224,916,26,4,182.69,730.76
2225,916,70,1,159.99,159.99
2226,917,1,3,29.45,88.35
2227,917,38,5,317.16,1585.8
2228,917,24,2,78.21,156.42
2229,917,27,3,38.1,114.3
2230,918,9,3,78.57,235.71
2231,918,100,4,46.79,187.16
2232,919,3,1,372.18,372.18
2233,920,65,5,127.37,636.85
2234,920,17,4,339.84,1359.36
2235,921,39,2,284.11,568.22
2236,921,52,1,111.57,111.57
2237,921,95,1,221.84,221.84
2238,922,25,1,175.52,175.52
2239,922,32,5,108.18,540.9
2240,922,13,3,30.46,91.38
2241,923,88,4,434.27,1737.08
2242,923,31,2,169.22,338.44
2243,924,82,5,369.1,1845.5
2244,924,23,3,226.38,679.14
2245,925,44,5,46.58,232.9
2246,926,75,4,385.83,1543.32
2247,927,11,5,453.8,2269.0
2248,928,58,4,20.84,83.36
2249,929,54,2,118.02,236.04
2250,929,74,5,400.73,2003.65
2251,930,63,4,94.39,377.56
2252,930,13,4,30.46,121.84
2253,931,65,5,127.37,636.85
2254,931,59,2,355.95,711.9
2255,931,91,1,261.31,261.31
2256,932,93,5,341.85,1709.25
2257,932,62,2,466.1,932.2
2258,932,56,3,189.05,567.15
2259,932,12,1,70.96,70.96
2260,933,14,2,355.43,710.86
2261,934,10,5,316.11,1580.55
2262,935,11,1,453.8,453.8
2263,936,99,4,494.94,1979.76
2264,936,89,4,27.6,110.4
2265,937,80,2,451.49,902.98
2266,937,15,5,53.94,269.7
2267,937,25,3,175.52,526.56
2268,938,13,1,30.46,30.46
2269,939,91,3,261.31,783.93
2270,940,61,5,359.64,1798.2
2271,940,38,2,317.16,634.32
2272,941,7,5,205.07,1025.35
2273,941,79,5,141.3,706.5
2274,941,57,1,225.85,225.85
2275,942,33,1,384.16,384.16
2276,942,5,5,79.43,397.15
2277,942,95,3,221.84,665.52
2278,942,39,4,284.11,1136.44
2279,943,55,3,329.8,989.4
2280,944,57,2,225.85,451.7
2281,945,55,5,329.8,1649.0
2282,945,88,1,434.27,434.27
2283,945,67,2,401.38,802.76
2284,945,31,4,169.22,676.88
2285,946,56,2,189.05,378.1
2286,947,84,5,367.52,1837.6
2287,948,53,1,493.72,493.72
2288,948,2,3,152.12,456.36
2289,948,74,2,400.73,801.46
2290,949,11,5,453.8,2269.0
2291,949,98,2,173.14,346.28
2292,950,42,1,408.3,408.3
2293,950,32,1,108.18,108.18
2294,950,50,5,497.89,2489.45
2295,951,100,3,46.79,140.37
2296,951,94,3,241.54,724.62
2297,951,11,3,453.8,1361.4
2298,952,42,2,408.3,816.6
2299,952,51,2,185.34,370.68
2300,953,69,2,57.06,114.12
2301,953,26,4,182.69,730.76
2302,953,65,2,127.37,254.74
2303,954,42,2,408.3,816.6
2304,954,74,3,400.73,1202.19
2305,955,95,1,221.84,221.84
2306,955,46,5,306.21,1531.05
2307,955,14,1,355.43,355.43
2308,955,29,4,225.18,900.72
2309,956,48,5,424.68,2123.4
2310,956,22,4,59.15,236.6
2311,956,21,5,397.21,1986.05
2312,956,23,5,226.38,1131.9
2313,957,29,1,225.18,225.18
2314,957,78,5,270.01,1350.05
2315,958,96,2,305.97,611.94
2316,959,19,4,180.91,723.64
2317,960,49,4,495.64,1982.56
2318,960,54,3,118.02,354.06
2319,960,8,1,301.86,301.86
2320,960,41,4,41.31,165.24
2321,961,47,1,45.16,45.16
2322,961,65,2,127.37,254.74
2323,961,36,3,50.25,150.75
2324,962,50,4,497.89,1991.56
2325,962,64,4,142.89,571.56
2326,963,94,4,241.54,966.16
2327,963,36,4,50.25,201.0
2328,963,90,5,214.08,1070.4
2329,963,44,1,46.58,46.58
2330,964,84,5,367.52,1837.6
2331,965,60,1,158.81,158.81
2332,965,66,3,379.64,1138.92
2333,966,71,2,374.06,748.12
2334,967,83,5,238.96,1194.8
2335,967,100,1,46.79,46.79
2336,968,68,4,32.27,129.08
2337,968,54,3,118.02,354.06
2338,968,14,5,355.43,1777.15
2339,968,31,4,169.22,676.88
2340,969,75,1,385.83,385.83
2341,970,39,2,284.11,568.22
2342,971,14,5,355.43,1777.15
2343,971,77,2,128.87,257.74
2344,971,14,4,355.43,1421.72
2345,971,84,3,367.52,1102.56
2346,972,75,3,385.83,1157.49
2347,972,65,3,127.37,382.11
2348,972,30,3,357.25,1071.75
2349,973,9,5,78.57,392.85
2350,974,2,1,152.12,152.12
2351,974,74,2,400.73,801.46
2352,974,69,2,57.06,114.12
2353,975,71,2,374.06,748.12
2354,976,5,4,79.43,317.72
2355,976,80,1,451.49,451.49
2356,977,47,2,45.16,90.32
2357,977,74,4,400.73,1602.92
2358,977,76,2,426.76,853.52
2359,978,99,4,494.94,1979.76
2360,979,43,3,22.62,67.86
2361,980,60,4,158.81,635.24
2362,980,92,5,332.79,1663.95
2363,980,91,4,261.31,1045.24
2364,980,46,5,306.21,1531.05
2365,981,11,3,453.8,1361.4
2366,981,62,3,466.1,1398.3
2367,981,46,4,306.21,1224.84
2368,982,43,3,22.62,67.86
2369,983,98,3,173.14,519.42
2370,983,91,5,261.31,1306.55
2371,983,65,3,127.37,382.11
2372,984,96,4,305.97,1223.88
2373,984,31,4,169.22,676.88
2374,985,49,3,495.64,1486.92
2375,985,89,1,27.6,27.6
2376,986,94,5,241.54,1207.7
2377,986,2,5,152.12,760.6
2378,987,99,1,494.94,494.94
2379,987,34,1,134.4,134.4
2380,988,42,2,408.3,816.6
2381,989,16,2,472.23,944.46
2382,990,3,1,372.18,372.18
2383,990,51,5,185.34,926.7
2384,990,69,3,57.06,171.18
2385,990,95,5,221.84,1109.2
2386,991,70,2,159.99,319.98
2387,991,95,4,221.84,887.36
2388,991,50,2,497.89,995.78
2389,992,1,2,29.45,58.9
2390,992,41,5,41.31,206.55
2391,992,15,3,53.94,161.82
2392,993,71,2,374.06,748.12
2393,993,5,5,79.43,397.15
2394,994,51,2,185.34,370.68
2395,994,84,4,367.52,1470.08
2396,994,38,4,317.16,1268.64
2397,995,32,1,108.18,108.18
2398,995,28,4,242.71,970.84
2399,995,25,1,175.52,175.52
2400,996,12,2,70.96,141.92
2401,996,77,2,128.87,257.74
2402,997,50,3,497.89,1493.67
2403,998,85,4,492.59,1970.36
2404,998,24,2,78.21,156.42
2405,999,71,4,374.06,1496.24
2406,999,1,1,29.45,29.45
2407,1000,46,4,306.21,1224.84
2408,1000,68,3,32.27,96.81
2409,1000,54,2,118.02,236.04
2410,1000,30,2,357.25,714.5
2411,1001,28,5,242.71,1213.55
2412,1001,57,1,225.85,225.85
2413,1002,22,1,59.15,59.15
2414,1002,45,5,234.82,1174.1
2415,1002,31,5,169.22,846.1
2416,1002,65,5,127.37,636.85
2417,1003,98,2,173.14,346.28
2418,1003,19,3,180.91,542.73
2419,1003,12,5,70.96,354.8
2420,1004,64,5,142.89,714.45
2421,1004,80,5,451.49,2257.45
2422,1005,45,5,234.82,1174.1
2423,1005,12,5,70.96,354.8
2424,1005,19,1,180.91,180.91
2425,1005,39,5,284.11,1420.55
2426,1006,2,4,152.12,608.48
2427,1006,100,2,46.79,93.58
2428,1006,47,5,45.16,225.8
2429,1006,42,4,408.3,1633.2
2430,1007,34,5,134.4,672.0
2431,1007,34,5,134.4,672.0
2432,1007,100,2,46.79,93.58
2433,1007,7,3,205.07,615.21
2434,1008,5,2,79.43,158.86
2435,1009,27,2,38.1,76.2
2436,1009,54,5,118.02,590.1
2437,1010,44,3,46.58,139.74
2438,1011,59,4,355.95,1423.8
2439,1011,91,3,261.31,783.93
2440,1011,38,4,317.16,1268.64
2441,1011,94,1,241.54,241.54
2442,1012,11,3,453.8,1361.4
2443,1013,20,5,86.94,434.7
2444,1014,32,2,108.18,216.36
2445,1014,36,1,50.25,50.25
2446,1015,74,3,400.73,1202.19
2447,1015,5,2,79.43,158.86
2448,1016,92,1,332.79,332.79
2449,1017,94,3,241.54,724.62
2450,1017,99,1,494.94,494.94
2451,1017,82,4,369.1,1476.4
2452,1018,58,3,20.84,62.52
2453,1018,23,5,226.38,1131.9
2454,1018,4,4,118.42,473.68
2455,1019,25,4,175.52,702.08
2456,1020,36,4,50.25,201.0
2457,1021,38,2,317.16,634.32
2458,1021,51,5,185.34,926.7
2459,1021,72,5,437.04,2185.2
2460,1022,94,1,241.54,241.54
2461,1022,87,3,90.21,270.63
2462,1022,43,2,22.62,45.24
2463,1022,49,3,495.64,1486.92
2464,1023,53,4,493.72,1974.88
2465,1023,32,1,108.18,108.18
2466,1023,12,4,70.96,283.84
2467,1023,17,5,339.84,1699.2
2468,1024,61,2,359.64,719.28
2469,1024,83,2,238.96,477.92
2470,1024,25,1,175.52,175.52
2471,1024,86,4,397.74,1590.96
2472,1025,94,5,241.54,1207.7
2473,1025,73,5,387.14,1935.7
2474,1025,51,2,185.34,370.68
2475,1025,20,3,86.94,260.82
2476,1026,64,3,142.89,428.67
2477,1026,43,5,22.62,113.1
2478,1026,46,4,306.21,1224.84
2479,1027,23,1,226.38,226.38
2480,1027,53,3,493.72,1481.16
2481,1027,98,5,173.14,865.7
2482,1028,47,4,45.16,180.64
2483,1028,41,1,41.31,41.31
2484,1029,21,3,397.21,1191.63
2485,1030,61,4,359.64,1438.56
2486,1030,96,3,305.97,917.91
2487,1030,98,1,173.14,173.14
2488,1031,87,4,90.21,360.84
2489,1031,21,4,397.21,1588.84
2490,1032,59,5,355.95,1779.75
2491,1032,76,1,426.76,426.76
2492,1033,82,3,369.1,1107.3
2493,1033,37,1,354.37,354.37
2494,1033,47,1,45.16,45.16
2495,1034,62,3,466.1,1398.3
2496,1034,18,4,45.04,180.16
2497,1034,76,2,426.76,853.52
2498,1034,27,5,38.1,190.5
2499,1035,68,1,32.27,32.27
2500,1036,57,4,225.85,903.4
2501,1036,61,4,359.64,1438.56
2502,1037,60,1,158.81,158.81
2503,1037,47,4,45.16,180.64
2504,1038,32,2,108.18,216.36
2505,1038,15,3,53.94,161.82
2506,1038,89,5,27.6,138.0
2507,1039,59,5,355.95,1779.75
2508,1039,49,2,495.64,991.28
2509,1039,78,5,270.01,1350.05
2510,1039,14,2,355.43,710.86
2511,1040,55,5,329.8,1649.0
2512,1041,56,3,189.05,567.15
2513,1041,75,4,385.83,1543.32
2514,1041,7,5,205.07,1025.35
2515,1042,30,5,357.25,1786.25
2516,1042,92,1,332.79,332.79
2517,1043,65,1,127.37,127.37
2518,1043,25,2,175.52,351.04
2519,1043,75,1,385.83,385.83
2520,1043,51,5,185.34,926.7
2521,1044,6,1,142.79,142.79
2522,1044,15,4,53.94,215.76
2523,1045,76,3,426.76,1280.28
2524,1045,45,5,234.82,1174.1
2525,1045,31,2,169.22,338.44
2526,1045,48,1,424.68,424.68
2527,1046,18,4,45.04,180.16
2528,1046,47,2,45.16,90.32
2529,1047,10,3,316.11,948.33
2530,1047,35,4,410.32,1641.28
2531,1047,12,3,70.96,212.88
2532,1047,84,4,367.52,1470.08
2533,1048,12,1,70.96,70.96
2534,1048,7,4,205.07,820.28
2535,1048,2,2,152.12,304.24
2536,1049,93,4,341.85,1367.4
2537,1049,95,1,221.84,221.84
2538,1049,41,2,41.31,82.62
2539,1050,78,4,270.01,1080.04
2540,1050,67,3,401.38,1204.14
2541,1051,13,4,30.46,121.84
2542,1052,36,2,50.25,100.5
2543,1052,61,4,359.64,1438.56
2544,1052,70,1,159.99,159.99
2545,1053,76,3,426.76,1280.28
2546,1054,67,2,401.38,802.76
2547,1054,70,1,159.99,159.99
2548,1055,78,3,270.01,810.03
2549,1055,40,2,390.15,780.3
2550,1056,92,1,332.79,332.79
2551,1056,15,5,53.94,269.7
2552,1057,39,5,284.11,1420.55
2553,1058,92,4,332.79,1331.16
2554,1059,4,5,118.42,592.1
2555,1060,7,2,205.07,410.14
2556,1060,37,3,354.37,1063.11
2557,1060,56,3,189.05,567.15
2558,1060,83,2,238.96,477.92
2559,1061,35,2,410.32,820.64
2560,1061,95,3,221.84,665.52
2561,1061,63,5,94.39,471.95
2562,1062,10,1,316.11,316.11
2563,1062,14,2,355.43,710.86
2564,1063,47,5,45.16,225.8
2565,1064,6,4,142.79,571.16
2566,1064,39,3,284.11,852.33
2567,1064,48,1,424.68,424.68
2568,1065,3,4,372.18,1488.72
2569,1065,4,4,118.42,473.68
2570,1066,13,2,30.46,60.92
2571,1066,28,3,242.71,728.13
2572,1066,20,2,86.94,173.88
2573,1067,6,2,142.79,285.58
2574,1067,82,1,369.1,369.1
2575,1067,77,4,128.87,515.48
2576,1067,89,3,27.6,82.8
2577,1068,35,5,410.32,2051.6
2578,1068,73,2,387.14,774.28
2579,1068,57,4,225.85,903.4
2580,1069,88,4,434.27,1737.08
2581,1069,23,2,226.38,452.76
2582,1070,21,1,397.21,397.21
2583,1070,40,5,390.15,1950.75
2584,1070,41,4,41.31,165.24
2585,1070,71,1,374.06,374.06
2586,1071,18,4,45.04,180.16
2587,1071,7,4,205.07,820.28
2588,1071,76,2,426.76,853.52
2589,1071,7,3,205.07,615.21
2590,1072,15,1,53.94,53.94
2591,1072,23,2,226.38,452.76
2592,1072,79,1,141.3,141.3
2593,1072,68,3,32.27,96.81
2594,1073,21,5,397.21,1986.05
2595,1073,55,3,329.8,989.4
2596,1073,54,4,118.02,472.08
2597,1074,46,4,306.21,1224.84
2598,1074,80,2,451.49,902.98
2599,1074,91,5,261.31,1306.55
2600,1075,50,3,497.89,1493.67
2601,1075,6,3,142.79,428.37
2602,1075,46,1,306.21,306.21
2603,1075,90,5,214.08,1070.4
2604,1076,94,5,241.54,1207.7
2605,1076,53,2,493.72,987.44
2606,1076,77,5,128.87,644.35
2607,1077,29,4,225.18,900.72
2608,1077,85,2,492.59,985.18
2609,1077,84,3,367.52,1102.56
2610,1078,56,3,189.05,567.15
2611,1078,14,2,355.43,710.86
2612,1078,50,5,497.89,2489.45
2613,1079,33,4,384.16,1536.64
2614,1079,9,1,78.57,78.57
2615,1079,79,2,141.3,282.6
2616,1079,31,3,169.22,507.66
2617,1080,78,3,270.01,810.03
2618,1080,36,4,50.25,201.0
2619,1081,82,4,369.1,1476.4
2620,1081,90,5,214.08,1070.4
2621,1081,54,5,118.02,590.1
2622,1082,8,5,301.86,1509.3
2623,1082,11,3,453.8,1361.4
2624,1082,32,5,108.18,540.9
2625,1083,62,4,466.1,1864.4
2626,1083,10,2,316.11,632.22
2627,1084,99,5,494.94,2474.7
2628,1084,81,3,35.95,107.85
2629,1084,62,2,466.1,932.2
2630,1084,97,1,384.42,384.42
2631,1085,57,5,225.85,1129.25
2632,1085,59,5,355.95,1779.75
2633,1085,81,3,35.95,107.85
2634,1085,75,2,385.83,771.66
2635,1086,74,3,400.73,1202.19
2636,1086,74,5,400.73,2003.65
2637,1086,100,3,46.79,140.37
2638,1086,1,5,29.45,147.25
2639,1087,86,3,397.74,1193.22
2640,1087,19,1,180.91,180.91
2641,1087,31,4,169.22,676.88
2642,1088,82,5,369.1,1845.5
2643,1088,60,4,158.81,635.24
2644,1089,31,4,169.22,676.88
2645,1089,43,2,22.62,45.24
2646,1090,88,3,434.27,1302.81
2647,1090,100,2,46.79,93.58
2648,1090,53,4,493.72,1974.88
2649,1090,72,5,437.04,2185.2
2650,1091,52,4,111.57,446.28
2651,1092,4,2,118.42,236.84
2652,1092,41,1,41.31,41.31
2653,1093,18,2,45.04,90.08
2654,1093,31,3,169.22,507.66
2655,1093,51,1,185.34,185.34
2656,1094,34,5,134.4,672.0
2657,1094,21,4,397.21,1588.84
2658,1094,56,2,189.05,378.1
2659,1095,78,3,270.01,810.03
2660,1096,65,5,127.37,636.85
2661,1096,99,3,494.94,1484.82
2662,1096,17,3,339.84,1019.52
2663,1097,61,3,359.64,1078.92
2664,1097,5,2,79.43,158.86
2665,1097,40,5,390.15,1950.75
2666,1097,43,3,22.62,67.86
2667,1098,33,3,384.16,1152.48
2668,1098,84,5,367.52,1837.6
2669,1098,55,4,329.8,1319.2
2670,1098,94,5,241.54,1207.7
2671,1099,50,5,497.89,2489.45
2672,1099,52,4,111.57,446.28
2673,1099,35,4,410.32,1641.28
2674,1100,30,1,357.25,357.25
2675,1100,36,1,50.25,50.25
2676,1100,20,2,86.94,173.88
2677,1101,30,4,357.25,1429.0
2678,1101,85,4,492.59,1970.36
2679,1101,39,3,284.11,852.33
2680,1102,89,2,27.6,55.2
2681,1103,82,1,369.1,369.1
2682,1104,31,1,169.22,169.22
2683,1104,58,5,20.84,104.2
2684,1104,28,1,242.71,242.71
2685,1105,86,3,397.74,1193.22
2686,1105,93,4,341.85,1367.4
2687,1106,36,3,50.25,150.75
2688,1106,6,3,142.79,428.37
2689,1106,10,4,316.11,1264.44
2690,1107,40,5,390.15,1950.75
2691,1107,33,2,384.16,768.32
2692,1108,52,1,111.57,111.57
2693,1108,51,1,185.34,185.34
2694,1108,98,1,173.14,173.14
2695,1109,49,4,495.64,1982.56
2696,1109,85,2,492.59,985.18
2697,1109,86,2,397.74,795.48
2698,1110,87,3,90.21,270.63
2699,1110,21,3,397.21,1191.63
2700,1111,29,1,225.18,225.18
2701,1111,27,1,38.1,38.1
2702,1111,78,3,270.01,810.03
2703,1112,13,2,30.46,60.92
2704,1112,21,1,397.21,397.21
2705,1113,64,3,142.89,428.67
2706,1113,24,4,78.21,312.84
2707,1113,46,4,306.21,1224.84
2708,1114,27,3,38.1,114.3
2709,1115,68,2,32.27,64.54
2710,1115,70,2,159.99,319.98
2711,1116,56,4,189.05,756.2
2712,1116,58,1,20.84,20.84
2713,1117,63,1,94.39,94.39
2714,1117,31,2,169.22,338.44
2715,1117,8,4,301.86,1207.44
2716,1118,96,4,305.97,1223.88
2717,1118,17,4,339.84,1359.36
2718,1118,77,4,128.87,515.48
2719,1119,74,3,400.73,1202.19
2720,1119,23,3,226.38,679.14
2721,1120,35,4,410.32,1641.28
2722,1120,51,2,185.34,370.68
2723,1120,43,2,22.62,45.24
2724,1121,78,2,270.01,540.02
2725,1122,52,1,111.57,111.57
2726,1122,70,2,159.99,319.98
2727,1122,4,2,118.42,236.84
2728,1122,71,5,374.06,1870.3
2729,1123,56,2,189.05,378.1
2730,1124,40,3,390.15,1170.45
2731,1125,5,3,79.43,238.29
2732,1125,2,2,152.12,304.24
2733,1126,13,3,30.46,91.38
2734,1126,33,1,384.16,384.16
2735,1126,55,1,329.8,329.8
2736,1126,65,2,127.37,254.74
2737,1127,70,5,159.99,799.95
2738,1127,42,1,408.3,408.3
2739,1127,64,5,142.89,714.45
2740,1128,80,3,451.49,1354.47
2741,1128,82,5,369.1,1845.5
2742,1128,8,3,301.86,905.58
2743,1129,92,5,332.79,1663.95
2744,1129,3,3,372.18,1116.54
2745,1130,72,1,437.04,437.04
2746,1131,61,3,359.64,1078.92
2747,1132,92,2,332.79,665.58
2748,1132,93,3,341.85,1025.55
2749,1133,39,5,284.11,1420.55
2750,1133,4,5,118.42,592.1
2751,1134,100,5,46.79,233.95
2752,1134,97,5,384.42,1922.1
2753,1134,12,5,70.96,354.8
2754,1135,17,1,339.84,339.84
2755,1135,3,3,372.18,1116.54
2756,1135,82,4,369.1,1476.4
2757,1136,54,4,118.02,472.08
2758,1136,45,3,234.82,704.46
2759,1137,70,5,159.99,799.95
2760,1137,3,1,372.18,372.18
2761,1137,48,5,424.68,2123.4
2762,1138,99,4,494.94,1979.76
2763,1138,3,1,372.18,372.18
2764,1139,22,5,59.15,295.75
2765,1139,10,4,316.11,1264.44
2766,1139,39,3,284.11,852.33
2767,1139,97,3,384.42,1153.26
2768,1140,23,1,226.38,226.38
2769,1140,85,3,492.59,1477.77
2770,1140,34,3,134.4,403.2
2771,1140,74,2,400.73,801.46
2772,1141,93,5,341.85,1709.25
2773,1141,21,4,397.21,1588.84
2774,1142,83,3,238.96,716.88
2775,1142,91,2,261.31,522.62
2776,1142,6,5,142.79,713.95
2777,1143,48,1,424.68,424.68
2778,1143,62,2,466.1,932.2
2779,1144,24,4,78.21,312.84
2780,1145,20,5,86.94,434.7
2781,1146,72,3,437.04,1311.12
2782,1147,87,2,90.21,180.42
2783,1147,75,1,385.83,385.83
2784,1147,61,4,359.64,1438.56
2785,1147,65,4,127.37,509.48
2786,1148,41,4,41.31,165.24
2787,1149,56,1,189.05,189.05
2788,1150,48,3,424.68,1274.04
2789,1150,19,3,180.91,542.73
2790,1151,54,1,118.02,118.02
2791,1151,36,4,50.25,201.0
2792,1151,23,1,226.38,226.38
2793,1152,85,3,492.59,1477.77
2794,1152,80,1,451.49,451.49
2795,1152,62,1,466.1,466.1
2796,1152,91,4,261.31,1045.24
2797,1153,7,3,205.07,615.21
2798,1154,28,4,242.71,970.84
2799,1154,5,2,79.43,158.86
2800,1154,28,1,242.71,242.71
2801,1154,48,1,424.68,424.68
2802,1155,21,2,397.21,794.42
2803,1156,99,1,494.94,494.94
2804,1157,36,2,50.25,100.5
2805,1157,62,1,466.1,466.1
2806,1157,6,5,142.79,713.95
2807,1158,58,1,20.84,20.84
2808,1158,73,4,387.14,1548.56
2809,1159,49,2,495.64,991.28
2810,1159,40,5,390.15,1950.75
2811,1159,32,4,108.18,432.72
2812,1159,52,4,111.57,446.28
2813,1160,32,5,108.18,540.9
2814,1161,10,3,316.11,948.33
2815,1161,17,4,339.84,1359.36
2816,1161,60,3,158.81,476.43
2817,1162,61,2,359.64,719.28
2818,1163,94,4,241.54,966.16
2819,1163,8,1,301.86,301.86
2820,1163,30,5,357.25,1786.25
2821,1163,97,2,384.42,768.84
2822,1164,96,3,305.97,917.91
2823,1164,95,4,221.84,887.36
2824,1164,57,3,225.85,677.55
2825,1164,18,1,45.04,45.04
2826,1165,23,3,226.38,679.14
2827,1165,97,2,384.42,768.84
2828,1166,48,1,424.68,424.68
2829,1166,1,3,29.45,88.35
2830,1166,25,5,175.52,877.6
2831,1166,76,4,426.76,1707.04
2832,1167,73,2,387.14,774.28
2833,1168,31,1,169.22,169.22
2834,1169,47,2,45.16,90.32
2835,1169,30,4,357.25,1429.0
2836,1169,68,1,32.27,32.27
2837,1169,91,2,261.31,522.62
2838,1170,96,1,305.97,305.97
2839,1170,93,2,341.85,683.7
2840,1171,83,3,238.96,716.88
2841,1171,6,3,142.79,428.37
2842,1171,67,1,401.38,401.38
2843,1171,72,5,437.04,2185.2
2844,1172,87,2,90.21,180.42
2845,1172,21,4,397.21,1588.84
2846,1172,45,3,234.82,704.46
2847,1173,31,1,169.22,169.22
2848,1173,3,4,372.18,1488.72
2849,1173,41,1,41.31,41.31
2850,1174,54,4,118.02,472.08
2851,1174,39,5,284.11,1420.55
2852,1175,11,5,453.8,2269.0
2853,1175,46,4,306.21,1224.84
2854,1175,87,1,90.21,90.21
2855,1175,22,3,59.15,177.45
2856,1176,58,3,20.84,62.52
2857,1177,11,1,453.8,453.8
2858,1178,45,1,234.82,234.82
2859,1179,22,2,59.15,118.3
2860,1179,41,2,41.31,82.62
2861,1180,99,4,494.94,1979.76
2862,1180,42,3,408.3,1224.9
2863,1181,18,5,45.04,225.2
2864,1181,87,2,90.21,180.42
2865,1181,96,3,305.97,917.91
2866,1181,32,3,108.18,324.54
2867,1182,28,2,242.71,485.42
2868,1183,84,3,367.52,1102.56
2869,1183,97,1,384.42,384.42
2870,1184,7,2,205.07,410.14
2871,1184,21,5,397.21,1986.05
2872,1184,69,1,57.06,57.06
2873,1185,46,2,306.21,612.42
2874,1186,36,1,50.25,50.25
2875,1187,99,4,494.94,1979.76
2876,1187,9,4,78.57,314.28
2877,1188,73,3,387.14,1161.42
2878,1188,22,3,59.15,177.45
2879,1188,51,4,185.34,741.36
2880,1189,98,5,173.14,865.7
2881,1189,38,2,317.16,634.32
2882,1190,42,4,408.3,1633.2
2883,1190,12,2,70.96,141.92
2884,1190,45,5,234.82,1174.1
2885,1191,85,5,492.59,2462.95
2886,1191,25,4,175.52,702.08
2887,1191,80,4,451.49,1805.96
2888,1191,58,3,20.84,62.52
2889,1192,76,2,426.76,853.52
2890,1193,36,3,50.25,150.75
2891,1193,37,5,354.37,1771.85
2892,1194,50,4,497.89,1991.56
2893,1195,68,2,32.27,64.54
2894,1196,96,1,305.97,305.97
2895,1196,39,4,284.11,1136.44
2896,1197,24,2,78.21,156.42
2897,1197,28,3,242.71,728.13
2898,1198,79,2,141.3,282.6
2899,1198,58,5,20.84,104.2
2900,1198,65,2,127.37,254.74
2901,1198,8,5,301.86,1509.3
2902,1199,31,3,169.22,507.66
2903,1199,81,4,35.95,143.8
2904,1200,89,5,27.6,138.0
2905,1200,77,3,128.87,386.61
2906,1200,70,5,159.99,799.95
2907,1200,76,2,426.76,853.52
2908,1201,21,3,397.21,1191.63
2909,1201,9,2,78.57,157.14
2910,1202,3,3,372.18,1116.54
2911,1202,70,3,159.99,479.97
2912,1202,79,1,141.3,141.3
2913,1202,61,5,359.64,1798.2
2914,1203,7,2,205.07,410.14
2915,1203,87,3,90.21,270.63
2916,1204,50,1,497.89,497.89
2917,1204,18,4,45.04,180.16
2918,1204,66,2,379.64,759.28
2919,1204,86,3,397.74,1193.22
2920,1205,94,5,241.54,1207.7
2921,1205,56,1,189.05,189.05
2922,1205,33,1,384.16,384.16
2923,1206,54,4,118.02,472.08
2924,1206,10,2,316.11,632.22
2925,1206,8,3,301.86,905.58
2926,1206,22,3,59.15,177.45
2927,1207,65,3,127.37,382.11
2928,1207,93,1,341.85,341.85
2929,1207,68,5,32.27,161.35
2930,1207,75,5,385.83,1929.15
2931,1208,3,1,372.18,372.18
2932,1208,38,5,317.16,1585.8
2933,1208,67,4,401.38,1605.52
2934,1208,27,3,38.1,114.3
2935,1209,39,1,284.11,284.11
2936,1209,92,5,332.79,1663.95
2937,1209,28,2,242.71,485.42
2938,1210,59,4,355.95,1423.8
2939,1211,72,1,437.04,437.04
2940,1211,77,5,128.87,644.35
2941,1211,22,4,59.15,236.6
2942,1211,98,2,173.14,346.28
2943,1212,62,2,466.1,932.2
2944,1213,53,1,493.72,493.72
2945,1213,22,4,59.15,236.6
2946,1213,84,5,367.52,1837.6
2947,1213,2,3,152.12,456.36
2948,1214,12,1,70.96,70.96
2949,1214,82,5,369.1,1845.5
2950,1214,44,1,46.58,46.58
2951,1214,41,4,41.31,165.24
2952,1215,32,4,108.18,432.72
2953,1216,5,5,79.43,397.15
2954,1217,63,2,94.39,188.78
2955,1217,36,4,50.25,201.0
2956,1217,16,5,472.23,2361.15
2957,1217,25,4,175.52,702.08
2958,1218,40,4,390.15,1560.6
2959,1219,23,5,226.38,1131.9
2960,1219,4,1,118.42,118.42
2961,1219,32,3,108.18,324.54
2962,1219,31,4,169.22,676.88
2963,1220,41,4,41.31,165.24
2964,1221,29,1,225.18,225.18
2965,1221,45,4,234.82,939.28
2966,1221,2,1,152.12,152.12
2967,1221,59,4,355.95,1423.8
2968,1222,85,1,492.59,492.59
2969,1222,40,4,390.15,1560.6
2970,1222,20,1,86.94,86.94
2971,1222,7,4,205.07,820.28
2972,1223,60,4,158.81,635.24
2973,1223,5,1,79.43,79.43
2974,1223,57,5,225.85,1129.25
2975,1224,88,2,434.27,868.54
2976,1224,43,2,22.62,45.24
2977,1225,34,5,134.4,672.0
2978,1226,63,3,94.39,283.17
2979,1226,51,2,185.34,370.68
2980,1226,16,1,472.23,472.23
2981,1226,64,4,142.89,571.56
2982,1227,54,2,118.02,236.04
2983,1227,75,4,385.83,1543.32
2984,1228,81,3,35.95,107.85
2985,1228,81,3,35.95,107.85
2986,1228,69,2,57.06,114.12
2987,1229,48,2,424.68,849.36
2988,1229,77,3,128.87,386.61
2989,1229,83,1,238.96,238.96
2990,1230,7,2,205.07,410.14
2991,1231,86,2,397.74,795.48
2992,1231,16,4,472.23,1888.92
2993,1231,48,2,424.68,849.36
2994,1231,44,2,46.58,93.16
2995,1232,28,2,242.71,485.42
2996,1232,50,2,497.89,995.78
2997,1232,72,3,437.04,1311.12
2998,1232,93,1,341.85,341.85
2999,1233,23,5,226.38,1131.9
3000,1233,74,5,400.73,2003.65
3001,1233,47,4,45.16,180.64
3002,1233,82,3,369.1,1107.3
3003,1234,96,1,305.97,305.97
3004,1234,45,3,234.82,704.46
3005,1235,100,3,46.79,140.37
3006,1236,25,3,175.52,526.56
3007,1236,1,4,29.45,117.8
3008,1236,97,1,384.42,384.42
3009,1236,8,1,301.86,301.86
3010,1237,79,2,141.3,282.6
3011,1237,15,4,53.94,215.76
3012,1237,7,5,205.07,1025.35
3013,1237,7,5,205.07,1025.35
3014,1238,51,4,185.34,741.36
3015,1238,88,4,434.27,1737.08
3016,1238,16,1,472.23,472.23
3017,1239,41,4,41.31,165.24
3018,1240,54,4,118.02,472.08
3019,1240,95,5,221.84,1109.2
3020,1241,79,3,141.3,423.9
3021,1241,20,3,86.94,260.82
3022,1241,21,1,397.21,397.21
3023,1241,83,1,238.96,238.96
3024,1242,65,5,127.37,636.85
3025,1242,25,3,175.52,526.56
3026,1242,95,3,221.84,665.52
3027,1242,32,1,108.18,108.18
3028,1243,24,2,78.21,156.42
3029,1243,26,4,182.69,730.76
3030,1244,81,3,35.95,107.85
3031,1244,3,4,372.18,1488.72
3032,1244,8,4,301.86,1207.44
3033,1245,58,5,20.84,104.2
3034,1246,37,2,354.37,708.74
3035,1247,58,5,20.84,104.2
3036,1247,76,1,426.76,426.76
3037,1247,68,3,32.27,96.81
3038,1248,57,2,225.85,451.7
3039,1248,10,4,316.11,1264.44
3040,1248,12,3,70.96,212.88
3041,1248,37,5,354.37,1771.85
3042,1249,48,5,424.68,2123.4
3043,1250,89,5,27.6,138.0
3044,1250,83,1,238.96,238.96
3045,1251,69,3,57.06,171.18
3046,1251,29,5,225.18,1125.9
3047,1251,76,2,426.76,853.52
3048,1252,39,2,284.11,568.22
3049,1253,71,2,374.06,748.12
3050,1254,97,3,384.42,1153.26
3051,1254,21,4,397.21,1588.84
3052,1254,99,2,494.94,989.88
3053,1255,75,5,385.83,1929.15
3054,1255,14,1,355.43,355.43
3055,1255,4,4,118.42,473.68
3056,1256,47,4,45.16,180.64
3057,1257,99,5,494.94,2474.7
3058,1258,51,3,185.34,556.02
3059,1258,73,2,387.14,774.28
3060,1258,62,2,466.1,932.2
3061,1258,3,5,372.18,1860.9
3062,1259,93,3,341.85,1025.55
3063,1259,39,1,284.11,284.11
3064,1260,69,4,57.06,228.24
3065,1261,89,2,27.6,55.2
3066,1261,95,5,221.84,1109.2
3067,1261,62,3,466.1,1398.3
3068,1262,77,2,128.87,257.74
3069,1262,35,5,410.32,2051.6
3070,1262,86,4,397.74,1590.96
3071,1263,22,4,59.15,236.6
3072,1263,90,5,214.08,1070.4
3073,1263,52,2,111.57,223.14
3074,1263,16,3,472.23,1416.69
3075,1264,10,1,316.11,316.11
3076,1264,25,5,175.52,877.6
3077,1264,76,2,426.76,853.52
3078,1264,37,2,354.37,708.74
3079,1265,43,3,22.62,67.86
3080,1266,64,5,142.89,714.45
3081,1266,4,4,118.42,473.68
3082,1267,42,3,408.3,1224.9
3083,1267,81,5,35.95,179.75
3084,1267,4,3,118.42,355.26
3085,1268,92,2,332.79,665.58
3086,1268,72,5,437.04,2185.2
3087,1268,58,1,20.84,20.84
3088,1269,32,1,108.18,108.18
3089,1269,13,2,30.46,60.92
3090,1269,95,1,221.84,221.84
3091,1269,93,1,341.85,341.85
3092,1270,8,2,301.86,603.72
3093,1270,61,4,359.64,1438.56
3094,1270,69,1,57.06,57.06
3095,1270,19,4,180.91,723.64
3096,1271,52,1,111.57,111.57
3097,1271,22,3,59.15,177.45
3098,1272,10,4,316.11,1264.44
3099,1272,67,2,401.38,802.76
3100,1272,80,1,451.49,451.49
3101,1272,3,2,372.18,744.36
3102,1273,99,1,494.94,494.94
3103,1273,84,4,367.52,1470.08
3104,1273,49,3,495.64,1486.92
3105,1274,72,2,437.04,874.08
3106,1274,81,4,35.95,143.8
3107,1274,15,5,53.94,269.7
3108,1275,10,2,316.11,632.22
3109,1275,40,3,390.15,1170.45
3110,1275,19,1,180.91,180.91
3111,1275,34,2,134.4,268.8
3112,1276,13,1,30.46,30.46
3113,1276,59,3,355.95,1067.85
3114,1277,88,2,434.27,868.54
3115,1277,81,5,35.95,179.75
3116,1277,91,5,261.31,1306.55
3117,1277,77,1,128.87,128.87
3118,1278,75,4,385.83,1543.32
3119,1278,99,3,494.94,1484.82
3120,1278,64,3,142.89,428.67
3121,1278,45,3,234.82,704.46
3122,1279,11,5,453.8,2269.0
3123,1279,4,1,118.42,118.42
3124,1279,68,4,32.27,129.08
3125,1280,94,1,241.54,241.54
3126,1280,68,2,32.27,64.54
3127,1281,24,5,78.21,391.05
3128,1281,63,4,94.39,377.56
3129,1281,83,2,238.96,477.92
3130,1282,48,3,424.68,1274.04
3131,1282,19,1,180.91,180.91
3132,1283,89,1,27.6,27.6
3133,1283,26,1,182.69,182.69
3134,1283,38,1,317.16,317.16
3135,1283,54,1,118.02,118.02
3136,1284,5,3,79.43,238.29
3137,1284,40,3,390.15,1170.45
3138,1284,66,1,379.64,379.64
3139,1284,98,1,173.14,173.14
3140,1285,78,3,270.01,810.03
3141,1286,56,1,189.05,189.05
3142,1287,65,4,127.37,509.48
3143,1287,82,2,369.1,738.2
3144,1287,8,2,301.86,603.72
3145,1287,39,1,284.11,284.11
3146,1288,64,2,142.89,285.78
3147,1289,67,5,401.38,2006.9
3148,1290,41,5,41.31,206.55
3149,1290,15,2,53.94,107.88
3150,1290,36,4,50.25,201.0
3151,1290,62,2,466.1,932.2
3152,1291,23,1,226.38,226.38
3153,1291,97,5,384.42,1922.1
3154,1291,71,5,374.06,1870.3
3155,1291,78,1,270.01,270.01
3156,1292,74,3,400.73,1202.19
3157,1292,26,1,182.69,182.69
3158,1293,41,4,41.31,165.24
3159,1293,62,1,466.1,466.1
3160,1294,60,5,158.81,794.05
3161,1294,97,5,384.42,1922.1
3162,1294,12,5,70.96,354.8
3163,1295,65,3,127.37,382.11
3164,1295,94,3,241.54,724.62
3165,1295,10,2,316.11,632.22
3166,1295,27,2,38.1,76.2
3167,1296,28,5,242.71,1213.55
3168,1297,66,5,379.64,1898.2
3169,1297,56,5,189.05,945.25
3170,1298,95,3,221.84,665.52
3171,1298,69,5,57.06,285.3
3172,1298,53,1,493.72,493.72
3173,1298,4,5,118.42,592.1
3174,1299,99,2,494.94,989.88
3175,1300,68,3,32.27,96.81
3176,1301,83,3,238.96,716.88
3177,1301,83,2,238.96,477.92
3178,1302,23,2,226.38,452.76
3179,1303,19,1,180.91,180.91
3180,1303,52,3,111.57,334.71
3181,1303,17,3,339.84,1019.52
3182,1303,7,2,205.07,410.14
3183,1304,6,4,142.79,571.16
3184,1304,99,2,494.94,989.88
3185,1304,51,1,185.34,185.34
3186,1305,15,2,53.94,107.88
3187,1305,72,4,437.04,1748.16
3188,1305,3,3,372.18,1116.54
3189,1305,78,2,270.01,540.02
3190,1306,35,5,410.32,2051.6
3191,1306,51,4,185.34,741.36
3192,1307,88,2,434.27,868.54
3193,1307,46,5,306.21,1531.05
3194,1308,29,5,225.18,1125.9
3195,1308,4,2,118.42,236.84
3196,1308,24,3,78.21,234.63
3197,1309,23,2,226.38,452.76
3198,1309,3,4,372.18,1488.72
3199,1309,54,3,118.02,354.06
3200,1309,38,4,317.16,1268.64
3201,1310,35,3,410.32,1230.96
3202,1310,20,4,86.94,347.76
3203,1311,76,3,426.76,1280.28
3204,1311,61,5,359.64,1798.2
3205,1311,86,2,397.74,795.48
3206,1312,51,5,185.34,926.7
3207,1313,26,4,182.69,730.76
3208,1314,80,1,451.49,451.49
3209,1315,28,5,242.71,1213.55
3210,1315,74,2,400.73,801.46
3211,1315,13,5,30.46,152.3
3212,1315,97,5,384.42,1922.1
3213,1316,90,4,214.08,856.32
3214,1316,26,1,182.69,182.69
3215,1316,52,2,111.57,223.14
3216,1317,98,1,173.14,173.14
3217,1318,13,5,30.46,152.3
3218,1318,92,5,332.79,1663.95
3219,1319,58,4,20.84,83.36
3220,1319,73,2,387.14,774.28
3221,1320,22,3,59.15,177.45
3222,1320,23,5,226.38,1131.9
3223,1320,45,4,234.82,939.28
3224,1320,20,4,86.94,347.76
3225,1321,36,4,50.25,201.0
3226,1321,48,3,424.68,1274.04
3227,1321,18,4,45.04,180.16
3228,1321,88,2,434.27,868.54
3229,1322,8,5,301.86,1509.3
3230,1323,72,3,437.04,1311.12
3231,1323,20,1,86.94,86.94
3232,1323,50,4,497.89,1991.56
3233,1324,88,1,434.27,434.27
3234,1325,26,1,182.69,182.69
3235,1325,100,3,46.79,140.37
3236,1326,51,3,185.34,556.02
3237,1326,20,4,86.94,347.76
3238,1327,85,5,492.59,2462.95
3239,1327,83,4,238.96,955.84
3240,1328,30,3,357.25,1071.75
3241,1328,23,1,226.38,226.38
3242,1329,12,2,70.96,141.92
3243,1329,55,3,329.8,989.4
3244,1329,19,4,180.91,723.64
3245,1329,53,5,493.72,2468.6
3246,1330,49,5,495.64,2478.2
3247,1330,36,1,50.25,50.25
3248,1330,65,1,127.37,127.37
3249,1330,84,5,367.52,1837.6
3250,1331,6,4,142.79,571.16
3251,1331,82,3,369.1,1107.3
3252,1331,42,1,408.3,408.3
3253,1331,90,4,214.08,856.32
3254,1332,91,2,261.31,522.62
3255,1332,32,4,108.18,432.72
3256,1332,70,2,159.99,319.98
3257,1333,70,3,159.99,479.97
3258,1333,60,5,158.81,794.05
3259,1334,74,1,400.73,400.73
3260,1334,17,2,339.84,679.68
3261,1335,61,5,359.64,1798.2
3262,1335,88,1,434.27,434.27
3263,1336,23,2,226.38,452.76
3264,1337,4,1,118.42,118.42
3265,1338,30,1,357.25,357.25
3266,1339,40,3,390.15,1170.45
3267,1340,79,5,141.3,706.5
3268,1340,75,4,385.83,1543.32
3269,1340,35,1,410.32,410.32
3270,1341,85,1,492.59,492.59
3271,1341,39,3,284.11,852.33
3272,1342,45,5,234.82,1174.1
3273,1342,43,1,22.62,22.62
3274,1342,96,5,305.97,1529.85
3275,1342,4,5,118.42,592.1
3276,1343,77,1,128.87,128.87
3277,1344,89,2,27.6,55.2
3278,1345,75,3,385.83,1157.49
3279,1346,35,4,410.32,1641.28
3280,1347,78,2,270.01,540.02
3281,1347,5,2,79.43,158.86
3282,1348,97,2,384.42,768.84
3283,1349,57,2,225.85,451.7
3284,1350,22,3,59.15,177.45
3285,1351,74,5,400.73,2003.65
3286,1351,42,1,408.3,408.3
3287,1352,96,2,305.97,611.94
3288,1353,60,5,158.81,794.05
3289,1353,83,5,238.96,1194.8
3290,1353,65,3,127.37,382.11
3291,1354,90,5,214.08,1070.4
3292,1355,50,3,497.89,1493.67
3293,1355,13,2,30.46,60.92
3294,1356,92,4,332.79,1331.16
3295,1356,65,4,127.37,509.48
3296,1357,53,2,493.72,987.44
3297,1358,71,5,374.06,1870.3
3298,1358,12,5,70.96,354.8
3299,1358,57,3,225.85,677.55
3300,1359,64,3,142.89,428.67
3301,1360,48,4,424.68,1698.72
3302,1361,58,2,20.84,41.68
3303,1361,16,5,472.23,2361.15
3304,1362,46,4,306.21,1224.84
3305,1363,86,2,397.74,795.48
3306,1363,94,4,241.54,966.16
3307,1363,65,1,127.37,127.37
3308,1364,64,5,142.89,714.45
3309,1364,92,1,332.79,332.79
3310,1365,4,3,118.42,355.26
3311,1365,35,4,410.32,1641.28
3312,1366,71,2,374.06,748.12
3313,1366,49,2,495.64,991.28
3314,1367,92,3,332.79,998.37
3315,1367,34,4,134.4,537.6
3316,1367,95,1,221.84,221.84
3317,1368,34,4,134.4,537.6
3318,1369,27,3,38.1,114.3
3319,1369,50,1,497.89,497.89
3320,1370,89,2,27.6,55.2
3321,1371,90,5,214.08,1070.4
3322,1371,66,4,379.64,1518.56
3323,1371,79,2,141.3,282.6
3324,1371,83,5,238.96,1194.8
3325,1372,10,4,316.11,1264.44
3326,1372,21,1,397.21,397.21
3327,1372,43,1,22.62,22.62
3328,1373,29,1,225.18,225.18
3329,1373,86,3,397.74,1193.22
3330,1373,72,4,437.04,1748.16
3331,1373,96,3,305.97,917.91
3332,1374,87,1,90.21,90.21
3333,1375,30,4,357.25,1429.0
3334,1375,57,2,225.85,451.7
3335,1375,52,4,111.57,446.28
3336,1376,96,4,305.97,1223.88
3337,1376,91,3,261.31,783.93
3338,1376,45,3,234.82,704.46
3339,1376,32,3,108.18,324.54
3340,1377,23,5,226.38,1131.9
3341,1377,14,1,355.43,355.43
3342,1377,11,3,453.8,1361.4
3343,1378,74,3,400.73,1202.19
3344,1378,53,3,493.72,1481.16
3345,1379,24,4,78.21,312.84
3346,1379,51,1,185.34,185.34
3347,1379,80,5,451.49,2257.45
3348,1379,36,5,50.25,251.25
3349,1380,34,2,134.4,268.8
3350,1381,33,1,384.16,384.16
3351,1381,26,1,182.69,182.69
3352,1381,47,1,45.16,45.16
3353,1381,82,2,369.1,738.2
3354,1382,55,2,329.8,659.6
3355,1382,50,2,497.89,995.78
3356,1383,94,1,241.54,241.54
3357,1383,100,2,46.79,93.58
3358,1384,43,3,22.62,67.86
3359,1384,9,2,78.57,157.14
3360,1384,3,5,372.18,1860.9
3361,1384,13,4,30.46,121.84
3362,1385,68,5,32.27,161.35
3363,1385,17,5,339.84,1699.2
3364,1386,17,4,339.84,1359.36
3365,1386,88,1,434.27,434.27
3366,1386,80,2,451.49,902.98
3367,1386,47,2,45.16,90.32
3368,1387,27,4,38.1,152.4
3369,1387,84,2,367.52,735.04
3370,1387,43,1,22.62,22.62
3371,1387,44,5,46.58,232.9
3372,1388,80,5,451.49,2257.45
3373,1388,26,3,182.69,548.07
3374,1388,11,3,453.8,1361.4
3375,1388,85,3,492.59,1477.77
3376,1389,50,4,497.89,1991.56
3377,1390,45,3,234.82,704.46
3378,1390,61,1,359.64,359.64
3379,1390,41,4,41.31,165.24
3380,1391,2,1,152.12,152.12
3381,1391,96,2,305.97,611.94
3382,1391,88,4,434.27,1737.08
3383,1391,91,4,261.31,1045.24
3384,1392,24,2,78.21,156.42
3385,1392,39,5,284.11,1420.55
3386,1392,59,2,355.95,711.9
3387,1392,71,5,374.06,1870.3
3388,1393,62,3,466.1,1398.3
3389,1393,10,4,316.11,1264.44
3390,1394,61,2,359.64,719.28
3391,1394,27,2,38.1,76.2
3392,1395,36,1,50.25,50.25
3393,1395,15,3,53.94,161.82
3394,1396,31,2,169.22,338.44
3395,1396,63,1,94.39,94.39
3396,1397,22,4,59.15,236.6
3397,1398,97,3,384.42,1153.26
3398,1398,91,4,261.31,1045.24
3399,1398,25,5,175.52,877.6
3400,1398,45,4,234.82,939.28
3401,1399,85,5,492.59,2462.95
3402,1399,57,2,225.85,451.7
3403,1400,13,1,30.46,30.46
3404,1401,19,3,180.91,542.73
3405,1401,73,1,387.14,387.14
3406,1401,50,2,497.89,995.78
3407,1402,62,2,466.1,932.2
3408,1402,87,1,90.21,90.21
3409,1402,86,4,397.74,1590.96
3410,1402,48,5,424.68,2123.4
3411,1403,61,5,359.64,1798.2
3412,1403,77,1,128.87,128.87
3413,1403,60,2,158.81,317.62
3414,1403,55,4,329.8,1319.2
3415,1404,91,1,261.31,261.31
3416,1405,56,5,189.05,945.25
3417,1406,92,1,332.79,332.79
3418,1406,96,2,305.97,611.94
3419,1407,49,2,495.64,991.28
3420,1407,59,5,355.95,1779.75
3421,1407,65,1,127.37,127.37
3422,1407,44,1,46.58,46.58
3423,1408,3,4,372.18,1488.72
3424,1408,34,4,134.4,537.6
3425,1408,72,3,437.04,1311.12
3426,1408,43,1,22.62,22.62
3427,1409,40,5,390.15,1950.75
3428,1409,92,5,332.79,1663.95
3429,1410,88,3,434.27,1302.81
3430,1411,21,3,397.21,1191.63
3431,1411,42,5,408.3,2041.5
3432,1411,83,1,238.96,238.96
3433,1412,95,5,221.84,1109.2
3434,1412,15,3,53.94,161.82
3435,1412,51,3,185.34,556.02
3436,1413,16,5,472.23,2361.15
3437,1413,4,5,118.42,592.1
3438,1413,77,3,128.87,386.61
3439,1414,52,5,111.57,557.85
3440,1415,4,2,118.42,236.84
3441,1416,54,4,118.02,472.08
3442,1417,97,4,384.42,1537.68
3443,1417,61,1,359.64,359.64
3444,1417,78,5,270.01,1350.05
3445,1417,84,1,367.52,367.52
3446,1418,26,3,182.69,548.07
3447,1418,23,4,226.38,905.52
3448,1419,94,1,241.54,241.54
3449,1419,45,5,234.82,1174.1
3450,1419,85,2,492.59,985.18
3451,1420,44,2,46.58,93.16
3452,1420,98,5,173.14,865.7
3453,1421,27,1,38.1,38.1
3454,1421,71,3,374.06,1122.18
3455,1421,20,3,86.94,260.82
3456,1421,88,3,434.27,1302.81
3457,1422,35,5,410.32,2051.6
3458,1423,56,3,189.05,567.15
3459,1424,25,1,175.52,175.52
3460,1424,74,2,400.73,801.46
3461,1425,73,3,387.14,1161.42
3462,1425,68,5,32.27,161.35
3463,1425,87,3,90.21,270.63
3464,1426,74,1,400.73,400.73
3465,1426,40,1,390.15,390.15
3466,1426,27,1,38.1,38.1
3467,1427,1,3,29.45,88.35
3468,1427,80,3,451.49,1354.47
3469,1428,100,5,46.79,233.95
3470,1429,58,1,20.84,20.84
3471,1429,28,3,242.71,728.13
3472,1430,44,5,46.58,232.9
3473,1431,19,5,180.91,904.55
3474,1431,7,2,205.07,410.14
3475,1431,49,2,495.64,991.28
3476,1432,62,1,466.1,466.1
3477,1432,27,4,38.1,152.4
3478,1433,74,4,400.73,1602.92
3479,1433,91,2,261.31,522.62
3480,1433,99,2,494.94,989.88
3481,1434,52,1,111.57,111.57
3482,1434,23,1,226.38,226.38
3483,1434,30,5,357.25,1786.25
3484,1435,49,5,495.64,2478.2
3485,1435,71,5,374.06,1870.3
3486,1436,41,2,41.31,82.62
3487,1436,78,1,270.01,270.01
3488,1437,9,2,78.57,157.14
3489,1438,22,4,59.15,236.6
3490,1438,7,5,205.07,1025.35
3491,1438,43,3,22.62,67.86
3492,1439,58,3,20.84,62.52
3493,1440,81,2,35.95,71.9
3494,1440,16,2,472.23,944.46
3495,1441,52,1,111.57,111.57
3496,1441,81,1,35.95,35.95
3497,1442,84,1,367.52,367.52
3498,1442,43,1,22.62,22.62
3499,1442,43,2,22.62,45.24
3500,1443,89,2,27.6,55.2
3501,1443,74,2,400.73,801.46
3502,1443,81,1,35.95,35.95
3503,1443,43,3,22.62,67.86
3504,1444,86,3,397.74,1193.22
3505,1444,90,5,214.08,1070.4
3506,1444,49,5,495.64,2478.2
3507,1445,24,4,78.21,312.84
3508,1445,85,4,492.59,1970.36
3509,1445,40,3,390.15,1170.45
3510,1446,74,1,400.73,400.73
3511,1446,66,3,379.64,1138.92
3512,1446,72,1,437.04,437.04
3513,1446,73,3,387.14,1161.42
3514,1447,93,2,341.85,683.7
3515,1447,58,5,20.84,104.2
3516,1448,92,1,332.79,332.79
3517,1449,67,3,401.38,1204.14
3518,1449,16,4,472.23,1888.92
3519,1449,3,3,372.18,1116.54
3520,1449,49,2,495.64,991.28
3521,1450,98,3,173.14,519.42
3522,1450,43,5,22.62,113.1
3523,1450,30,2,357.25,714.5
3524,1450,8,4,301.86,1207.44
3525,1451,14,5,355.43,1777.15
3526,1451,17,3,339.84,1019.52
3527,1451,87,4,90.21,360.84
3528,1451,60,5,158.81,794.05
3529,1452,26,4,182.69,730.76
3530,1452,30,2,357.25,714.5
3531,1452,39,4,284.11,1136.44
3532,1452,54,5,118.02,590.1
3533,1453,22,1,59.15,59.15
3534,1454,13,1,30.46,30.46
3535,1454,22,1,59.15,59.15
3536,1454,60,2,158.81,317.62
3537,1455,70,3,159.99,479.97
3538,1455,17,2,339.84,679.68
3539,1456,37,5,354.37,1771.85
3540,1456,77,5,128.87,644.35
3541,1456,71,2,374.06,748.12
3542,1456,92,3,332.79,998.37
3543,1457,80,5,451.49,2257.45
3544,1458,34,5,134.4,672.0
3545,1458,59,1,355.95,355.95
3546,1458,36,3,50.25,150.75
3547,1459,24,1,78.21,78.21
3548,1459,70,4,159.99,639.96
3549,1459,10,3,316.11,948.33
3550,1460,78,3,270.01,810.03
3551,1460,7,2,205.07,410.14
3552,1461,17,1,339.84,339.84
3553,1462,83,5,238.96,1194.8
3554,1462,6,1,142.79,142.79
3555,1462,92,2,332.79,665.58
3556,1462,70,2,159.99,319.98
3557,1463,77,4,128.87,515.48
3558,1463,96,5,305.97,1529.85
3559,1463,29,4,225.18,900.72
3560,1463,83,4,238.96,955.84
3561,1464,68,2,32.27,64.54
3562,1464,73,4,387.14,1548.56
3563,1464,47,3,45.16,135.48
3564,1465,5,1,79.43,79.43
3565,1465,68,2,32.27,64.54
3566,1466,49,4,495.64,1982.56
3567,1466,71,3,374.06,1122.18
3568,1467,31,1,169.22,169.22
3569,1468,31,5,169.22,846.1
3570,1469,85,2,492.59,985.18
3571,1470,79,5,141.3,706.5
3572,1470,79,4,141.3,565.2
3573,1471,28,1,242.71,242.71
3574,1471,57,3,225.85,677.55
3575,1471,85,1,492.59,492.59
3576,1472,25,1,175.52,175.52
3577,1472,39,1,284.11,284.11
3578,1472,50,3,497.89,1493.67
3579,1473,82,5,369.1,1845.5
3580,1473,58,2,20.84,41.68
3581,1473,57,3,225.85,677.55
3582,1474,7,2,205.07,410.14
3583,1474,45,5,234.82,1174.1
3584,1474,15,4,53.94,215.76
3585,1475,7,1,205.07,205.07
3586,1475,84,5,367.52,1837.6
3587,1475,54,4,118.02,472.08
3588,1476,61,5,359.64,1798.2
3589,1476,15,5,53.94,269.7
3590,1476,66,4,379.64,1518.56
3591,1476,62,2,466.1,932.2
3592,1477,70,5,159.99,799.95
3593,1477,25,2,175.52,351.04
3594,1478,87,3,90.21,270.63
3595,1479,17,2,339.84,679.68
3596,1479,30,2,357.25,714.5
3597,1479,23,3,226.38,679.14
3598,1479,34,4,134.4,537.6
3599,1480,48,3,424.68,1274.04
3600,1480,34,5,134.4,672.0
3601,1481,54,5,118.02,590.1
3602,1481,78,3,270.01,810.03
3603,1481,82,3,369.1,1107.3
3604,1482,51,4,185.34,741.36
3605,1482,23,2,226.38,452.76
3606,1482,74,5,400.73,2003.65
3607,1482,50,5,497.89,2489.45
3608,1483,78,5,270.01,1350.05
3609,1483,37,5,354.37,1771.85
3610,1483,48,3,424.68,1274.04
3611,1483,15,5,53.94,269.7
3612,1484,70,4,159.99,639.96
3613,1484,93,2,341.85,683.7
3614,1484,62,2,466.1,932.2
3615,1485,64,4,142.89,571.56
3616,1485,63,1,94.39,94.39
3617,1485,11,5,453.8,2269.0
3618,1486,23,2,226.38,452.76
3619,1486,37,2,354.37,708.74
3620,1486,97,2,384.42,768.84
3621,1486,32,1,108.18,108.18
3622,1487,90,1,214.08,214.08
3623,1487,89,2,27.6,55.2
3624,1487,59,4,355.95,1423.8
3625,1488,14,3,355.43,1066.29
3626,1488,1,4,29.45,117.8
3627,1488,24,2,78.21,156.42
3628,1488,28,5,242.71,1213.55
3629,1489,84,5,367.52,1837.6
3630,1489,49,1,495.64,495.64
3631,1489,51,3,185.34,556.02
3632,1490,75,5,385.83,1929.15
3633,1490,86,4,397.74,1590.96
3634,1491,31,2,169.22,338.44
3635,1492,49,1,495.64,495.64
3636,1492,100,4,46.79,187.16
3637,1492,15,4,53.94,215.76
3638,1492,50,5,497.89,2489.45
3639,1493,35,4,410.32,1641.28
3640,1493,82,3,369.1,1107.3
3641,1494,57,1,225.85,225.85
3642,1494,100,5,46.79,233.95
3643,1495,64,2,142.89,285.78
3644,1496,15,1,53.94,53.94
3645,1496,78,4,270.01,1080.04
3646,1496,47,2,45.16,90.32
3647,1496,25,3,175.52,526.56
3648,1497,70,3,159.99,479.97
3649,1497,96,4,305.97,1223.88
3650,1497,37,2,354.37,708.74
3651,1498,95,1,221.84,221.84
3652,1498,83,2,238.96,477.92
3653,1499,83,1,238.96,238.96
3654,1500,58,5,20.84,104.2
3655,1500,31,2,169.22,338.44
3656,1501,35,5,410.32,2051.6
3657,1501,26,1,182.69,182.69
3658,1501,92,1,332.79,332.79
3659,1502,36,5,50.25,251.25
3660,1502,71,5,374.06,1870.3
3661,1502,35,5,410.32,2051.6
3662,1502,82,5,369.1,1845.5
3663,1503,30,3,357.25,1071.75
3664,1503,25,2,175.52,351.04
3665,1503,22,3,59.15,177.45
3666,1503,39,4,284.11,1136.44
3667,1504,63,1,94.39,94.39
3668,1504,27,5,38.1,190.5
3669,1504,61,3,359.64,1078.92
3670,1504,25,1,175.52,175.52
3671,1505,43,5,22.62,113.1
3672,1505,31,3,169.22,507.66
3673,1506,90,5,214.08,1070.4
3674,1506,25,2,175.52,351.04
3675,1506,60,2,158.81,317.62
3676,1507,37,2,354.37,708.74
3677,1507,26,4,182.69,730.76
3678,1507,44,1,46.58,46.58
3679,1507,8,4,301.86,1207.44
3680,1508,69,2,57.06,114.12
3681,1508,96,4,305.97,1223.88
3682,1508,79,3,141.3,423.9
3683,1508,100,4,46.79,187.16
3684,1509,94,4,241.54,966.16
3685,1509,90,3,214.08,642.24
3686,1509,97,4,384.42,1537.68
3687,1509,88,1,434.27,434.27
3688,1510,81,5,35.95,179.75
3689,1510,99,4,494.94,1979.76
3690,1510,54,1,118.02,118.02
3691,1510,90,4,214.08,856.32
3692,1511,5,4,79.43,317.72
3693,1511,60,4,158.81,635.24
3694,1512,2,5,152.12,760.6
3695,1512,20,4,86.94,347.76
3696,1512,88,4,434.27,1737.08
3697,1513,70,2,159.99,319.98
3698,1514,98,3,173.14,519.42
3699,1514,89,5,27.6,138.0
3700,1514,72,2,437.04,874.08
3701,1514,62,3,466.1,1398.3
3702,1515,3,3,372.18,1116.54
3703,1515,54,1,118.02,118.02
3704,1516,38,1,317.16,317.16
3705,1517,2,4,152.12,608.48
3706,1517,75,2,385.83,771.66
3707,1517,15,1,53.94,53.94
3708,1517,58,4,20.84,83.36
3709,1518,26,5,182.69,913.45
3710,1518,47,2,45.16,90.32
3711,1518,99,4,494.94,1979.76
3712,1519,91,5,261.31,1306.55
3713,1519,5,3,79.43,238.29
3714,1519,82,2,369.1,738.2
3715,1520,18,4,45.04,180.16
3716,1520,32,1,108.18,108.18
3717,1520,88,3,434.27,1302.81
3718,1520,80,1,451.49,451.49
3719,1521,13,4,30.46,121.84
3720,1521,83,4,238.96,955.84
3721,1521,41,5,41.31,206.55
3722,1522,89,1,27.6,27.6
3723,1523,72,1,437.04,437.04
3724,1523,77,3,128.87,386.61
3725,1523,60,4,158.81,635.24
3726,1523,45,3,234.82,704.46
3727,1524,72,5,437.04,2185.2
3728,1524,88,5,434.27,2171.35
3729,1524,4,3,118.42,355.26
3730,1525,41,4,41.31,165.24
3731,1526,33,2,384.16,768.32
3732,1526,10,2,316.11,632.22
3733,1526,76,4,426.76,1707.04
3734,1527,35,5,410.32,2051.6
3735,1527,37,3,354.37,1063.11
3736,1527,83,5,238.96,1194.8
3737,1528,84,1,367.52,367.52
3738,1528,19,3,180.91,542.73
3739,1528,92,2,332.79,665.58
3740,1529,94,3,241.54,724.62
3741,1529,94,2,241.54,483.08
3742,1529,62,5,466.1,2330.5
3743,1530,51,1,185.34,185.34
3744,1530,69,4,57.06,228.24
3745,1530,38,2,317.16,634.32
3746,1530,81,2,35.95,71.9
3747,1531,52,2,111.57,223.14
3748,1531,57,3,225.85,677.55
3749,1531,10,4,316.11,1264.44
3750,1531,49,2,495.64,991.28
3751,1532,48,1,424.68,424.68
3752,1532,11,2,453.8,907.6
3753,1533,11,4,453.8,1815.2
3754,1533,52,4,111.57,446.28
3755,1533,71,4,374.06,1496.24
3756,1534,50,4,497.89,1991.56
3757,1535,35,5,410.32,2051.6
3758,1535,59,5,355.95,1779.75
3759,1535,47,2,45.16,90.32
3760,1535,63,4,94.39,377.56
3761,1536,81,1,35.95,35.95
3762,1536,66,5,379.64,1898.2
3763,1536,55,4,329.8,1319.2
3764,1536,42,4,408.3,1633.2
3765,1537,79,5,141.3,706.5
3766,1537,20,4,86.94,347.76
3767,1538,20,3,86.94,260.82
3768,1538,9,2,78.57,157.14
3769,1539,18,2,45.04,90.08
3770,1539,15,3,53.94,161.82
3771,1539,73,2,387.14,774.28
3772,1539,96,4,305.97,1223.88
3773,1540,78,5,270.01,1350.05
3774,1540,31,3,169.22,507.66
3775,1540,67,1,401.38,401.38
3776,1540,76,2,426.76,853.52
3777,1541,27,1,38.1,38.1
3778,1542,65,4,127.37,509.48
3779,1542,25,5,175.52,877.6
3780,1543,30,1,357.25,357.25
3781,1543,86,1,397.74,397.74
3782,1543,99,5,494.94,2474.7
3783,1544,59,3,355.95,1067.85
3784,1544,16,3,472.23,1416.69
3785,1545,83,4,238.96,955.84
3786,1545,72,2,437.04,874.08
3787,1545,74,1,400.73,400.73
3788,1546,83,2,238.96,477.92
3789,1546,69,1,57.06,57.06
3790,1546,40,2,390.15,780.3
3791,1546,62,4,466.1,1864.4
3792,1547,96,2,305.97,611.94
3793,1548,91,3,261.31,783.93
3794,1549,1,2,29.45,58.9
3795,1549,66,5,379.64,1898.2
3796,1550,35,3,410.32,1230.96
3797,1550,77,4,128.87,515.48
3798,1550,78,4,270.01,1080.04
3799,1550,48,5,424.68,2123.4
3800,1551,83,5,238.96,1194.8
3801,1551,59,4,355.95,1423.8
3802,1551,52,2,111.57,223.14
3803,1552,55,2,329.8,659.6
3804,1552,54,2,118.02,236.04
3805,1553,31,5,169.22,846.1
3806,1554,100,2,46.79,93.58
3807,1555,73,3,387.14,1161.42
3808,1555,88,3,434.27,1302.81
3809,1556,96,3,305.97,917.91
3810,1556,58,3,20.84,62.52
3811,1556,62,2,466.1,932.2
3812,1557,12,2,70.96,141.92
3813,1557,34,5,134.4,672.0
3814,1557,67,3,401.38,1204.14
3815,1557,49,2,495.64,991.28
3816,1558,53,4,493.72,1974.88
3817,1558,61,3,359.64,1078.92
3818,1558,71,1,374.06,374.06
3819,1558,50,4,497.89,1991.56
3820,1559,51,2,185.34,370.68
3821,1559,41,4,41.31,165.24
3822,1559,56,4,189.05,756.2
3823,1560,32,1,108.18,108.18
3824,1561,37,3,354.37,1063.11
3825,1561,5,3,79.43,238.29
3826,1562,82,2,369.1,738.2
3827,1562,41,2,41.31,82.62
3828,1562,68,3,32.27,96.81
3829,1563,38,4,317.16,1268.64
3830,1563,35,3,410.32,1230.96
3831,1563,35,4,410.32,1641.28
3832,1563,79,2,141.3,282.6
3833,1564,41,3,41.31,123.93
3834,1564,11,5,453.8,2269.0
3835,1565,97,3,384.42,1153.26
3836,1566,27,4,38.1,152.4
3837,1566,43,2,22.62,45.24
3838,1566,43,1,22.62,22.62
3839,1566,9,4,78.57,314.28
3840,1567,41,1,41.31,41.31
3841,1567,59,5,355.95,1779.75
3842,1567,53,5,493.72,2468.6
3843,1567,25,1,175.52,175.52
3844,1568,57,4,225.85,903.4
3845,1568,32,3,108.18,324.54
3846,1568,57,4,225.85,903.4
3847,1568,90,1,214.08,214.08
3848,1569,5,3,79.43,238.29
3849,1569,94,3,241.54,724.62
3850,1570,12,2,70.96,141.92
3851,1571,74,1,400.73,400.73
3852,1571,36,1,50.25,50.25
3853,1571,10,4,316.11,1264.44
3854,1572,94,5,241.54,1207.7
3855,1572,90,2,214.08,428.16
3856,1572,39,2,284.11,568.22
3857,1573,20,5,86.94,434.7
3858,1573,95,1,221.84,221.84
3859,1573,78,5,270.01,1350.05
3860,1573,25,3,175.52,526.56
3861,1574,23,2,226.38,452.76
3862,1574,56,4,189.05,756.2
3863,1574,66,1,379.64,379.64
3864,1575,84,3,367.52,1102.56
3865,1575,46,5,306.21,1531.05
3866,1575,65,5,127.37,636.85
3867,1575,67,3,401.38,1204.14
3868,1576,9,3,78.57,235.71
3869,1577,75,2,385.83,771.66
3870,1577,80,4,451.49,1805.96
3871,1577,6,5,142.79,713.95
3872,1578,78,4,270.01,1080.04
3873,1578,93,1,341.85,341.85
3874,1578,36,1,50.25,50.25
3875,1579,67,4,401.38,1605.52
3876,1579,77,2,128.87,257.74
3877,1579,10,5,316.11,1580.55
3878,1580,5,2,79.43,158.86
3879,1580,17,5,339.84,1699.2
3880,1580,44,5,46.58,232.9
3881,1581,94,3,241.54,724.62
3882,1581,43,1,22.62,22.62
3883,1581,35,4,410.32,1641.28
3884,1581,27,2,38.1,76.2
3885,1582,40,5,390.15,1950.75
3886,1583,37,5,354.37,1771.85
3887,1583,74,2,400.73,801.46
3888,1583,3,2,372.18,744.36
3889,1584,84,4,367.52,1470.08
3890,1584,71,5,374.06,1870.3
3891,1584,2,3,152.12,456.36
3892,1585,98,5,173.14,865.7
3893,1585,24,5,78.21,391.05
3894,1585,98,5,173.14,865.7
3895,1586,50,5,497.89,2489.45
3896,1586,77,3,128.87,386.61
3897,1586,12,5,70.96,354.8
3898,1587,55,3,329.8,989.4
3899,1588,34,4,134.4,537.6
3900,1589,26,3,182.69,548.07
3901,1589,45,4,234.82,939.28
3902,1589,64,2,142.89,285.78
3903,1590,11,5,453.8,2269.0
3904,1591,38,2,317.16,634.32
3905,1591,9,5,78.57,392.85
3906,1592,8,4,301.86,1207.44
3907,1592,4,2,118.42,236.84
3908,1592,92,3,332.79,998.37
3909,1593,4,2,118.42,236.84
3910,1593,6,5,142.79,713.95
3911,1593,42,2,408.3,816.6
3912,1593,69,4,57.06,228.24
3913,1594,44,5,46.58,232.9
3914,1595,34,4,134.4,537.6
3915,1595,9,2,78.57,157.14
3916,1595,64,3,142.89,428.67
3917,1595,18,5,45.04,225.2
3918,1596,38,4,317.16,1268.64
3919,1596,91,4,261.31,1045.24
3920,1597,93,1,341.85,341.85
3921,1598,86,5,397.74,1988.7
3922,1598,3,4,372.18,1488.72
3923,1598,91,3,261.31,783.93
3924,1598,28,4,242.71,970.84
3925,1599,38,3,317.16,951.48
3926,1599,45,5,234.82,1174.1
3927,1599,18,1,45.04,45.04
3928,1600,87,1,90.21,90.21
3929,1600,62,5,466.1,2330.5
3930,1600,96,3,305.97,917.91
3931,1600,13,1,30.46,30.46
3932,1601,63,2,94.39,188.78
3933,1602,16,5,472.23,2361.15
3934,1603,97,2,384.42,768.84
3935,1603,23,4,226.38,905.52
3936,1603,22,5,59.15,295.75
3937,1604,7,1,205.07,205.07
3938,1604,41,2,41.31,82.62
3939,1604,12,3,70.96,212.88
3940,1605,19,1,180.91,180.91
3941,1605,59,4,355.95,1423.8
3942,1605,88,2,434.27,868.54
3943,1605,18,1,45.04,45.04
3944,1606,75,2,385.83,771.66
3945,1607,70,5,159.99,799.95
3946,1608,49,1,495.64,495.64
3947,1608,46,4,306.21,1224.84
3948,1608,62,5,466.1,2330.5
3949,1608,94,1,241.54,241.54
3950,1609,30,1,357.25,357.25
3951,1609,96,3,305.97,917.91
3952,1609,55,2,329.8,659.6
3953,1609,89,2,27.6,55.2
3954,1610,61,4,359.64,1438.56
3955,1611,37,1,354.37,354.37
3956,1611,35,3,410.32,1230.96
3957,1611,76,3,426.76,1280.28
3958,1612,43,3,22.62,67.86
3959,1612,14,2,355.43,710.86
3960,1612,97,4,384.42,1537.68
3961,1612,74,1,400.73,400.73
3962,1613,96,4,305.97,1223.88
3963,1613,25,2,175.52,351.04
3964,1614,41,1,41.31,41.31
3965,1614,68,4,32.27,129.08
3966,1614,30,2,357.25,714.5
3967,1614,91,1,261.31,261.31
3968,1615,46,3,306.21,918.63
3969,1615,88,1,434.27,434.27
3970,1615,19,2,180.91,361.82
3971,1616,67,5,401.38,2006.9
3972,1616,75,5,385.83,1929.15
3973,1616,3,4,372.18,1488.72
3974,1616,11,5,453.8,2269.0
3975,1617,20,4,86.94,347.76
3976,1617,70,1,159.99,159.99
3977,1617,31,4,169.22,676.88
3978,1617,57,4,225.85,903.4
3979,1618,95,2,221.84,443.68
3980,1618,77,3,128.87,386.61
3981,1618,95,1,221.84,221.84
3982,1618,5,5,79.43,397.15
3983,1619,7,2,205.07,410.14
3984,1619,96,5,305.97,1529.85
3985,1620,61,2,359.64,719.28
3986,1620,15,3,53.94,161.82
3987,1621,40,2,390.15,780.3
3988,1621,57,5,225.85,1129.25
3989,1621,67,4,401.38,1605.52
3990,1621,28,2,242.71,485.42
3991,1622,73,3,387.14,1161.42
3992,1622,89,2,27.6,55.2
3993,1623,80,4,451.49,1805.96
3994,1624,82,1,369.1,369.1
3995,1624,19,2,180.91,361.82
3996,1625,22,5,59.15,295.75
3997,1625,37,5,354.37,1771.85
3998,1626,14,4,355.43,1421.72
3999,1626,88,2,434.27,868.54
4000,1626,57,2,225.85,451.7
4001,1627,96,5,305.97,1529.85
4002,1627,41,5,41.31,206.55
4003,1627,56,5,189.05,945.25
4004,1627,52,3,111.57,334.71
4005,1628,15,3,53.94,161.82
4006,1628,42,4,408.3,1633.2
4007,1628,66,1,379.64,379.64
4008,1629,92,4,332.79,1331.16
4009,1629,69,5,57.06,285.3
4010,1630,55,1,329.8,329.8
4011,1631,37,5,354.37,1771.85
4012,1632,87,3,90.21,270.63
4013,1632,70,3,159.99,479.97
4014,1633,33,4,384.16,1536.64
4015,1633,54,4,118.02,472.08
4016,1633,67,5,401.38,2006.9
4017,1634,11,4,453.8,1815.2
4018,1634,67,4,401.38,1605.52
4019,1634,70,4,159.99,639.96
4020,1635,41,1,41.31,41.31
4021,1635,46,2,306.21,612.42
4022,1636,95,4,221.84,887.36
4023,1636,82,2,369.1,738.2
4024,1637,58,4,20.84,83.36
4025,1637,70,2,159.99,319.98
4026,1638,86,3,397.74,1193.22
4027,1638,100,1,46.79,46.79
4028,1639,40,1,390.15,390.15
4029,1639,16,5,472.23,2361.15
4030,1639,54,2,118.02,236.04
4031,1639,35,4,410.32,1641.28
4032,1640,44,2,46.58,93.16
4033,1641,34,4,134.4,537.6
4034,1642,86,5,397.74,1988.7
4035,1642,61,5,359.64,1798.2
4036,1642,17,5,339.84,1699.2
4037,1643,87,1,90.21,90.21
4038,1643,92,4,332.79,1331.16
4039,1644,13,2,30.46,60.92
4040,1644,42,5,408.3,2041.5
4041,1644,23,2,226.38,452.76
4042,1645,19,2,180.91,361.82
4043,1645,56,3,189.05,567.15
4044,1645,83,2,238.96,477.92
4045,1646,37,5,354.37,1771.85
4046,1646,41,2,41.31,82.62
4047,1646,20,1,86.94,86.94
4048,1646,86,4,397.74,1590.96
4049,1647,68,4,32.27,129.08
4050,1647,67,3,401.38,1204.14
4051,1647,82,2,369.1,738.2
4052,1647,71,2,374.06,748.12
4053,1648,79,2,141.3,282.6
4054,1648,53,3,493.72,1481.16
4055,1648,99,3,494.94,1484.82
4056,1648,49,1,495.64,495.64
4057,1649,23,4,226.38,905.52
4058,1649,77,1,128.87,128.87
4059,1649,1,2,29.45,58.9
4060,1650,13,2,30.46,60.92
4061,1651,49,1,495.64,495.64
4062,1651,79,4,141.3,565.2
4063,1651,8,1,301.86,301.86
4064,1652,23,3,226.38,679.14
4065,1653,38,1,317.16,317.16
4066,1653,38,1,317.16,317.16
4067,1654,67,4,401.38,1605.52
4068,1654,31,1,169.22,169.22
4069,1655,4,2,118.42,236.84
4070,1656,48,1,424.68,424.68
4071,1657,6,5,142.79,713.95
4072,1657,4,3,118.42,355.26
4073,1657,36,5,50.25,251.25
4074,1658,28,5,242.71,1213.55
4075,1658,49,1,495.64,495.64
4076,1658,92,2,332.79,665.58
4077,1658,23,2,226.38,452.76
4078,1659,98,2,173.14,346.28
4079,1659,50,2,497.89,995.78
4080,1660,78,1,270.01,270.01
4081,1660,60,4,158.81,635.24
4082,1660,38,3,317.16,951.48
4083,1660,13,4,30.46,121.84
4084,1661,57,1,225.85,225.85
4085,1661,59,4,355.95,1423.8
4086,1662,49,4,495.64,1982.56
4087,1663,29,3,225.18,675.54
4088,1664,56,3,189.05,567.15
4089,1664,39,1,284.11,284.11
4090,1664,80,1,451.49,451.49
4091,1665,22,4,59.15,236.6
4092,1666,1,3,29.45,88.35
4093,1666,48,4,424.68,1698.72
4094,1666,86,1,397.74,397.74
4095,1667,28,3,242.71,728.13
4096,1667,35,1,410.32,410.32
4097,1668,13,1,30.46,30.46
4098,1669,57,1,225.85,225.85
4099,1669,50,2,497.89,995.78
4100,1669,80,1,451.49,451.49
4101,1669,38,3,317.16,951.48
4102,1670,39,2,284.11,568.22
4103,1670,30,2,357.25,714.5
4104,1670,7,3,205.07,615.21
4105,1670,53,1,493.72,493.72
4106,1671,4,4,118.42,473.68
4107,1671,90,4,214.08,856.32
4108,1672,62,2,466.1,932.2
4109,1673,36,5,50.25,251.25
4110,1673,74,1,400.73,400.73
4111,1674,36,2,50.25,100.5
4112,1675,95,5,221.84,1109.2
4113,1676,4,1,118.42,118.42
4114,1676,74,1,400.73,400.73
4115,1677,27,4,38.1,152.4
4116,1677,12,4,70.96,283.84
4117,1677,35,3,410.32,1230.96
4118,1678,19,5,180.91,904.55
4119,1678,77,4,128.87,515.48
4120,1678,21,5,397.21,1986.05
4121,1679,42,5,408.3,2041.5
4122,1679,93,4,341.85,1367.4
4123,1679,81,3,35.95,107.85
4124,1680,71,5,374.06,1870.3
4125,1680,49,3,495.64,1486.92
4126,1680,70,1,159.99,159.99
4127,1680,58,4,20.84,83.36
4128,1681,38,3,317.16,951.48
4129,1681,22,1,59.15,59.15
4130,1682,78,2,270.01,540.02
4131,1682,75,3,385.83,1157.49
4132,1683,31,3,169.22,507.66
4133,1683,42,5,408.3,2041.5
4134,1683,10,3,316.11,948.33
4135,1684,42,1,408.3,408.3
4136,1684,43,3,22.62,67.86
4137,1684,53,3,493.72,1481.16
4138,1685,84,4,367.52,1470.08
4139,1685,31,3,169.22,507.66
4140,1685,77,4,128.87,515.48
4141,1685,65,3,127.37,382.11
4142,1686,74,3,400.73,1202.19
4143,1686,22,3,59.15,177.45
4144,1686,51,1,185.34,185.34
4145,1686,14,2,355.43,710.86
4146,1687,7,4,205.07,820.28
4147,1687,19,2,180.91,361.82
4148,1687,76,3,426.76,1280.28
4149,1688,35,3,410.32,1230.96
4150,1688,24,2,78.21,156.42
4151,1688,79,3,141.3,423.9
4152,1688,86,1,397.74,397.74
4153,1689,95,4,221.84,887.36
4154,1689,68,1,32.27,32.27
4155,1689,71,5,374.06,1870.3
4156,1689,49,5,495.64,2478.2
4157,1690,52,5,111.57,557.85
4158,1691,22,1,59.15,59.15
4159,1692,96,3,305.97,917.91
4160,1692,3,4,372.18,1488.72
4161,1692,3,3,372.18,1116.54
4162,1692,43,3,22.62,67.86
4163,1693,92,1,332.79,332.79
4164,1693,5,1,79.43,79.43
4165,1693,36,4,50.25,201.0
4166,1694,38,5,317.16,1585.8
4167,1694,69,5,57.06,285.3
4168,1695,77,3,128.87,386.61
4169,1695,92,3,332.79,998.37
4170,1696,79,2,141.3,282.6
4171,1696,21,2,397.21,794.42
4172,1697,59,2,355.95,711.9
4173,1698,18,4,45.04,180.16
4174,1698,66,5,379.64,1898.2
4175,1698,21,1,397.21,397.21
4176,1698,85,1,492.59,492.59
4177,1699,31,4,169.22,676.88
4178,1700,96,5,305.97,1529.85
4179,1700,75,5,385.83,1929.15
4180,1700,77,5,128.87,644.35
4181,1701,44,4,46.58,186.32
4182,1701,30,3,357.25,1071.75
4183,1701,92,5,332.79,1663.95
4184,1701,27,4,38.1,152.4
4185,1702,57,3,225.85,677.55
4186,1703,56,1,189.05,189.05
4187,1703,84,5,367.52,1837.6
4188,1703,12,4,70.96,283.84
4189,1704,9,2,78.57,157.14
4190,1705,26,3,182.69,548.07
4191,1706,8,5,301.86,1509.3
4192,1706,55,1,329.8,329.8
4193,1706,83,4,238.96,955.84
4194,1707,97,2,384.42,768.84
4195,1707,83,1,238.96,238.96
4196,1708,33,1,384.16,384.16
4197,1708,69,5,57.06,285.3
4198,1708,57,1,225.85,225.85
4199,1709,13,5,30.46,152.3
4200,1710,89,2,27.6,55.2
4201,1711,87,2,90.21,180.42
4202,1711,78,4,270.01,1080.04
4203,1711,28,2,242.71,485.42
4204,1711,68,2,32.27,64.54
4205,1712,73,3,387.14,1161.42
4206,1713,24,1,78.21,78.21
4207,1713,44,2,46.58,93.16
4208,1714,94,5,241.54,1207.7
4209,1714,36,2,50.25,100.5
4210,1714,54,3,118.02,354.06
4211,1714,97,1,384.42,384.42
4212,1715,77,2,128.87,257.74
4213,1715,54,2,118.02,236.04
4214,1715,12,5,70.96,354.8
4215,1716,31,2,169.22,338.44
4216,1717,37,5,354.37,1771.85
4217,1718,24,1,78.21,78.21
4218,1718,95,3,221.84,665.52
4219,1718,9,3,78.57,235.71
4220,1718,90,3,214.08,642.24
4221,1719,31,5,169.22,846.1
4222,1719,81,4,35.95,143.8
4223,1719,45,5,234.82,1174.1
4224,1720,38,2,317.16,634.32
4225,1720,1,5,29.45,147.25
4226,1720,20,1,86.94,86.94
4227,1720,11,1,453.8,453.8
4228,1721,2,3,152.12,456.36
4229,1721,13,2,30.46,60.92
4230,1722,83,2,238.96,477.92
4231,1722,83,2,238.96,477.92
4232,1722,7,1,205.07,205.07
4233,1723,87,4,90.21,360.84
4234,1723,56,5,189.05,945.25
4235,1723,79,4,141.3,565.2
4236,1724,72,1,437.04,437.04
4237,1724,100,2,46.79,93.58
4238,1724,26,5,182.69,913.45
4239,1724,49,5,495.64,2478.2
4240,1725,63,1,94.39,94.39
4241,1726,46,1,306.21,306.21
4242,1726,45,3,234.82,704.46
4243,1726,11,5,453.8,2269.0
4244,1727,33,5,384.16,1920.8
4245,1727,62,5,466.1,2330.5
4246,1728,41,4,41.31,165.24
4247,1728,89,3,27.6,82.8
4248,1728,44,1,46.58,46.58
4249,1728,50,2,497.89,995.78
4250,1729,21,2,397.21,794.42
4251,1729,73,3,387.14,1161.42
4252,1730,11,1,453.8,453.8
4253,1730,18,3,45.04,135.12
4254,1731,17,1,339.84,339.84
4255,1731,22,1,59.15,59.15
4256,1732,43,4,22.62,90.48
4257,1732,39,3,284.11,852.33
4258,1733,72,4,437.04,1748.16
4259,1734,9,1,78.57,78.57
4260,1734,20,3,86.94,260.82
4261,1735,82,2,369.1,738.2
4262,1735,74,1,400.73,400.73
4263,1735,13,1,30.46,30.46
4264,1736,7,4,205.07,820.28
4265,1736,22,4,59.15,236.6
4266,1737,17,5,339.84,1699.2
4267,1737,8,5,301.86,1509.3
4268,1737,35,1,410.32,410.32
4269,1737,21,2,397.21,794.42
4270,1738,9,5,78.57,392.85
4271,1738,55,3,329.8,989.4
4272,1739,54,2,118.02,236.04
4273,1739,85,1,492.59,492.59
4274,1739,91,3,261.31,783.93
4275,1740,88,5,434.27,2171.35
4276,1741,55,3,329.8,989.4
4277,1742,24,2,78.21,156.42
4278,1743,68,2,32.27,64.54
4279,1743,34,1,134.4,134.4
4280,1743,95,1,221.84,221.84
4281,1743,18,4,45.04,180.16
4282,1744,64,5,142.89,714.45
4283,1744,78,3,270.01,810.03
4284,1745,45,3,234.82,704.46
4285,1745,23,5,226.38,1131.9
4286,1746,65,2,127.37,254.74
4287,1746,48,4,424.68,1698.72
4288,1747,43,4,22.62,90.48
4289,1747,4,3,118.42,355.26
4290,1748,75,3,385.83,1157.49
4291,1749,73,5,387.14,1935.7
4292,1749,39,2,284.11,568.22
4293,1750,26,5,182.69,913.45
4294,1750,92,5,332.79,1663.95
4295,1750,34,1,134.4,134.4
4296,1751,58,4,20.84,83.36
4297,1752,38,1,317.16,317.16
4298,1753,16,1,472.23,472.23
4299,1754,17,4,339.84,1359.36
4300,1754,52,3,111.57,334.71
4301,1754,91,5,261.31,1306.55
4302,1754,91,4,261.31,1045.24
4303,1755,56,5,189.05,945.25
4304,1755,99,5,494.94,2474.7
4305,1756,46,3,306.21,918.63
4306,1756,60,5,158.81,794.05
4307,1757,94,5,241.54,1207.7
4308,1757,89,4,27.6,110.4
4309,1758,20,1,86.94,86.94
4310,1758,75,2,385.83,771.66
4311,1758,36,4,50.25,201.0
4312,1759,53,4,493.72,1974.88
4313,1759,40,5,390.15,1950.75
4314,1760,38,2,317.16,634.32
4315,1760,74,5,400.73,2003.65
4316,1760,60,5,158.81,794.05
4317,1761,78,4,270.01,1080.04
4318,1761,80,1,451.49,451.49
4319,1762,56,3,189.05,567.15
4320,1763,25,4,175.52,702.08
4321,1763,19,5,180.91,904.55
4322,1763,24,3,78.21,234.63
4323,1763,83,1,238.96,238.96
4324,1764,16,4,472.23,1888.92
4325,1764,35,5,410.32,2051.6
4326,1764,40,2,390.15,780.3
4327,1765,24,4,78.21,312.84
4328,1765,14,5,355.43,1777.15
4329,1765,33,1,384.16,384.16
4330,1766,50,5,497.89,2489.45
4331,1766,58,1,20.84,20.84
4332,1766,10,5,316.11,1580.55
4333,1767,64,2,142.89,285.78
4334,1768,52,1,111.57,111.57
4335,1768,2,5,152.12,760.6
4336,1769,52,2,111.57,223.14
4337,1769,83,3,238.96,716.88
4338,1769,30,4,357.25,1429.0
4339,1769,37,4,354.37,1417.48
4340,1770,44,5,46.58,232.9
4341,1770,73,1,387.14,387.14
4342,1771,17,5,339.84,1699.2
4343,1772,13,3,30.46,91.38
4344,1773,79,5,141.3,706.5
4345,1773,56,2,189.05,378.1
4346,1774,49,3,495.64,1486.92
4347,1775,87,2,90.21,180.42
4348,1775,71,3,374.06,1122.18
4349,1776,98,2,173.14,346.28
4350,1777,8,4,301.86,1207.44
4351,1777,67,5,401.38,2006.9
4352,1777,26,1,182.69,182.69
4353,1777,91,5,261.31,1306.55
4354,1778,59,3,355.95,1067.85
4355,1778,34,3,134.4,403.2
4356,1778,39,4,284.11,1136.44
4357,1779,30,1,357.25,357.25
4358,1780,10,5,316.11,1580.55
4359,1780,1,1,29.45,29.45
4360,1780,34,1,134.4,134.4
4361,1780,93,4,341.85,1367.4
4362,1781,66,1,379.64,379.64
4363,1781,41,5,41.31,206.55
4364,1782,75,2,385.83,771.66
4365,1782,92,1,332.79,332.79
4366,1783,87,5,90.21,451.05
4367,1783,20,1,86.94,86.94
4368,1784,49,2,495.64,991.28
4369,1784,40,4,390.15,1560.6
4370,1785,6,5,142.79,713.95
4371,1786,10,4,316.11,1264.44
4372,1787,11,4,453.8,1815.2
4373,1788,76,3,426.76,1280.28
4374,1788,89,3,27.6,82.8
4375,1788,51,5,185.34,926.7
4376,1789,26,5,182.69,913.45
4377,1789,77,2,128.87,257.74
4378,1789,96,3,305.97,917.91
4379,1789,33,1,384.16,384.16
4380,1790,26,1,182.69,182.69
4381,1790,11,3,453.8,1361.4
4382,1791,50,3,497.89,1493.67
4383,1791,90,1,214.08,214.08
4384,1792,37,3,354.37,1063.11
4385,1793,35,5,410.32,2051.6
4386,1793,84,5,367.52,1837.6
4387,1793,8,5,301.86,1509.3
4388,1793,33,5,384.16,1920.8
4389,1794,91,3,261.31,783.93
4390,1794,5,1,79.43,79.43
4391,1794,15,1,53.94,53.94
4392,1795,70,1,159.99,159.99
4393,1795,21,3,397.21,1191.63
4394,1795,19,5,180.91,904.55
4395,1795,75,3,385.83,1157.49
4396,1796,77,5,128.87,644.35
4397,1797,66,1,379.64,379.64
4398,1797,68,3,32.27,96.81
4399,1797,96,3,305.97,917.91
4400,1797,49,3,495.64,1486.92
4401,1798,16,5,472.23,2361.15
4402,1799,23,1,226.38,226.38
4403,1800,22,2,59.15,118.3
4404,1800,33,1,384.16,384.16
4405,1800,78,3,270.01,810.03
4406,1801,61,4,359.64,1438.56
4407,1802,61,3,359.64,1078.92
4408,1802,61,3,359.64,1078.92
4409,1802,80,3,451.49,1354.47
4410,1802,53,2,493.72,987.44
4411,1803,4,3,118.42,355.26
4412,1803,53,4,493.72,1974.88
4413,1803,83,2,238.96,477.92
4414,1804,36,2,50.25,100.5
4415,1805,12,3,70.96,212.88
4416,1806,56,1,189.05,189.05
4417,1806,81,4,35.95,143.8
4418,1807,47,5,45.16,225.8
4419,1807,72,3,437.04,1311.12
4420,1807,24,1,78.21,78.21
4421,1808,41,3,41.31,123.93
4422,1808,95,5,221.84,1109.2
4423,1808,65,5,127.37,636.85
4424,1809,97,1,384.42,384.42
4425,1810,8,4,301.86,1207.44
4426,1810,95,3,221.84,665.52
4427,1810,97,2,384.42,768.84
4428,1811,85,1,492.59,492.59
4429,1811,92,2,332.79,665.58
4430,1811,37,2,354.37,708.74
4431,1812,22,5,59.15,295.75
4432,1812,34,1,134.4,134.4
4433,1813,26,1,182.69,182.69
4434,1813,81,4,35.95,143.8
4435,1813,52,2,111.57,223.14
4436,1813,7,2,205.07,410.14
4437,1814,23,4,226.38,905.52
4438,1814,67,5,401.38,2006.9
4439,1814,86,4,397.74,1590.96
4440,1814,56,4,189.05,756.2
4441,1815,53,5,493.72,2468.6
4442,1815,45,5,234.82,1174.1
4443,1816,18,5,45.04,225.2
4444,1816,89,3,27.6,82.8
4445,1816,47,5,45.16,225.8
4446,1816,17,5,339.84,1699.2
4447,1817,27,1,38.1,38.1
4448,1817,10,4,316.11,1264.44
4449,1818,72,3,437.04,1311.12
4450,1818,78,1,270.01,270.01
4451,1819,98,4,173.14,692.56
4452,1820,1,4,29.45,117.8
4453,1820,56,4,189.05,756.2
4454,1820,75,5,385.83,1929.15
4455,1821,21,3,397.21,1191.63
4456,1821,48,4,424.68,1698.72
4457,1821,85,2,492.59,985.18
4458,1821,3,2,372.18,744.36
4459,1822,68,5,32.27,161.35
4460,1822,41,5,41.31,206.55
4461,1822,38,5,317.16,1585.8
4462,1823,86,4,397.74,1590.96
4463,1824,63,4,94.39,377.56
4464,1824,82,3,369.1,1107.3
4465,1824,73,1,387.14,387.14
4466,1825,5,1,79.43,79.43
4467,1825,30,2,357.25,714.5
4468,1825,80,5,451.49,2257.45
4469,1826,24,4,78.21,312.84
4470,1826,49,2,495.64,991.28
4471,1827,2,2,152.12,304.24
4472,1827,60,4,158.81,635.24
4473,1827,53,5,493.72,2468.6
4474,1827,57,3,225.85,677.55
4475,1828,70,1,159.99,159.99
4476,1828,5,4,79.43,317.72
4477,1828,15,2,53.94,107.88
4478,1828,6,5,142.79,713.95
4479,1829,91,3,261.31,783.93
4480,1829,58,2,20.84,41.68
4481,1829,34,2,134.4,268.8
4482,1830,4,5,118.42,592.1
4483,1830,34,2,134.4,268.8
4484,1831,53,3,493.72,1481.16
4485,1831,75,1,385.83,385.83
4486,1831,60,1,158.81,158.81
4487,1831,51,4,185.34,741.36
4488,1832,61,4,359.64,1438.56
4489,1832,9,2,78.57,157.14
4490,1833,86,2,397.74,795.48
4491,1833,19,5,180.91,904.55
4492,1833,77,3,128.87,386.61
4493,1833,2,4,152.12,608.48
4494,1834,23,3,226.38,679.14
4495,1834,35,3,410.32,1230.96
4496,1834,57,2,225.85,451.7
4497,1835,74,2,400.73,801.46
4498,1835,55,2,329.8,659.6
4499,1835,75,2,385.83,771.66
4500,1836,90,2,214.08,428.16
4501,1836,97,2,384.42,768.84
4502,1836,8,5,301.86,1509.3
4503,1836,73,3,387.14,1161.42
4504,1837,93,3,341.85,1025.55
4505,1838,20,5,86.94,434.7
4506,1838,25,2,175.52,351.04
4507,1838,22,3,59.15,177.45
4508,1838,96,4,305.97,1223.88
4509,1839,49,2,495.64,991.28
4510,1839,83,4,238.96,955.84
4511,1839,69,4,57.06,228.24
4512,1840,17,1,339.84,339.84
4513,1840,98,2,173.14,346.28
4514,1840,25,3,175.52,526.56
4515,1841,56,5,189.05,945.25
4516,1841,73,3,387.14,1161.42
4517,1841,90,5,214.08,1070.4
4518,1842,5,1,79.43,79.43
4519,1842,89,1,27.6,27.6
4520,1842,42,1,408.3,408.3
4521,1842,16,5,472.23,2361.15
4522,1843,74,1,400.73,400.73
4523,1844,18,5,45.04,225.2
4524,1844,8,4,301.86,1207.44
4525,1844,29,2,225.18,450.36
4526,1845,19,2,180.91,361.82
4527,1845,26,1,182.69,182.69
4528,1846,29,4,225.18,900.72
4529,1846,91,2,261.31,522.62
4530,1846,97,3,384.42,1153.26
4531,1846,23,4,226.38,905.52
4532,1847,65,1,127.37,127.37
4533,1847,90,1,214.08,214.08
4534,1847,10,2,316.11,632.22
4535,1847,72,5,437.04,2185.2
4536,1848,97,1,384.42,384.42
4537,1849,35,5,410.32,2051.6
4538,1849,15,5,53.94,269.7
4539,1849,28,3,242.71,728.13
4540,1850,52,4,111.57,446.28
4541,1850,47,2,45.16,90.32
4542,1850,39,4,284.11,1136.44
4543,1851,77,5,128.87,644.35
4544,1851,93,5,341.85,1709.25
4545,1851,79,3,141.3,423.9
4546,1851,72,1,437.04,437.04
4547,1852,46,2,306.21,612.42
4548,1852,98,2,173.14,346.28
4549,1852,73,1,387.14,387.14
4550,1853,22,2,59.15,118.3
4551,1853,31,3,169.22,507.66
4552,1853,64,4,142.89,571.56
4553,1853,28,4,242.71,970.84
4554,1854,14,2,355.43,710.86
4555,1855,17,1,339.84,339.84
4556,1856,29,5,225.18,1125.9
4557,1856,25,2,175.52,351.04
4558,1856,29,4,225.18,900.72
4559,1857,100,3,46.79,140.37
4560,1858,31,3,169.22,507.66
4561,1858,37,2,354.37,708.74
4562,1858,52,2,111.57,223.14
4563,1859,95,3,221.84,665.52
4564,1859,60,2,158.81,317.62
4565,1859,2,5,152.12,760.6
4566,1859,26,2,182.69,365.38
4567,1860,38,3,317.16,951.48
4568,1860,71,4,374.06,1496.24
4569,1860,95,5,221.84,1109.2
4570,1861,75,1,385.83,385.83
4571,1861,98,5,173.14,865.7
4572,1861,11,3,453.8,1361.4
4573,1861,81,1,35.95,35.95
4574,1862,60,2,158.81,317.62
4575,1863,51,1,185.34,185.34
4576,1863,53,5,493.72,2468.6
4577,1863,24,3,78.21,234.63
4578,1863,93,4,341.85,1367.4
4579,1864,45,1,234.82,234.82
4580,1864,71,2,374.06,748.12
4581,1864,40,2,390.15,780.3
4582,1865,66,5,379.64,1898.2
4583,1865,56,2,189.05,378.1
4584,1865,50,5,497.89,2489.45
4585,1866,26,1,182.69,182.69
4586,1867,67,5,401.38,2006.9
4587,1868,46,4,306.21,1224.84
4588,1869,20,3,86.94,260.82
4589,1869,75,3,385.83,1157.49
4590,1870,27,1,38.1,38.1
4591,1870,37,4,354.37,1417.48
4592,1870,54,4,118.02,472.08
4593,1871,97,4,384.42,1537.68
4594,1872,97,3,384.42,1153.26
4595,1872,12,1,70.96,70.96
4596,1873,54,1,118.02,118.02
4597,1874,25,2,175.52,351.04
4598,1874,41,1,41.31,41.31
4599,1875,36,5,50.25,251.25
4600,1875,56,3,189.05,567.15
4601,1875,24,3,78.21,234.63
4602,1876,77,1,128.87,128.87
4603,1877,99,2,494.94,989.88
4604,1877,10,1,316.11,316.11
4605,1877,17,1,339.84,339.84
4606,1877,8,1,301.86,301.86
4607,1878,6,5,142.79,713.95
4608,1879,32,4,108.18,432.72
4609,1879,32,3,108.18,324.54
4610,1879,27,3,38.1,114.3
4611,1879,57,2,225.85,451.7
4612,1880,29,1,225.18,225.18
4613,1880,41,3,41.31,123.93
4614,1881,83,2,238.96,477.92
4615,1881,85,3,492.59,1477.77
4616,1882,92,4,332.79,1331.16
4617,1882,3,5,372.18,1860.9
4618,1883,89,1,27.6,27.6
4619,1883,27,3,38.1,114.3
4620,1884,29,5,225.18,1125.9
4621,1885,82,2,369.1,738.2
4622,1886,27,2,38.1,76.2
4623,1886,21,5,397.21,1986.05
4624,1887,98,1,173.14,173.14
4625,1887,14,3,355.43,1066.29
4626,1887,69,2,57.06,114.12
4627,1888,84,2,367.52,735.04
4628,1888,48,2,424.68,849.36
4629,1888,71,3,374.06,1122.18
4630,1888,80,2,451.49,902.98
4631,1889,81,3,35.95,107.85
4632,1889,19,4,180.91,723.64
4633,1889,96,5,305.97,1529.85
4634,1889,67,4,401.38,1605.52
4635,1890,95,5,221.84,1109.2
4636,1890,9,5,78.57,392.85
4637,1891,73,1,387.14,387.14
4638,1891,16,5,472.23,2361.15
4639,1892,49,2,495.64,991.28
4640,1892,98,4,173.14,692.56
4641,1892,25,1,175.52,175.52
4642,1893,33,4,384.16,1536.64
4643,1893,38,1,317.16,317.16
4644,1893,6,4,142.79,571.16
4645,1893,87,4,90.21,360.84
4646,1894,78,5,270.01,1350.05
4647,1894,92,3,332.79,998.37
4648,1894,93,2,341.85,683.7
4649,1894,28,1,242.71,242.71
4650,1895,47,4,45.16,180.64
4651,1895,68,4,32.27,129.08
4652,1896,14,5,355.43,1777.15
4653,1896,29,4,225.18,900.72
4654,1897,42,4,408.3,1633.2
4655,1897,9,5,78.57,392.85
4656,1897,43,2,22.62,45.24
4657,1897,78,4,270.01,1080.04
4658,1898,13,5,30.46,152.3
4659,1898,71,3,374.06,1122.18
4660,1898,62,1,466.1,466.1
4661,1899,13,5,30.46,152.3
4662,1900,83,2,238.96,477.92
4663,1901,41,4,41.31,165.24
4664,1901,34,2,134.4,268.8
4665,1901,77,5,128.87,644.35
4666,1901,20,1,86.94,86.94
4667,1902,43,4,22.62,90.48
4668,1903,18,2,45.04,90.08
4669,1904,7,5,205.07,1025.35
4670,1904,89,4,27.6,110.4
4671,1905,1,2,29.45,58.9
4672,1905,98,3,173.14,519.42
4673,1905,41,3,41.31,123.93
4674,1905,76,2,426.76,853.52
4675,1906,93,1,341.85,341.85
4676,1906,58,4,20.84,83.36
4677,1907,19,3,180.91,542.73
4678,1907,19,1,180.91,180.91
4679,1907,74,3,400.73,1202.19
4680,1907,52,2,111.57,223.14
4681,1908,92,2,332.79,665.58
4682,1908,96,2,305.97,611.94
4683,1908,58,3,20.84,62.52
4684,1909,5,5,79.43,397.15
4685,1909,72,3,437.04,1311.12
4686,1909,27,2,38.1,76.2
4687,1909,74,4,400.73,1602.92
4688,1910,91,5,261.31,1306.55
4689,1910,90,1,214.08,214.08
4690,1910,82,4,369.1,1476.4
4691,1911,30,3,357.25,1071.75
4692,1911,16,3,472.23,1416.69
4693,1911,23,3,226.38,679.14
4694,1912,79,3,141.3,423.9
4695,1912,23,3,226.38,679.14
4696,1912,4,4,118.42,473.68
4697,1912,38,4,317.16,1268.64
4698,1913,74,5,400.73,2003.65
4699,1914,53,3,493.72,1481.16
4700,1914,50,4,497.89,1991.56
4701,1914,16,2,472.23,944.46
4702,1915,77,1,128.87,128.87
4703,1916,61,2,359.64,719.28
4704,1916,98,3,173.14,519.42
4705,1917,52,2,111.57,223.14
4706,1917,3,1,372.18,372.18
4707,1917,13,1,30.46,30.46
4708,1917,80,4,451.49,1805.96
4709,1918,21,5,397.21,1986.05
4710,1918,61,1,359.64,359.64
4711,1918,81,2,35.95,71.9
4712,1918,12,1,70.96,70.96
4713,1919,25,5,175.52,877.6
4714,1919,11,2,453.8,907.6
4715,1919,66,4,379.64,1518.56
4716,1919,99,1,494.94,494.94
4717,1920,70,2,159.99,319.98
4718,1921,93,5,341.85,1709.25
4719,1921,6,2,142.79,285.58
4720,1922,83,2,238.96,477.92
4721,1922,1,2,29.45,58.9
4722,1923,30,5,357.25,1786.25
4723,1924,83,3,238.96,716.88
4724,1924,80,4,451.49,1805.96
4725,1924,90,3,214.08,642.24
4726,1925,94,2,241.54,483.08
4727,1925,25,5,175.52,877.6
4728,1925,66,5,379.64,1898.2
4729,1925,99,5,494.94,2474.7
4730,1926,29,1,225.18,225.18
4731,1926,32,2,108.18,216.36
4732,1926,52,1,111.57,111.57
4733,1926,67,3,401.38,1204.14
4734,1927,89,3,27.6,82.8
4735,1927,100,1,46.79,46.79
4736,1927,2,4,152.12,608.48
4737,1928,16,3,472.23,1416.69
4738,1929,88,2,434.27,868.54
4739,1930,73,5,387.14,1935.7
4740,1930,77,3,128.87,386.61
4741,1930,28,2,242.71,485.42
4742,1930,3,3,372.18,1116.54
4743,1931,23,3,226.38,679.14
4744,1931,25,5,175.52,877.6
4745,1932,70,2,159.99,319.98
4746,1932,53,3,493.72,1481.16
4747,1932,17,4,339.84,1359.36
4748,1932,54,3,118.02,354.06
4749,1933,34,4,134.4,537.6
4750,1933,77,3,128.87,386.61
4751,1934,29,1,225.18,225.18
4752,1934,28,4,242.71,970.84
4753,1935,10,3,316.11,948.33
4754,1936,47,3,45.16,135.48
4755,1936,34,2,134.4,268.8
4756,1936,66,4,379.64,1518.56
4757,1937,63,3,94.39,283.17
4758,1937,79,2,141.3,282.6
4759,1938,12,2,70.96,141.92
4760,1938,56,1,189.05,189.05
4761,1938,27,3,38.1,114.3
4762,1938,21,5,397.21,1986.05
4763,1939,63,1,94.39,94.39
4764,1939,81,5,35.95,179.75
4765,1940,3,5,372.18,1860.9
4766,1940,45,3,234.82,704.46
4767,1941,41,1,41.31,41.31
4768,1941,47,4,45.16,180.64
4769,1941,46,1,306.21,306.21
4770,1941,24,3,78.21,234.63
4771,1942,82,1,369.1,369.1
4772,1942,46,1,306.21,306.21
4773,1943,40,3,390.15,1170.45
4774,1944,65,1,127.37,127.37
4775,1944,81,1,35.95,35.95
4776,1945,70,2,159.99,319.98
4777,1945,49,1,495.64,495.64
4778,1946,35,3,410.32,1230.96
4779,1946,92,5,332.79,1663.95
4780,1946,8,2,301.86,603.72
4781,1947,17,3,339.84,1019.52
4782,1947,93,5,341.85,1709.25
4783,1948,44,3,46.58,139.74
4784,1948,84,2,367.52,735.04
4785,1949,4,3,118.42,355.26
4786,1949,90,3,214.08,642.24
4787,1949,27,2,38.1,76.2
4788,1949,84,5,367.52,1837.6
4789,1950,7,4,205.07,820.28
4790,1951,34,1,134.4,134.4
4791,1951,69,3,57.06,171.18
4792,1951,67,4,401.38,1605.52
4793,1952,27,2,38.1,76.2
4794,1953,40,2,390.15,780.3
4795,1953,7,3,205.07,615.21
4796,1954,19,2,180.91,361.82
4797,1954,78,2,270.01,540.02
4798,1954,35,1,410.32,410.32
4799,1955,44,3,46.58,139.74
4800,1955,22,1,59.15,59.15
4801,1956,61,2,359.64,719.28
4802,1956,56,2,189.05,378.1
4803,1957,32,3,108.18,324.54
4804,1958,27,1,38.1,38.1
4805,1959,46,5,306.21,1531.05
4806,1959,67,1,401.38,401.38
4807,1959,26,3,182.69,548.07
4808,1960,76,4,426.76,1707.04
4809,1960,68,5,32.27,161.35
4810,1960,31,3,169.22,507.66
4811,1961,50,4,497.89,1991.56
4812,1961,61,1,359.64,359.64
4813,1961,75,4,385.83,1543.32
4814,1962,79,2,141.3,282.6
4815,1962,25,3,175.52,526.56
4816,1963,94,2,241.54,483.08
4817,1964,77,2,128.87,257.74
4818,1964,61,3,359.64,1078.92
4819,1965,81,1,35.95,35.95
4820,1965,55,5,329.8,1649.0
4821,1966,99,1,494.94,494.94
4822,1966,62,2,466.1,932.2
4823,1966,61,2,359.64,719.28
4824,1966,1,1,29.45,29.45
4825,1967,60,3,158.81,476.43
4826,1968,89,4,27.6,110.4
4827,1968,62,3,466.1,1398.3
4828,1969,45,5,234.82,1174.1
4829,1969,15,1,53.94,53.94
4830,1969,79,3,141.3,423.9
4831,1970,47,4,45.16,180.64
4832,1970,18,3,45.04,135.12
4833,1970,70,2,159.99,319.98
4834,1971,80,5,451.49,2257.45
4835,1971,40,5,390.15,1950.75
4836,1971,72,1,437.04,437.04
4837,1972,50,3,497.89,1493.67
4838,1972,78,1,270.01,270.01
4839,1972,78,2,270.01,540.02
4840,1972,11,2,453.8,907.6
4841,1973,77,2,128.87,257.74
4842,1973,93,5,341.85,1709.25
4843,1973,94,5,241.54,1207.7
4844,1974,20,5,86.94,434.7
4845,1974,27,1,38.1,38.1
4846,1974,88,1,434.27,434.27
4847,1975,32,2,108.18,216.36
4848,1975,62,3,466.1,1398.3
4849,1975,80,3,451.49,1354.47
4850,1975,59,4,355.95,1423.8
4851,1976,67,3,401.38,1204.14
4852,1976,29,5,225.18,1125.9
4853,1976,75,5,385.83,1929.15
4854,1976,92,4,332.79,1331.16
4855,1977,70,2,159.99,319.98
4856,1978,84,5,367.52,1837.6
4857,1978,59,5,355.95,1779.75
4858,1978,21,4,397.21,1588.84
4859,1979,88,1,434.27,434.27
4860,1979,32,2,108.18,216.36
4861,1979,11,3,453.8,1361.4
4862,1980,97,5,384.42,1922.1
4863,1980,2,3,152.12,456.36
4864,1980,75,4,385.83,1543.32
4865,1981,55,5,329.8,1649.0
4866,1981,60,5,158.81,794.05
4867,1981,24,3,78.21,234.63
4868,1981,19,2,180.91,361.82
4869,1982,89,2,27.6,55.2
4870,1982,39,4,284.11,1136.44
4871,1982,54,5,118.02,590.1
4872,1983,38,5,317.16,1585.8
4873,1984,36,1,50.25,50.25
4874,1985,66,3,379.64,1138.92
4875,1985,81,4,35.95,143.8
4876,1985,64,5,142.89,714.45
4877,1985,97,5,384.42,1922.1
4878,1986,85,1,492.59,492.59
4879,1986,17,3,339.84,1019.52
4880,1987,85,1,492.59,492.59
4881,1987,94,5,241.54,1207.7
4882,1988,15,1,53.94,53.94
4883,1989,73,3,387.14,1161.42
4884,1989,3,4,372.18,1488.72
4885,1989,15,5,53.94,269.7
4886,1990,22,4,59.15,236.6
4887,1991,20,3,86.94,260.82
4888,1991,88,5,434.27,2171.35
4889,1992,8,3,301.86,905.58
4890,1993,21,2,397.21,794.42
4891,1993,36,2,50.25,100.5
4892,1993,64,1,142.89,142.89
4893,1993,60,3,158.81,476.43
4894,1994,55,4,329.8,1319.2
4895,1994,11,4,453.8,1815.2
4896,1995,83,1,238.96,238.96
4897,1996,90,3,214.08,642.24
4898,1996,41,1,41.31,41.31
4899,1996,14,2,355.43,710.86
4900,1996,6,4,142.79,571.16
4901,1997,82,4,369.1,1476.4
4902,1997,40,5,390.15,1950.75
4903,1997,22,3,59.15,177.45
4904,1997,8,2,301.86,603.72
4905,1998,27,5,38.1,190.5
4906,1998,15,3,53.94,161.82
4907,1998,89,5,27.6,138.0
4908,1998,94,3,241.54,724.62
4909,1999,69,3,57.06,171.18
4910,1999,64,1,142.89,142.89
4911,2000,17,5,339.84,1699.2
4912,2000,98,3,173.14,519.42
4913,2000,48,3,424.68,1274.04
4914,2001,9,3,78.57,235.71
4915,2002,9,3,78.57,235.71
4916,2003,48,3,424.68,1274.04
4917,2003,9,2,78.57,157.14
4918,2004,96,5,305.97,1529.85
4919,2005,47,3,45.16,135.48
4920,2005,52,2,111.57,223.14
4921,2005,47,1,45.16,45.16
4922,2006,47,2,45.16,90.32
4923,2006,5,2,79.43,158.86
4924,2006,44,1,46.58,46.58
4925,2006,35,5,410.32,2051.6
4926,2007,57,4,225.85,903.4
4927,2008,9,4,78.57,314.28
4928,2008,60,5,158.81,794.05
4929,2008,72,2,437.04,874.08
4930,2008,100,3,46.79,140.37
4931,2009,31,1,169.22,169.22
4932,2010,83,2,238.96,477.92
4933,2010,5,3,79.43,238.29
4934,2010,2,2,152.12,304.24
4935,2010,74,3,400.73,1202.19
4936,2011,24,5,78.21,391.05
4937,2011,50,5,497.89,2489.45
4938,2012,9,3,78.57,235.71
4939,2012,63,1,94.39,94.39
4940,2012,89,2,27.6,55.2
4941,2012,67,3,401.38,1204.14
4942,2013,73,2,387.14,774.28
4943,2013,95,1,221.84,221.84
4944,2013,57,1,225.85,225.85
4945,2014,42,4,408.3,1633.2
4946,2014,6,2,142.79,285.58
4947,2015,59,4,355.95,1423.8
4948,2015,56,4,189.05,756.2
4949,2016,53,5,493.72,2468.6
4950,2016,81,3,35.95,107.85
4951,2017,63,5,94.39,471.95
4952,2017,67,2,401.38,802.76
4953,2018,3,5,372.18,1860.9
4954,2018,85,5,492.59,2462.95
4955,2018,21,5,397.21,1986.05
4956,2018,5,3,79.43,238.29
4957,2019,97,1,384.42,384.42
4958,2019,76,3,426.76,1280.28
4959,2020,91,4,261.31,1045.24
4960,2020,20,5,86.94,434.7
4961,2020,80,4,451.49,1805.96
4962,2021,99,4,494.94,1979.76
4963,2022,94,5,241.54,1207.7
4964,2023,98,5,173.14,865.7
4965,2023,18,1,45.04,45.04
4966,2023,50,4,497.89,1991.56
4967,2024,3,3,372.18,1116.54
4968,2025,63,2,94.39,188.78
4969,2025,69,4,57.06,228.24
4970,2025,49,3,495.64,1486.92
4971,2025,30,2,357.25,714.5
4972,2026,69,5,57.06,285.3
4973,2026,35,4,410.32,1641.28
4974,2027,70,4,159.99,639.96
4975,2028,17,1,339.84,339.84
4976,2028,92,3,332.79,998.37
4977,2028,7,1,205.07,205.07
4978,2028,81,3,35.95,107.85
4979,2029,96,4,305.97,1223.88
4980,2029,54,3,118.02,354.06
4981,2029,72,4,437.04,1748.16
4982,2029,31,1,169.22,169.22
4983,2030,86,5,397.74,1988.7
4984,2030,69,4,57.06,228.24
4985,2030,10,4,316.11,1264.44
4986,2031,30,4,357.25,1429.0
4987,2032,65,1,127.37,127.37
4988,2032,6,5,142.79,713.95
4989,2032,47,4,45.16,180.64
4990,2033,33,4,384.16,1536.64
4991,2034,75,1,385.83,385.83
4992,2034,4,2,118.42,236.84
4993,2035,51,4,185.34,741.36
4994,2035,79,5,141.3,706.5
4995,2035,26,4,182.69,730.76
4996,2035,97,3,384.42,1153.26
4997,2036,74,4,400.73,1602.92
4998,2036,75,2,385.83,771.66
4999,2036,14,2,355.43,710.86
5000,2037,27,2,38.1,76.2
5001,2037,53,1,493.72,493.72
5002,2037,89,4,27.6,110.4
5003,2038,19,4,180.91,723.64
5004,2039,38,1,317.16,317.16
5005,2040,2,2,152.12,304.24
5006,2041,41,4,41.31,165.24
5007,2041,100,1,46.79,46.79
5008,2041,38,3,317.16,951.48
5009,2042,69,1,57.06,57.06
5010,2043,78,1,270.01,270.01
5011,2043,14,1,355.43,355.43
5012,2043,68,4,32.27,129.08
5013,2043,17,2,339.84,679.68
5014,2044,40,4,390.15,1560.6
5015,2044,4,2,118.42,236.84
5016,2044,47,5,45.16,225.8
5017,2044,11,1,453.8,453.8
5018,2045,39,1,284.11,284.11
5019,2045,67,2,401.38,802.76
5020,2045,88,1,434.27,434.27
5021,2045,18,4,45.04,180.16
5022,2046,89,3,27.6,82.8
5023,2046,46,3,306.21,918.63
5024,2046,22,1,59.15,59.15
5025,2047,38,1,317.16,317.16
5026,2047,38,5,317.16,1585.8
5027,2048,59,3,355.95,1067.85
5028,2049,3,3,372.18,1116.54
5029,2049,1,3,29.45,88.35
5030,2049,99,1,494.94,494.94
5031,2050,56,5,189.05,945.25
5032,2050,81,3,35.95,107.85
5033,2050,31,3,169.22,507.66
5034,2050,80,3,451.49,1354.47
5035,2051,60,5,158.81,794.05
5036,2051,54,2,118.02,236.04
5037,2052,21,4,397.21,1588.84
5038,2053,27,3,38.1,114.3
5039,2053,61,5,359.64,1798.2
5040,2053,48,2,424.68,849.36
5041,2054,15,2,53.94,107.88
5042,2055,31,1,169.22,169.22
5043,2055,37,2,354.37,708.74
5044,2056,71,3,374.06,1122.18
5045,2057,65,1,127.37,127.37
5046,2057,38,2,317.16,634.32
5047,2057,74,4,400.73,1602.92
5048,2058,14,5,355.43,1777.15
5049,2058,15,2,53.94,107.88
5050,2058,19,3,180.91,542.73
5051,2059,7,3,205.07,615.21
5052,2060,36,5,50.25,251.25
5053,2060,14,4,355.43,1421.72
5054,2060,40,3,390.15,1170.45
5055,2061,46,3,306.21,918.63
5056,2061,24,3,78.21,234.63
5057,2062,22,4,59.15,236.6
5058,2062,10,4,316.11,1264.44
5059,2062,88,2,434.27,868.54
5060,2062,1,2,29.45,58.9
5061,2063,97,2,384.42,768.84
5062,2063,52,5,111.57,557.85
5063,2063,13,4,30.46,121.84
5064,2064,33,4,384.16,1536.64
5065,2064,89,5,27.6,138.0
5066,2065,72,2,437.04,874.08
5067,2065,17,3,339.84,1019.52
5068,2066,97,1,384.42,384.42
5069,2066,33,2,384.16,768.32
5070,2066,45,5,234.82,1174.1
5071,2066,73,1,387.14,387.14
5072,2067,45,3,234.82,704.46
5073,2067,11,1,453.8,453.8
5074,2067,57,1,225.85,225.85
5075,2068,48,1,424.68,424.68
5076,2068,59,4,355.95,1423.8
5077,2068,3,5,372.18,1860.9
5078,2069,67,4,401.38,1605.52
5079,2070,46,3,306.21,918.63
5080,2070,97,1,384.42,384.42
5081,2070,3,2,372.18,744.36
5082,2071,13,3,30.46,91.38
5083,2071,76,1,426.76,426.76
5084,2071,7,5,205.07,1025.35
5085,2072,34,5,134.4,672.0
5086,2072,97,4,384.42,1537.68
5087,2072,34,3,134.4,403.2
5088,2072,26,2,182.69,365.38
5089,2073,76,2,426.76,853.52
5090,2073,9,1,78.57,78.57
5091,2073,57,4,225.85,903.4
5092,2073,93,4,341.85,1367.4
5093,2074,81,2,35.95,71.9
5094,2075,20,2,86.94,173.88
5095,2076,44,4,46.58,186.32
5096,2076,84,5,367.52,1837.6
5097,2077,15,4,53.94,215.76
5098,2077,14,3,355.43,1066.29
5099,2078,70,4,159.99,639.96
5100,2078,41,5,41.31,206.55
5101,2078,61,2,359.64,719.28
5102,2079,63,1,94.39,94.39
5103,2080,57,1,225.85,225.85
5104,2080,13,2,30.46,60.92
5105,2080,13,2,30.46,60.92
5106,2080,39,5,284.11,1420.55
5107,2081,24,2,78.21,156.42
5108,2082,27,4,38.1,152.4
5109,2082,69,4,57.06,228.24
5110,2083,97,5,384.42,1922.1
5111,2083,49,3,495.64,1486.92
5112,2083,88,1,434.27,434.27
5113,2083,35,1,410.32,410.32
5114,2084,16,5,472.23,2361.15
5115,2084,13,4,30.46,121.84
5116,2084,23,1,226.38,226.38
5117,2084,44,2,46.58,93.16
5118,2085,50,4,497.89,1991.56
5119,2086,64,2,142.89,285.78
5120,2086,32,3,108.18,324.54
5121,2086,65,5,127.37,636.85
5122,2086,69,5,57.06,285.3
5123,2087,6,2,142.79,285.58
5124,2087,85,3,492.59,1477.77
5125,2088,2,2,152.12,304.24
5126,2088,25,3,175.52,526.56
5127,2088,77,1,128.87,128.87
5128,2089,79,1,141.3,141.3
5129,2089,52,2,111.57,223.14
5130,2089,12,5,70.96,354.8
5131,2090,75,2,385.83,771.66
5132,2091,89,1,27.6,27.6
5133,2091,17,2,339.84,679.68
5134,2091,71,5,374.06,1870.3
5135,2091,23,5,226.38,1131.9
5136,2092,38,5,317.16,1585.8
5137,2092,86,2,397.74,795.48
5138,2092,95,1,221.84,221.84
5139,2092,53,4,493.72,1974.88
5140,2093,77,3,128.87,386.61
5141,2093,54,1,118.02,118.02
5142,2094,62,1,466.1,466.1
5143,2094,77,3,128.87,386.61
5144,2094,84,3,367.52,1102.56
5145,2095,44,4,46.58,186.32
5146,2095,100,4,46.79,187.16
5147,2096,72,4,437.04,1748.16
5148,2096,35,3,410.32,1230.96
5149,2096,89,1,27.6,27.6
5150,2096,59,3,355.95,1067.85
5151,2097,79,1,141.3,141.3
5152,2097,65,1,127.37,127.37
5153,2097,35,4,410.32,1641.28
5154,2097,93,4,341.85,1367.4
5155,2098,47,4,45.16,180.64
5156,2098,69,5,57.06,285.3
5157,2099,77,1,128.87,128.87
5158,2099,33,5,384.16,1920.8
5159,2099,57,1,225.85,225.85
5160,2099,91,2,261.31,522.62
5161,2100,30,4,357.25,1429.0
5162,2101,24,4,78.21,312.84
5163,2101,65,5,127.37,636.85
5164,2102,64,1,142.89,142.89
5165,2102,55,4,329.8,1319.2
5166,2103,78,5,270.01,1350.05
5167,2104,43,5,22.62,113.1
5168,2104,92,5,332.79,1663.95
5169,2104,67,5,401.38,2006.9
5170,2105,54,3,118.02,354.06
5171,2106,45,5,234.82,1174.1
5172,2106,99,2,494.94,989.88
5173,2106,92,3,332.79,998.37
5174,2106,84,4,367.52,1470.08
5175,2107,92,3,332.79,998.37
5176,2107,18,1,45.04,45.04
5177,2107,44,4,46.58,186.32
5178,2107,72,3,437.04,1311.12
5179,2108,59,5,355.95,1779.75
5180,2108,93,4,341.85,1367.4
5181,2108,13,3,30.46,91.38
5182,2108,19,1,180.91,180.91
5183,2109,21,4,397.21,1588.84
5184,2110,82,3,369.1,1107.3
5185,2111,48,2,424.68,849.36
5186,2111,76,3,426.76,1280.28
5187,2111,34,4,134.4,537.6
5188,2111,90,1,214.08,214.08
5189,2112,40,4,390.15,1560.6
5190,2112,72,5,437.04,2185.2
5191,2113,10,5,316.11,1580.55
5192,2113,14,5,355.43,1777.15
5193,2114,97,5,384.42,1922.1
5194,2114,74,3,400.73,1202.19
5195,2115,52,5,111.57,557.85
5196,2115,46,1,306.21,306.21
5197,2115,23,5,226.38,1131.9
5198,2115,40,4,390.15,1560.6
5199,2116,13,5,30.46,152.3
5200,2116,47,1,45.16,45.16
5201,2116,55,1,329.8,329.8
5202,2117,7,5,205.07,1025.35
5203,2117,16,1,472.23,472.23
5204,2117,33,5,384.16,1920.8
5205,2118,78,2,270.01,540.02
5206,2118,21,3,397.21,1191.63
5207,2118,41,2,41.31,82.62
5208,2118,44,3,46.58,139.74
5209,2119,47,4,45.16,180.64
5210,2119,59,3,355.95,1067.85
5211,2119,96,2,305.97,611.94
5212,2119,55,1,329.8,329.8
5213,2120,38,1,317.16,317.16
5214,2120,83,2,238.96,477.92
5215,2120,94,5,241.54,1207.7
5216,2120,40,2,390.15,780.3
5217,2121,86,4,397.74,1590.96
5218,2121,77,2,128.87,257.74
5219,2121,34,2,134.4,268.8
5220,2122,38,1,317.16,317.16
5221,2122,53,2,493.72,987.44
5222,2123,15,1,53.94,53.94
5223,2123,60,1,158.81,158.81
5224,2123,56,5,189.05,945.25
5225,2124,67,2,401.38,802.76
5226,2124,66,5,379.64,1898.2
5227,2125,91,5,261.31,1306.55
5228,2125,100,4,46.79,187.16
5229,2125,89,1,27.6,27.6
5230,2126,10,5,316.11,1580.55
5231,2126,69,5,57.06,285.3
5232,2126,53,4,493.72,1974.88
5233,2127,44,4,46.58,186.32
5234,2127,68,4,32.27,129.08
5235,2128,56,3,189.05,567.15
5236,2128,77,4,128.87,515.48
5237,2128,37,4,354.37,1417.48
5238,2128,71,4,374.06,1496.24
5239,2129,91,5,261.31,1306.55
5240,2129,37,2,354.37,708.74
5241,2129,25,5,175.52,877.6
5242,2129,98,1,173.14,173.14
5243,2130,71,1,374.06,374.06
5244,2131,62,4,466.1,1864.4
5245,2132,91,5,261.31,1306.55
5246,2132,68,1,32.27,32.27
5247,2132,90,2,214.08,428.16
5248,2132,49,5,495.64,2478.2
5249,2133,76,2,426.76,853.52
5250,2133,5,2,79.43,158.86
5251,2134,12,1,70.96,70.96
5252,2134,3,1,372.18,372.18
5253,2135,84,2,367.52,735.04
5254,2135,94,3,241.54,724.62
5255,2135,47,2,45.16,90.32
5256,2136,19,5,180.91,904.55
5257,2136,23,4,226.38,905.52
5258,2136,58,4,20.84,83.36
5259,2137,23,5,226.38,1131.9
5260,2137,39,1,284.11,284.11
5261,2137,9,5,78.57,392.85
5262,2138,44,1,46.58,46.58
5263,2138,6,1,142.79,142.79
5264,2138,6,3,142.79,428.37
5265,2138,93,4,341.85,1367.4
5266,2139,7,4,205.07,820.28
5267,2139,95,4,221.84,887.36
5268,2139,29,5,225.18,1125.9
5269,2140,88,2,434.27,868.54
5270,2140,77,1,128.87,128.87
5271,2140,92,3,332.79,998.37
5272,2140,52,3,111.57,334.71
5273,2141,69,2,57.06,114.12
5274,2142,30,4,357.25,1429.0
5275,2142,17,2,339.84,679.68
5276,2143,77,4,128.87,515.48
5277,2143,34,4,134.4,537.6
5278,2143,89,5,27.6,138.0
5279,2144,27,4,38.1,152.4
5280,2145,19,5,180.91,904.55
5281,2145,69,3,57.06,171.18
5282,2146,58,3,20.84,62.52
5283,2146,82,1,369.1,369.1
5284,2146,13,1,30.46,30.46
5285,2146,86,4,397.74,1590.96
5286,2147,88,5,434.27,2171.35
5287,2147,57,2,225.85,451.7
5288,2147,90,1,214.08,214.08
5289,2147,13,2,30.46,60.92
5290,2148,66,1,379.64,379.64
5291,2149,43,5,22.62,113.1
5292,2150,31,5,169.22,846.1
5293,2150,7,3,205.07,615.21
5294,2150,77,2,128.87,257.74
5295,2150,95,2,221.84,443.68
5296,2151,28,4,242.71,970.84
5297,2152,18,2,45.04,90.08
5298,2153,24,3,78.21,234.63
5299,2153,48,4,424.68,1698.72
5300,2153,79,1,141.3,141.3
5301,2153,2,4,152.12,608.48
5302,2154,11,1,453.8,453.8
5303,2154,21,1,397.21,397.21
5304,2155,97,4,384.42,1537.68
5305,2156,45,1,234.82,234.82
5306,2156,97,2,384.42,768.84
5307,2156,25,1,175.52,175.52
5308,2156,70,2,159.99,319.98
5309,2157,53,3,493.72,1481.16
5310,2157,43,1,22.62,22.62
5311,2157,47,2,45.16,90.32
5312,2157,32,5,108.18,540.9
5313,2158,68,1,32.27,32.27
5314,2159,69,2,57.06,114.12
5315,2159,21,2,397.21,794.42
5316,2159,22,5,59.15,295.75
5317,2159,6,4,142.79,571.16
5318,2160,100,4,46.79,187.16
5319,2160,50,5,497.89,2489.45
5320,2160,85,5,492.59,2462.95
5321,2160,6,2,142.79,285.58
5322,2161,64,3,142.89,428.67
5323,2162,6,5,142.79,713.95
5324,2162,5,1,79.43,79.43
5325,2162,2,5,152.12,760.6
5326,2162,85,5,492.59,2462.95
5327,2163,92,4,332.79,1331.16
5328,2163,11,4,453.8,1815.2
5329,2163,3,1,372.18,372.18
5330,2164,41,3,41.31,123.93
5331,2164,11,4,453.8,1815.2
5332,2165,83,4,238.96,955.84
5333,2166,72,2,437.04,874.08
5334,2166,2,4,152.12,608.48
5335,2166,23,2,226.38,452.76
5336,2167,99,5,494.94,2474.7
5337,2168,9,1,78.57,78.57
5338,2168,59,2,355.95,711.9
5339,2169,12,1,70.96,70.96
5340,2169,52,2,111.57,223.14
5341,2169,99,3,494.94,1484.82
5342,2170,39,1,284.11,284.11
5343,2170,25,4,175.52,702.08
5344,2170,88,1,434.27,434.27
5345,2170,49,4,495.64,1982.56
5346,2171,76,5,426.76,2133.8
5347,2171,31,1,169.22,169.22
5348,2171,32,3,108.18,324.54
5349,2172,9,3,78.57,235.71
5350,2172,54,2,118.02,236.04
5351,2172,52,2,111.57,223.14
5352,2172,12,5,70.96,354.8
5353,2173,7,1,205.07,205.07
5354,2174,82,5,369.1,1845.5
5355,2174,30,1,357.25,357.25
5356,2174,37,5,354.37,1771.85
5357,2175,69,2,57.06,114.12
5358,2175,33,5,384.16,1920.8
5359,2175,85,4,492.59,1970.36
5360,2175,19,4,180.91,723.64
5361,2176,42,4,408.3,1633.2
5362,2176,32,2,108.18,216.36
5363,2176,57,1,225.85,225.85
5364,2176,30,4,357.25,1429.0
5365,2177,37,1,354.37,354.37
5366,2177,74,4,400.73,1602.92
5367,2178,80,1,451.49,451.49
5368,2178,93,1,341.85,341.85
5369,2178,50,4,497.89,1991.56
5370,2179,29,3,225.18,675.54
5371,2180,4,2,118.42,236.84
5372,2181,25,1,175.52,175.52
5373,2181,28,3,242.71,728.13
5374,2181,82,3,369.1,1107.3
5375,2181,70,2,159.99,319.98
5376,2182,50,5,497.89,2489.45
5377,2182,70,2,159.99,319.98
5378,2182,56,1,189.05,189.05
5379,2183,83,3,238.96,716.88
5380,2183,67,2,401.38,802.76
5381,2183,94,4,241.54,966.16
5382,2184,78,5,270.01,1350.05
5383,2184,15,2,53.94,107.88
5384,2185,58,5,20.84,104.2
5385,2185,89,2,27.6,55.2
5386,2185,89,3,27.6,82.8
5387,2185,49,4,495.64,1982.56
5388,2186,46,4,306.21,1224.84
5389,2186,25,3,175.52,526.56
5390,2187,76,5,426.76,2133.8
5391,2187,97,1,384.42,384.42
5392,2188,52,1,111.57,111.57
5393,2188,11,5,453.8,2269.0
5394,2189,37,3,354.37,1063.11
5395,2189,80,4,451.49,1805.96
5396,2190,2,1,152.12,152.12
5397,2190,20,3,86.94,260.82
5398,2190,6,2,142.79,285.58
5399,2191,84,4,367.52,1470.08
5400,2191,31,1,169.22,169.22
5401,2192,45,5,234.82,1174.1
5402,2192,99,4,494.94,1979.76
5403,2192,83,4,238.96,955.84
5404,2192,93,3,341.85,1025.55
5405,2193,7,1,205.07,205.07
5406,2193,32,5,108.18,540.9
5407,2193,33,5,384.16,1920.8
5408,2194,87,5,90.21,451.05
5409,2194,6,5,142.79,713.95
5410,2194,100,3,46.79,140.37
5411,2194,62,4,466.1,1864.4
5412,2195,61,5,359.64,1798.2
5413,2195,4,3,118.42,355.26
5414,2196,72,2,437.04,874.08
5415,2197,84,2,367.52,735.04
5416,2197,21,1,397.21,397.21
5417,2197,51,2,185.34,370.68
5418,2198,77,2,128.87,257.74
5419,2198,12,4,70.96,283.84
5420,2198,64,3,142.89,428.67
5421,2198,37,2,354.37,708.74
5422,2199,84,2,367.52,735.04
5423,2199,45,4,234.82,939.28
5424,2200,8,4,301.86,1207.44
5425,2200,47,5,45.16,225.8
5426,2200,18,5,45.04,225.2
5427,2200,5,4,79.43,317.72
5428,2201,51,4,185.34,741.36
5429,2201,36,1,50.25,50.25
5430,2201,42,4,408.3,1633.2
5431,2201,93,1,341.85,341.85
5432,2202,52,2,111.57,223.14
5433,2202,40,5,390.15,1950.75
5434,2202,80,2,451.49,902.98
5435,2203,5,4,79.43,317.72
5436,2203,75,2,385.83,771.66
5437,2203,4,2,118.42,236.84
5438,2204,98,4,173.14,692.56
5439,2204,20,2,86.94,173.88
5440,2205,48,5,424.68,2123.4
5441,2206,58,1,20.84,20.84
5442,2206,67,2,401.38,802.76
5443,2207,26,4,182.69,730.76
5444,2207,98,4,173.14,692.56
5445,2207,88,1,434.27,434.27
5446,2208,10,1,316.11,316.11
5447,2208,37,1,354.37,354.37
5448,2209,70,2,159.99,319.98
5449,2209,37,4,354.37,1417.48
5450,2209,41,2,41.31,82.62
5451,2210,80,5,451.49,2257.45
5452,2210,25,2,175.52,351.04
5453,2210,12,3,70.96,212.88
5454,2211,41,5,41.31,206.55
5455,2211,90,3,214.08,642.24
5456,2211,57,1,225.85,225.85
5457,2211,13,2,30.46,60.92
5458,2212,36,1,50.25,50.25
5459,2212,34,4,134.4,537.6
5460,2213,81,4,35.95,143.8
5461,2213,35,1,410.32,410.32
5462,2213,53,2,493.72,987.44
5463,2214,36,5,50.25,251.25
5464,2215,46,1,306.21,306.21
5465,2216,95,4,221.84,887.36
5466,2216,90,5,214.08,1070.4
5467,2217,100,2,46.79,93.58
5468,2217,40,2,390.15,780.3
5469,2218,93,2,341.85,683.7
5470,2218,16,1,472.23,472.23
5471,2218,49,4,495.64,1982.56
5472,2219,88,3,434.27,1302.81
5473,2219,25,3,175.52,526.56
5474,2220,88,5,434.27,2171.35
5475,2220,49,5,495.64,2478.2
5476,2221,99,5,494.94,2474.7
5477,2221,52,1,111.57,111.57
5478,2221,82,3,369.1,1107.3
5479,2222,60,3,158.81,476.43
5480,2222,6,3,142.79,428.37
5481,2222,83,5,238.96,1194.8
5482,2222,14,2,355.43,710.86
5483,2223,75,1,385.83,385.83
5484,2224,38,2,317.16,634.32
5485,2224,42,5,408.3,2041.5
5486,2224,50,3,497.89,1493.67
5487,2225,90,2,214.08,428.16
5488,2225,16,2,472.23,944.46
5489,2225,10,2,316.11,632.22
5490,2225,38,2,317.16,634.32
5491,2226,87,2,90.21,180.42
5492,2227,72,3,437.04,1311.12
5493,2227,89,4,27.6,110.4
5494,2227,10,5,316.11,1580.55
5495,2228,90,1,214.08,214.08
5496,2228,74,4,400.73,1602.92
5497,2229,61,5,359.64,1798.2
5498,2229,87,2,90.21,180.42
5499,2230,95,4,221.84,887.36
5500,2231,10,2,316.11,632.22
5501,2231,71,2,374.06,748.12
5502,2231,30,5,357.25,1786.25
5503,2231,66,3,379.64,1138.92
5504,2232,33,2,384.16,768.32
5505,2232,29,3,225.18,675.54
5506,2232,62,5,466.1,2330.5
5507,2233,44,4,46.58,186.32
5508,2233,8,5,301.86,1509.3
5509,2234,2,1,152.12,152.12
5510,2234,59,2,355.95,711.9
5511,2234,7,5,205.07,1025.35
5512,2235,23,2,226.38,452.76
5513,2236,68,1,32.27,32.27
5514,2236,58,5,20.84,104.2
5515,2236,58,5,20.84,104.2
5516,2236,77,3,128.87,386.61
5517,2237,98,2,173.14,346.28
5518,2238,17,4,339.84,1359.36
5519,2238,71,4,374.06,1496.24
5520,2239,41,2,41.31,82.62
5521,2239,62,3,466.1,1398.3
5522,2239,52,1,111.57,111.57
5523,2240,30,3,357.25,1071.75
5524,2240,56,1,189.05,189.05
5525,2240,75,5,385.83,1929.15
5526,2240,79,3,141.3,423.9
5527,2241,79,2,141.3,282.6
5528,2242,72,3,437.04,1311.12
5529,2243,5,1,79.43,79.43
5530,2243,72,2,437.04,874.08
5531,2243,79,3,141.3,423.9
5532,2243,27,5,38.1,190.5
5533,2244,74,1,400.73,400.73
5534,2244,74,1,400.73,400.73
5535,2244,30,5,357.25,1786.25
5536,2244,63,5,94.39,471.95
5537,2245,25,3,175.52,526.56
5538,2245,81,2,35.95,71.9
5539,2246,12,4,70.96,283.84
5540,2246,84,1,367.52,367.52
5541,2247,7,5,205.07,1025.35
5542,2247,52,2,111.57,223.14
5543,2247,33,3,384.16,1152.48
5544,2247,79,2,141.3,282.6
5545,2248,15,5,53.94,269.7
5546,2248,59,2,355.95,711.9
5547,2249,77,2,128.87,257.74
5548,2249,74,5,400.73,2003.65
5549,2250,80,3,451.49,1354.47
5550,2250,46,3,306.21,918.63
5551,2250,21,5,397.21,1986.05
5552,2251,17,5,339.84,1699.2
5553,2251,39,2,284.11,568.22
5554,2251,31,1,169.22,169.22
5555,2252,15,5,53.94,269.7
5556,2252,17,2,339.84,679.68
5557,2252,79,1,141.3,141.3
5558,2253,74,3,400.73,1202.19
5559,2253,17,3,339.84,1019.52
5560,2253,59,3,355.95,1067.85
5561,2253,80,1,451.49,451.49
5562,2254,62,5,466.1,2330.5
5563,2254,9,4,78.57,314.28
5564,2254,63,5,94.39,471.95
5565,2254,19,5,180.91,904.55
5566,2255,19,4,180.91,723.64
5567,2256,90,3,214.08,642.24
5568,2256,94,2,241.54,483.08
5569,2256,26,5,182.69,913.45
5570,2257,78,4,270.01,1080.04
5571,2257,24,2,78.21,156.42
5572,2257,44,5,46.58,232.9
5573,2257,84,1,367.52,367.52
5574,2258,4,4,118.42,473.68
5575,2258,21,3,397.21,1191.63
5576,2258,58,5,20.84,104.2
5577,2258,83,1,238.96,238.96
5578,2259,84,3,367.52,1102.56
5579,2260,8,1,301.86,301.86
5580,2260,28,2,242.71,485.42
5581,2261,70,1,159.99,159.99
5582,2261,63,3,94.39,283.17
5583,2261,16,3,472.23,1416.69
5584,2262,17,1,339.84,339.84
5585,2262,34,5,134.4,672.0
5586,2262,78,2,270.01,540.02
5587,2262,85,5,492.59,2462.95
5588,2263,25,4,175.52,702.08
5589,2263,79,3,141.3,423.9
5590,2263,53,1,493.72,493.72
5591,2264,5,1,79.43,79.43
5592,2264,49,3,495.64,1486.92
5593,2264,80,3,451.49,1354.47
5594,2265,82,4,369.1,1476.4
5595,2265,6,3,142.79,428.37
5596,2265,15,3,53.94,161.82
5597,2266,22,4,59.15,236.6
5598,2267,18,4,45.04,180.16
5599,2268,71,1,374.06,374.06
5600,2268,36,3,50.25,150.75
5601,2268,92,4,332.79,1331.16
5602,2269,30,4,357.25,1429.0
5603,2269,56,1,189.05,189.05
5604,2269,42,3,408.3,1224.9
5605,2270,87,3,90.21,270.63
5606,2270,41,3,41.31,123.93
5607,2270,8,3,301.86,905.58
5608,2270,32,5,108.18,540.9
5609,2271,28,4,242.71,970.84
5610,2271,87,3,90.21,270.63
5611,2271,85,1,492.59,492.59
5612,2272,53,3,493.72,1481.16
5613,2272,100,1,46.79,46.79
5614,2272,97,4,384.42,1537.68
5615,2272,77,1,128.87,128.87
5616,2273,75,2,385.83,771.66
5617,2273,42,5,408.3,2041.5
5618,2273,2,4,152.12,608.48
5619,2273,11,2,453.8,907.6
5620,2274,39,1,284.11,284.11
5621,2274,31,2,169.22,338.44
5622,2275,75,2,385.83,771.66
5623,2275,20,5,86.94,434.7
5624,2275,31,4,169.22,676.88
5625,2275,32,1,108.18,108.18
5626,2276,21,5,397.21,1986.05
5627,2276,37,5,354.37,1771.85
5628,2277,57,2,225.85,451.7
5629,2277,22,3,59.15,177.45
5630,2277,26,1,182.69,182.69
5631,2277,74,2,400.73,801.46
5632,2278,63,2,94.39,188.78
5633,2278,45,4,234.82,939.28
5634,2278,29,2,225.18,450.36
5635,2278,78,4,270.01,1080.04
5636,2279,54,4,118.02,472.08
5637,2279,62,3,466.1,1398.3
5638,2279,83,2,238.96,477.92
5639,2280,8,4,301.86,1207.44
5640,2280,8,1,301.86,301.86
5641,2280,3,1,372.18,372.18
5642,2280,21,1,397.21,397.21
5643,2281,97,5,384.42,1922.1
5644,2281,45,3,234.82,704.46
5645,2282,84,5,367.52,1837.6
5646,2282,83,5,238.96,1194.8
5647,2282,99,4,494.94,1979.76
5648,2282,35,3,410.32,1230.96
5649,2283,25,5,175.52,877.6
5650,2283,57,4,225.85,903.4
5651,2283,56,4,189.05,756.2
5652,2283,47,5,45.16,225.8
5653,2284,15,2,53.94,107.88
5654,2284,12,3,70.96,212.88
5655,2284,95,1,221.84,221.84
5656,2285,89,5,27.6,138.0
5657,2285,79,1,141.3,141.3
5658,2285,33,1,384.16,384.16
5659,2286,81,4,35.95,143.8
5660,2286,38,4,317.16,1268.64
5661,2287,93,4,341.85,1367.4
5662,2288,82,2,369.1,738.2
5663,2288,48,5,424.68,2123.4
5664,2289,54,2,118.02,236.04
5665,2290,5,2,79.43,158.86
5666,2291,66,5,379.64,1898.2
5667,2291,86,5,397.74,1988.7
5668,2291,51,1,185.34,185.34
5669,2291,99,5,494.94,2474.7
5670,2292,7,4,205.07,820.28
5671,2293,24,5,78.21,391.05
5672,2293,18,4,45.04,180.16
5673,2293,90,3,214.08,642.24
5674,2293,72,5,437.04,2185.2
5675,2294,85,3,492.59,1477.77
5676,2294,54,2,118.02,236.04
5677,2295,33,2,384.16,768.32
5678,2295,82,2,369.1,738.2
5679,2295,19,1,180.91,180.91
5680,2295,14,1,355.43,355.43
5681,2296,69,1,57.06,57.06
5682,2296,12,2,70.96,141.92
5683,2297,9,4,78.57,314.28
5684,2297,95,4,221.84,887.36
5685,2297,97,3,384.42,1153.26
5686,2298,26,2,182.69,365.38
5687,2298,38,3,317.16,951.48
5688,2298,35,5,410.32,2051.6
5689,2299,91,2,261.31,522.62
5690,2299,16,2,472.23,944.46
5691,2299,36,5,50.25,251.25
5692,2299,5,4,79.43,317.72
5693,2300,5,2,79.43,158.86
5694,2300,55,1,329.8,329.8
5695,2300,46,3,306.21,918.63
5696,2301,25,4,175.52,702.08
5697,2301,15,4,53.94,215.76
5698,2301,54,2,118.02,236.04
5699,2302,58,2,20.84,41.68
5700,2303,33,3,384.16,1152.48
5701,2304,10,1,316.11,316.11
5702,2305,92,3,332.79,998.37
5703,2305,3,4,372.18,1488.72
5704,2305,75,5,385.83,1929.15
5705,2306,69,2,57.06,114.12
5706,2306,99,3,494.94,1484.82
5707,2306,88,4,434.27,1737.08
5708,2306,77,2,128.87,257.74
5709,2307,41,4,41.31,165.24
5710,2308,67,2,401.38,802.76
5711,2308,67,5,401.38,2006.9
5712,2309,6,1,142.79,142.79
5713,2310,100,4,46.79,187.16
5714,2310,75,4,385.83,1543.32
5715,2310,6,2,142.79,285.58
5716,2311,30,2,357.25,714.5
5717,2311,88,1,434.27,434.27
5718,2311,37,1,354.37,354.37
5719,2311,71,2,374.06,748.12
5720,2312,21,3,397.21,1191.63
5721,2312,76,5,426.76,2133.8
5722,2312,28,2,242.71,485.42
5723,2313,8,4,301.86,1207.44
5724,2313,16,3,472.23,1416.69
5725,2313,75,3,385.83,1157.49
5726,2313,99,5,494.94,2474.7
5727,2314,30,3,357.25,1071.75
5728,2314,1,5,29.45,147.25
5729,2315,67,1,401.38,401.38
5730,2315,73,1,387.14,387.14
5731,2315,56,4,189.05,756.2
5732,2316,11,5,453.8,2269.0
5733,2316,43,3,22.62,67.86
5734,2316,15,3,53.94,161.82
5735,2316,55,3,329.8,989.4
5736,2317,24,3,78.21,234.63
5737,2318,79,5,141.3,706.5
5738,2318,11,3,453.8,1361.4
5739,2318,12,5,70.96,354.8
5740,2318,92,1,332.79,332.79
5741,2319,66,1,379.64,379.64
5742,2319,56,5,189.05,945.25
5743,2319,89,4,27.6,110.4
5744,2320,17,3,339.84,1019.52
5745,2320,33,3,384.16,1152.48
5746,2320,5,4,79.43,317.72
5747,2320,49,2,495.64,991.28
5748,2321,52,4,111.57,446.28
5749,2321,77,2,128.87,257.74
5750,2322,76,1,426.76,426.76
5751,2322,1,3,29.45,88.35
5752,2322,86,1,397.74,397.74
5753,2322,60,3,158.81,476.43
5754,2323,88,3,434.27,1302.81
5755,2323,7,1,205.07,205.07
5756,2323,7,2,205.07,410.14
5757,2324,73,5,387.14,1935.7
5758,2324,1,1,29.45,29.45
5759,2324,70,4,159.99,639.96
5760,2324,35,2,410.32,820.64
5761,2325,45,3,234.82,704.46
5762,2325,95,1,221.84,221.84
5763,2325,40,4,390.15,1560.6
5764,2326,4,2,118.42,236.84
5765,2326,67,2,401.38,802.76
5766,2327,79,1,141.3,141.3
5767,2327,50,4,497.89,1991.56
5768,2327,72,4,437.04,1748.16
5769,2327,2,5,152.12,760.6
5770,2328,87,1,90.21,90.21
5771,2329,60,2,158.81,317.62
5772,2330,3,2,372.18,744.36
5773,2330,35,1,410.32,410.32
5774,2330,72,5,437.04,2185.2
5775,2331,12,1,70.96,70.96
5776,2331,23,4,226.38,905.52
5777,2331,13,5,30.46,152.3
5778,2332,49,2,495.64,991.28
5779,2332,91,2,261.31,522.62
5780,2333,40,5,390.15,1950.75
5781,2333,69,5,57.06,285.3
5782,2334,29,4,225.18,900.72
5783,2334,83,4,238.96,955.84
5784,2334,36,1,50.25,50.25
5785,2334,54,1,118.02,118.02
5786,2335,45,4,234.82,939.28
5787,2335,99,1,494.94,494.94
5788,2336,66,5,379.64,1898.2
5789,2336,64,1,142.89,142.89
5790,2337,29,4,225.18,900.72
5791,2338,74,4,400.73,1602.92
5792,2338,96,4,305.97,1223.88
5793,2338,22,3,59.15,177.45
5794,2339,57,3,225.85,677.55
5795,2340,90,4,214.08,856.32
5796,2340,71,4,374.06,1496.24
5797,2341,93,4,341.85,1367.4
5798,2341,74,4,400.73,1602.92
5799,2341,14,4,355.43,1421.72
5800,2342,60,2,158.81,317.62
5801,2342,66,4,379.64,1518.56
5802,2343,42,3,408.3,1224.9
5803,2343,51,3,185.34,556.02
5804,2344,96,3,305.97,917.91
5805,2344,98,3,173.14,519.42
5806,2344,92,1,332.79,332.79
5807,2345,26,5,182.69,913.45
5808,2345,90,4,214.08,856.32
5809,2345,27,4,38.1,152.4
5810,2346,63,2,94.39,188.78
5811,2346,10,4,316.11,1264.44
5812,2346,16,3,472.23,1416.69
5813,2347,24,4,78.21,312.84
5814,2347,40,4,390.15,1560.6
5815,2347,52,4,111.57,446.28
5816,2347,94,1,241.54,241.54
5817,2348,46,2,306.21,612.42
5818,2348,6,3,142.79,428.37
5819,2349,80,4,451.49,1805.96
5820,2349,84,2,367.52,735.04
5821,2349,43,3,22.62,67.86
5822,2349,62,2,466.1,932.2
5823,2350,63,1,94.39,94.39
5824,2350,14,2,355.43,710.86
5825,2350,88,1,434.27,434.27
5826,2351,6,4,142.79,571.16
5827,2351,97,1,384.42,384.42
5828,2351,98,1,173.14,173.14
5829,2351,44,3,46.58,139.74
5830,2352,90,2,214.08,428.16
5831,2353,34,3,134.4,403.2
5832,2353,51,2,185.34,370.68
5833,2354,86,2,397.74,795.48
5834,2354,33,3,384.16,1152.48
5835,2354,24,1,78.21,78.21
5836,2354,60,4,158.81,635.24
5837,2355,91,2,261.31,522.62
5838,2355,43,2,22.62,45.24
5839,2355,36,4,50.25,201.0
5840,2356,55,2,329.8,659.6
5841,2357,45,1,234.82,234.82
5842,2357,50,2,497.89,995.78
5843,2357,83,3,238.96,716.88
5844,2357,83,5,238.96,1194.8
5845,2358,21,5,397.21,1986.05
5846,2358,65,5,127.37,636.85
5847,2358,34,5,134.4,672.0
5848,2359,98,2,173.14,346.28
5849,2360,88,3,434.27,1302.81
5850,2360,31,4,169.22,676.88
5851,2360,3,1,372.18,372.18
5852,2360,79,3,141.3,423.9
5853,2361,13,4,30.46,121.84
5854,2361,70,2,159.99,319.98
5855,2361,1,4,29.45,117.8
5856,2362,70,5,159.99,799.95
5857,2362,12,5,70.96,354.8
5858,2362,56,4,189.05,756.2
5859,2363,14,1,355.43,355.43
5860,2363,95,5,221.84,1109.2
5861,2363,60,2,158.81,317.62
5862,2364,99,3,494.94,1484.82
5863,2364,100,5,46.79,233.95
5864,2364,74,2,400.73,801.46
5865,2364,66,2,379.64,759.28
5866,2365,98,1,173.14,173.14
5867,2365,72,5,437.04,2185.2
5868,2365,88,5,434.27,2171.35
5869,2366,19,4,180.91,723.64
5870,2366,32,3,108.18,324.54
5871,2367,34,2,134.4,268.8
5872,2367,17,3,339.84,1019.52
5873,2367,17,4,339.84,1359.36
5874,2368,73,2,387.14,774.28
5875,2368,40,3,390.15,1170.45
5876,2368,63,3,94.39,283.17
5877,2369,85,1,492.59,492.59
5878,2369,41,5,41.31,206.55
5879,2369,24,2,78.21,156.42
5880,2370,99,1,494.94,494.94
5881,2370,33,4,384.16,1536.64
5882,2370,1,3,29.45,88.35
5883,2371,63,4,94.39,377.56
5884,2371,40,4,390.15,1560.6
5885,2371,76,5,426.76,2133.8
5886,2371,38,5,317.16,1585.8
5887,2372,22,4,59.15,236.6
5888,2372,100,5,46.79,233.95
5889,2372,96,5,305.97,1529.85
5890,2373,91,5,261.31,1306.55
5891,2373,39,4,284.11,1136.44
5892,2373,98,5,173.14,865.7
5893,2374,67,3,401.38,1204.14
5894,2375,15,4,53.94,215.76
5895,2376,25,3,175.52,526.56
5896,2376,30,4,357.25,1429.0
5897,2376,36,2,50.25,100.5
5898,2377,44,2,46.58,93.16
5899,2377,43,4,22.62,90.48
5900,2378,15,5,53.94,269.7
5901,2378,75,4,385.83,1543.32
5902,2378,12,1,70.96,70.96
5903,2379,69,5,57.06,285.3
5904,2379,72,5,437.04,2185.2
5905,2379,74,4,400.73,1602.92
5906,2380,37,4,354.37,1417.48
5907,2380,97,5,384.42,1922.1
5908,2380,72,5,437.04,2185.2
5909,2381,51,4,185.34,741.36
5910,2381,53,4,493.72,1974.88
5911,2382,62,4,466.1,1864.4
5912,2382,100,4,46.79,187.16
5913,2382,82,1,369.1,369.1
5914,2383,41,2,41.31,82.62
5915,2384,53,4,493.72,1974.88
5916,2384,43,5,22.62,113.1
5917,2385,50,1,497.89,497.89
5918,2385,86,3,397.74,1193.22
5919,2385,16,3,472.23,1416.69
5920,2385,70,1,159.99,159.99
5921,2386,90,2,214.08,428.16
5922,2386,30,4,357.25,1429.0
5923,2386,90,4,214.08,856.32
5924,2387,96,2,305.97,611.94
5925,2387,41,3,41.31,123.93
5926,2387,71,2,374.06,748.12
5927,2388,14,2,355.43,710.86
5928,2388,14,3,355.43,1066.29
5929,2389,26,4,182.69,730.76
5930,2389,39,3,284.11,852.33
5931,2390,67,2,401.38,802.76
5932,2390,5,3,79.43,238.29
5933,2391,93,2,341.85,683.7
5934,2391,79,4,141.3,565.2
5935,2391,96,5,305.97,1529.85
5936,2392,77,3,128.87,386.61
5937,2392,97,4,384.42,1537.68
5938,2393,24,1,78.21,78.21
5939,2393,59,2,355.95,711.9
5940,2393,68,5,32.27,161.35
5941,2394,37,2,354.37,708.74
5942,2394,66,1,379.64,379.64
5943,2394,74,2,400.73,801.46
5944,2395,87,4,90.21,360.84
5945,2395,66,2,379.64,759.28
5946,2395,86,5,397.74,1988.7
5947,2396,51,4,185.34,741.36
5948,2396,49,1,495.64,495.64
5949,2396,76,4,426.76,1707.04
5950,2397,82,1,369.1,369.1
5951,2397,90,2,214.08,428.16
5952,2398,19,4,180.91,723.64
5953,2398,24,4,78.21,312.84
5954,2398,100,2,46.79,93.58
5955,2398,53,3,493.72,1481.16
5956,2399,53,5,493.72,2468.6
5957,2400,89,5,27.6,138.0
5958,2400,47,1,45.16,45.16
5959,2400,92,3,332.79,998.37
5960,2400,45,1,234.82,234.82
5961,2401,93,2,341.85,683.7
5962,2401,88,4,434.27,1737.08
5963,2401,26,5,182.69,913.45
5964,2402,45,1,234.82,234.82
5965,2403,60,3,158.81,476.43
5966,2404,39,2,284.11,568.22
5967,2404,42,1,408.3,408.3
5968,2405,13,3,30.46,91.38
5969,2405,80,3,451.49,1354.47
5970,2406,93,3,341.85,1025.55
5971,2406,24,1,78.21,78.21
5972,2406,61,4,359.64,1438.56
5973,2407,68,1,32.27,32.27
5974,2408,73,3,387.14,1161.42
5975,2408,45,2,234.82,469.64
5976,2408,22,1,59.15,59.15
5977,2408,47,4,45.16,180.64
5978,2409,80,1,451.49,451.49
5979,2410,49,1,495.64,495.64
5980,2410,4,3,118.42,355.26
5981,2410,41,5,41.31,206.55
5982,2411,25,1,175.52,175.52
5983,2412,85,2,492.59,985.18
5984,2412,43,5,22.62,113.1
5985,2412,7,3,205.07,615.21
5986,2412,99,1,494.94,494.94
5987,2413,40,4,390.15,1560.6
5988,2413,20,5,86.94,434.7
5989,2413,67,1,401.38,401.38
5990,2414,68,5,32.27,161.35
5991,2414,22,5,59.15,295.75
5992,2414,84,2,367.52,735.04
5993,2414,22,1,59.15,59.15
5994,2415,24,3,78.21,234.63
5995,2415,35,5,410.32,2051.6
5996,2415,9,4,78.57,314.28
5997,2415,75,5,385.83,1929.15
5998,2416,91,2,261.31,522.62
5999,2417,82,2,369.1,738.2
6000,2417,11,2,453.8,907.6
6001,2418,81,3,35.95,107.85
6002,2419,92,1,332.79,332.79
6003,2419,21,1,397.21,397.21
6004,2419,59,3,355.95,1067.85
6005,2419,93,4,341.85,1367.4
6006,2420,50,4,497.89,1991.56
6007,2420,94,1,241.54,241.54
6008,2421,41,2,41.31,82.62
6009,2421,85,5,492.59,2462.95
6010,2421,76,4,426.76,1707.04
6011,2422,60,5,158.81,794.05
6012,2423,55,3,329.8,989.4
6013,2423,16,5,472.23,2361.15
6014,2423,90,3,214.08,642.24
6015,2424,25,5,175.52,877.6
6016,2424,66,3,379.64,1138.92
6017,2424,26,1,182.69,182.69
6018,2424,92,3,332.79,998.37
6019,2425,79,4,141.3,565.2
6020,2426,36,4,50.25,201.0
6021,2426,38,4,317.16,1268.64
6022,2427,78,5,270.01,1350.05
6023,2427,88,3,434.27,1302.81
6024,2428,43,2,22.62,45.24
6025,2428,32,1,108.18,108.18
6026,2429,42,1,408.3,408.3
6027,2429,48,3,424.68,1274.04
6028,2429,56,3,189.05,567.15
6029,2429,97,2,384.42,768.84
6030,2430,29,1,225.18,225.18
6031,2430,15,1,53.94,53.94
6032,2430,55,1,329.8,329.8
6033,2431,74,5,400.73,2003.65
6034,2432,64,2,142.89,285.78
6035,2432,86,5,397.74,1988.7
6036,2433,26,5,182.69,913.45
6037,2433,96,4,305.97,1223.88
6038,2433,62,5,466.1,2330.5
6039,2434,18,2,45.04,90.08
6040,2435,98,5,173.14,865.7
6041,2435,4,2,118.42,236.84
6042,2436,33,2,384.16,768.32
6043,2436,20,3,86.94,260.82
6044,2437,21,1,397.21,397.21
6045,2437,7,3,205.07,615.21
6046,2438,15,2,53.94,107.88
6047,2439,43,2,22.62,45.24
6048,2440,50,4,497.89,1991.56
6049,2440,48,4,424.68,1698.72
6050,2440,94,1,241.54,241.54
6051,2441,91,2,261.31,522.62
6052,2442,94,1,241.54,241.54
6053,2442,3,2,372.18,744.36
6054,2442,22,4,59.15,236.6
6055,2443,80,1,451.49,451.49
6056,2443,92,3,332.79,998.37
6057,2443,22,4,59.15,236.6
6058,2443,75,1,385.83,385.83
6059,2444,49,4,495.64,1982.56
6060,2444,54,2,118.02,236.04
6061,2444,15,2,53.94,107.88
6062,2445,64,1,142.89,142.89
6063,2445,52,3,111.57,334.71
6064,2445,2,3,152.12,456.36
6065,2445,67,4,401.38,1605.52
6066,2446,55,2,329.8,659.6
6067,2447,81,1,35.95,35.95
6068,2447,40,2,390.15,780.3
6069,2448,40,5,390.15,1950.75
6070,2448,79,5,141.3,706.5
6071,2449,23,3,226.38,679.14
6072,2450,39,1,284.11,284.11
6073,2450,39,2,284.11,568.22
6074,2450,17,3,339.84,1019.52
6075,2451,74,5,400.73,2003.65
6076,2452,76,2,426.76,853.52
6077,2452,60,5,158.81,794.05
6078,2453,40,1,390.15,390.15
6079,2454,29,3,225.18,675.54
6080,2454,84,2,367.52,735.04
6081,2454,63,4,94.39,377.56
6082,2454,34,1,134.4,134.4
6083,2455,44,4,46.58,186.32
6084,2455,86,3,397.74,1193.22
6085,2455,42,3,408.3,1224.9
6086,2456,16,4,472.23,1888.92
6087,2457,84,4,367.52,1470.08
6088,2458,57,1,225.85,225.85
6089,2458,65,4,127.37,509.48
6090,2459,59,3,355.95,1067.85
6091,2459,48,4,424.68,1698.72
6092,2460,79,5,141.3,706.5
6093,2460,77,4,128.87,515.48
6094,2460,5,1,79.43,79.43
6095,2461,57,4,225.85,903.4
6096,2461,52,5,111.57,557.85
6097,2461,28,4,242.71,970.84
6098,2462,30,2,357.25,714.5
6099,2462,9,2,78.57,157.14
6100,2462,99,2,494.94,989.88
6101,2462,84,4,367.52,1470.08
6102,2463,71,3,374.06,1122.18
6103,2463,2,4,152.12,608.48
6104,2463,60,3,158.81,476.43
6105,2464,11,1,453.8,453.8
6106,2464,68,5,32.27,161.35
6107,2464,73,2,387.14,774.28
6108,2464,5,1,79.43,79.43
6109,2465,38,5,317.16,1585.8
6110,2465,49,2,495.64,991.28
6111,2466,66,4,379.64,1518.56
6112,2466,45,1,234.82,234.82
6113,2467,28,5,242.71,1213.55
6114,2467,86,4,397.74,1590.96
6115,2467,69,1,57.06,57.06
6116,2468,76,1,426.76,426.76
6117,2468,49,4,495.64,1982.56
6118,2468,67,1,401.38,401.38
6119,2468,94,5,241.54,1207.7
6120,2469,93,5,341.85,1709.25
6121,2469,11,3,453.8,1361.4
6122,2469,86,4,397.74,1590.96
6123,2470,75,1,385.83,385.83
6124,2470,6,3,142.79,428.37
6125,2470,9,4,78.57,314.28
6126,2471,93,5,341.85,1709.25
6127,2471,26,2,182.69,365.38
6128,2471,58,2,20.84,41.68
6129,2471,83,4,238.96,955.84
6130,2472,6,2,142.79,285.58
6131,2472,93,2,341.85,683.7
6132,2473,96,2,305.97,611.94
6133,2473,34,3,134.4,403.2
6134,2473,94,2,241.54,483.08
6135,2474,10,4,316.11,1264.44
6136,2475,58,2,20.84,41.68
6137,2475,35,4,410.32,1641.28
6138,2475,66,5,379.64,1898.2
6139,2475,15,1,53.94,53.94
6140,2476,16,3,472.23,1416.69
6141,2476,69,2,57.06,114.12
6142,2476,32,2,108.18,216.36
6143,2476,32,3,108.18,324.54
6144,2477,74,3,400.73,1202.19
6145,2478,75,2,385.83,771.66
6146,2478,68,5,32.27,161.35
6147,2479,17,4,339.84,1359.36
6148,2479,55,1,329.8,329.8
6149,2480,81,3,35.95,107.85
6150,2480,75,1,385.83,385.83
6151,2480,5,4,79.43,317.72
6152,2480,87,3,90.21,270.63
6153,2481,12,5,70.96,354.8
6154,2481,8,1,301.86,301.86
6155,2481,90,4,214.08,856.32
6156,2482,78,2,270.01,540.02
6157,2483,73,4,387.14,1548.56
6158,2484,27,2,38.1,76.2
6159,2485,28,3,242.71,728.13
6160,2486,47,3,45.16,135.48
6161,2486,15,2,53.94,107.88
6162,2487,75,2,385.83,771.66
6163,2487,8,4,301.86,1207.44
6164,2487,81,3,35.95,107.85
6165,2487,18,4,45.04,180.16
6166,2488,22,1,59.15,59.15
6167,2488,94,1,241.54,241.54
6168,2488,41,3,41.31,123.93
6169,2489,47,2,45.16,90.32
6170,2489,27,3,38.1,114.3
6171,2489,56,5,189.05,945.25
6172,2489,44,4,46.58,186.32
6173,2490,23,3,226.38,679.14
6174,2491,88,3,434.27,1302.81
6175,2492,91,2,261.31,522.62
6176,2492,66,3,379.64,1138.92
6177,2492,6,4,142.79,571.16
6178,2492,15,1,53.94,53.94
6179,2493,17,2,339.84,679.68
6180,2493,98,4,173.14,692.56
6181,2493,47,2,45.16,90.32
6182,2493,77,5,128.87,644.35
6183,2494,5,3,79.43,238.29
6184,2495,80,4,451.49,1805.96
6185,2495,28,1,242.71,242.71
6186,2495,93,3,341.85,1025.55
6187,2496,31,4,169.22,676.88
6188,2497,42,2,408.3,816.6
6189,2497,18,1,45.04,45.04
6190,2498,4,3,118.42,355.26
6191,2498,100,1,46.79,46.79
6192,2498,76,3,426.76,1280.28
6193,2498,69,1,57.06,57.06
6194,2499,47,4,45.16,180.64
6195,2499,3,4,372.18,1488.72
6196,2499,55,4,329.8,1319.2
6197,2499,15,4,53.94,215.76
6198,2500,19,2,180.91,361.82
6199,2500,8,1,301.86,301.86
6200,2500,89,1,27.6,27.6
6201,2500,35,1,410.32,410.32
6202,2501,13,1,30.46,30.46
6203,2502,60,3,158.81,476.43
6204,2502,65,2,127.37,254.74
6205,2502,40,2,390.15,780.3
6206,2502,76,3,426.76,1280.28
6207,2503,73,5,387.14,1935.7
6208,2503,95,2,221.84,443.68
6209,2503,51,3,185.34,556.02
6210,2504,5,2,79.43,158.86
6211,2504,50,4,497.89,1991.56
6212,2504,62,1,466.1,466.1
6213,2505,33,3,384.16,1152.48
6214,2505,73,4,387.14,1548.56
6215,2506,5,4,79.43,317.72
6216,2506,61,4,359.64,1438.56
6217,2506,20,3,86.94,260.82
6218,2507,98,5,173.14,865.7
6219,2507,88,4,434.27,1737.08
6220,2508,96,5,305.97,1529.85
6221,2509,7,4,205.07,820.28
6222,2510,22,1,59.15,59.15
6223,2510,53,3,493.72,1481.16
6224,2510,71,4,374.06,1496.24
6225,2511,46,5,306.21,1531.05
6226,2511,6,2,142.79,285.58
6227,2512,44,2,46.58,93.16
6228,2512,11,3,453.8,1361.4
6229,2513,76,5,426.76,2133.8
6230,2513,31,5,169.22,846.1
6231,2514,60,5,158.81,794.05
6232,2514,84,4,367.52,1470.08
6233,2514,68,4,32.27,129.08
6234,2515,70,1,159.99,159.99
6235,2515,36,1,50.25,50.25
6236,2516,91,3,261.31,783.93
6237,2516,15,1,53.94,53.94
6238,2516,68,2,32.27,64.54
6239,2517,92,2,332.79,665.58
6240,2518,7,4,205.07,820.28
6241,2518,38,2,317.16,634.32
6242,2518,57,2,225.85,451.7
6243,2518,30,1,357.25,357.25
6244,2519,39,3,284.11,852.33
6245,2519,18,2,45.04,90.08
6246,2519,52,2,111.57,223.14
6247,2519,6,1,142.79,142.79
6248,2520,98,2,173.14,346.28
6249,2520,89,2,27.6,55.2
6250,2521,34,3,134.4,403.2
6251,2521,53,4,493.72,1974.88
6252,2521,47,3,45.16,135.48
6253,2521,23,4,226.38,905.52
6254,2522,81,5,35.95,179.75
6255,2522,100,4,46.79,187.16
6256,2523,44,4,46.58,186.32
6257,2523,31,1,169.22,169.22
6258,2523,58,5,20.84,104.2
6259,2523,56,5,189.05,945.25
6260,2524,95,2,221.84,443.68
6261,2524,1,5,29.45,147.25
6262,2525,4,3,118.42,355.26
6263,2526,69,5,57.06,285.3
6264,2526,6,5,142.79,713.95
6265,2526,79,2,141.3,282.6
6266,2527,10,2,316.11,632.22
6267,2528,30,1,357.25,357.25
6268,2528,36,1,50.25,50.25
6269,2529,80,3,451.49,1354.47
6270,2529,23,5,226.38,1131.9
6271,2529,73,2,387.14,774.28
6272,2530,12,4,70.96,283.84
6273,2530,55,5,329.8,1649.0
6274,2531,86,3,397.74,1193.22
6275,2531,65,1,127.37,127.37
6276,2531,89,4,27.6,110.4
6277,2531,100,5,46.79,233.95
6278,2532,87,1,90.21,90.21
6279,2532,93,1,341.85,341.85
6280,2533,39,1,284.11,284.11
6281,2534,63,2,94.39,188.78
6282,2534,36,2,50.25,100.5
6283,2534,64,1,142.89,142.89
6284,2535,60,5,158.81,794.05
6285,2535,90,1,214.08,214.08
6286,2535,11,3,453.8,1361.4
6287,2535,52,4,111.57,446.28
6288,2536,5,2,79.43,158.86
6289,2536,33,4,384.16,1536.64
6290,2536,83,2,238.96,477.92
6291,2537,47,1,45.16,45.16
6292,2537,76,1,426.76,426.76
6293,2538,93,2,341.85,683.7
6294,2538,74,4,400.73,1602.92
6295,2539,60,2,158.81,317.62
6296,2540,41,3,41.31,123.93
6297,2540,30,4,357.25,1429.0
6298,2540,74,4,400.73,1602.92
6299,2540,12,1,70.96,70.96
6300,2541,41,2,41.31,82.62
6301,2541,54,3,118.02,354.06
6302,2542,73,1,387.14,387.14
6303,2542,83,2,238.96,477.92
6304,2543,46,5,306.21,1531.05
6305,2543,47,1,45.16,45.16
6306,2543,79,2,141.3,282.6
6307,2544,90,2,214.08,428.16
6308,2544,9,3,78.57,235.71
6309,2545,6,1,142.79,142.79
6310,2545,82,5,369.1,1845.5
6311,2545,17,5,339.84,1699.2
6312,2545,28,5,242.71,1213.55
6313,2546,34,2,134.4,268.8
6314,2546,81,1,35.95,35.95
6315,2546,37,3,354.37,1063.11
6316,2546,83,3,238.96,716.88
6317,2547,96,3,305.97,917.91
6318,2547,25,5,175.52,877.6
6319,2547,68,2,32.27,64.54
6320,2547,24,5,78.21,391.05
6321,2548,34,2,134.4,268.8
6322,2548,90,2,214.08,428.16
6323,2548,25,3,175.52,526.56
6324,2549,26,2,182.69,365.38
6325,2549,84,4,367.52,1470.08
6326,2549,81,4,35.95,143.8
6327,2550,4,5,118.42,592.1
6328,2550,38,5,317.16,1585.8
6329,2550,94,2,241.54,483.08
6330,2550,53,5,493.72,2468.6
6331,2551,99,4,494.94,1979.76
6332,2551,65,1,127.37,127.37
6333,2552,25,2,175.52,351.04
6334,2553,26,5,182.69,913.45
6335,2553,96,1,305.97,305.97
6336,2553,6,1,142.79,142.79
6337,2553,43,3,22.62,67.86
6338,2554,12,3,70.96,212.88
6339,2555,39,1,284.11,284.11
6340,2555,73,3,387.14,1161.42
6341,2555,38,4,317.16,1268.64
6342,2556,13,4,30.46,121.84
6343,2556,51,4,185.34,741.36
6344,2556,52,2,111.57,223.14
6345,2557,67,1,401.38,401.38
6346,2557,49,4,495.64,1982.56
6347,2558,22,1,59.15,59.15
6348,2558,19,4,180.91,723.64
6349,2559,63,3,94.39,283.17
6350,2559,34,5,134.4,672.0
6351,2560,20,5,86.94,434.7
6352,2560,78,2,270.01,540.02
6353,2560,12,5,70.96,354.8
6354,2561,10,2,316.11,632.22
6355,2561,37,4,354.37,1417.48
6356,2561,44,4,46.58,186.32
6357,2562,33,2,384.16,768.32
6358,2563,40,2,390.15,780.3
6359,2563,23,4,226.38,905.52
6360,2563,76,3,426.76,1280.28
6361,2563,71,5,374.06,1870.3
6362,2564,56,5,189.05,945.25
6363,2564,70,4,159.99,639.96
6364,2565,58,3,20.84,62.52
6365,2566,73,3,387.14,1161.42
6366,2567,56,5,189.05,945.25
6367,2567,21,4,397.21,1588.84
6368,2568,53,2,493.72,987.44
6369,2569,27,4,38.1,152.4
6370,2570,11,5,453.8,2269.0
6371,2570,9,3,78.57,235.71
6372,2570,30,2,357.25,714.5
6373,2570,53,2,493.72,987.44
6374,2571,78,3,270.01,810.03
6375,2571,2,3,152.12,456.36
6376,2572,61,3,359.64,1078.92
6377,2572,75,2,385.83,771.66
6378,2572,80,4,451.49,1805.96
6379,2573,74,5,400.73,2003.65
6380,2573,65,5,127.37,636.85
6381,2573,87,4,90.21,360.84
6382,2573,82,1,369.1,369.1
6383,2574,1,1,29.45,29.45
6384,2574,6,3,142.79,428.37
6385,2574,50,5,497.89,2489.45
6386,2575,91,3,261.31,783.93
6387,2575,94,5,241.54,1207.7
6388,2575,20,4,86.94,347.76
6389,2575,27,1,38.1,38.1
6390,2576,66,1,379.64,379.64
6391,2576,100,5,46.79,233.95
6392,2576,28,2,242.71,485.42
6393,2576,40,5,390.15,1950.75
6394,2577,20,2,86.94,173.88
6395,2577,71,4,374.06,1496.24
6396,2577,50,1,497.89,497.89
6397,2578,44,1,46.58,46.58
6398,2578,60,5,158.81,794.05
6399,2578,32,3,108.18,324.54
6400,2579,6,4,142.79,571.16
6401,2580,44,4,46.58,186.32
6402,2580,53,4,493.72,1974.88
6403,2580,82,1,369.1,369.1
6404,2581,30,1,357.25,357.25
6405,2581,96,2,305.97,611.94
6406,2581,88,4,434.27,1737.08
6407,2582,54,2,118.02,236.04
6408,2583,39,2,284.11,568.22
6409,2584,48,1,424.68,424.68
6410,2585,73,3,387.14,1161.42
6411,2585,75,2,385.83,771.66
6412,2585,19,1,180.91,180.91
6413,2586,77,2,128.87,257.74
6414,2587,69,3,57.06,171.18
6415,2587,42,3,408.3,1224.9
6416,2588,74,2,400.73,801.46
6417,2588,33,5,384.16,1920.8
6418,2589,65,1,127.37,127.37
6419,2589,51,2,185.34,370.68
6420,2590,98,2,173.14,346.28
6421,2590,14,5,355.43,1777.15
6422,2590,49,5,495.64,2478.2
6423,2590,30,5,357.25,1786.25
6424,2591,97,5,384.42,1922.1
6425,2591,60,4,158.81,635.24
6426,2591,31,3,169.22,507.66
6427,2591,55,5,329.8,1649.0
6428,2592,29,5,225.18,1125.9
6429,2593,93,4,341.85,1367.4
6430,2593,72,1,437.04,437.04
6431,2593,4,4,118.42,473.68
6432,2593,11,4,453.8,1815.2
6433,2594,19,3,180.91,542.73
6434,2594,5,5,79.43,397.15
6435,2594,77,2,128.87,257.74
6436,2594,95,3,221.84,665.52
6437,2595,74,3,400.73,1202.19
6438,2595,50,4,497.89,1991.56
6439,2595,3,5,372.18,1860.9
6440,2596,73,5,387.14,1935.7
6441,2597,76,5,426.76,2133.8
6442,2597,2,4,152.12,608.48
6443,2597,15,1,53.94,53.94
6444,2598,78,4,270.01,1080.04
6445,2599,32,2,108.18,216.36
6446,2599,34,4,134.4,537.6
6447,2599,98,5,173.14,865.7
6448,2600,43,5,22.62,113.1
6449,2600,46,5,306.21,1531.05
6450,2600,68,5,32.27,161.35
6451,2601,3,4,372.18,1488.72
6452,2602,97,5,384.42,1922.1
6453,2602,54,5,118.02,590.1
6454,2603,15,1,53.94,53.94
6455,2603,78,4,270.01,1080.04
6456,2604,55,4,329.8,1319.2
6457,2604,64,2,142.89,285.78
6458,2604,7,5,205.07,1025.35
6459,2604,87,2,90.21,180.42
6460,2605,18,5,45.04,225.2
6461,2605,87,2,90.21,180.42
6462,2606,6,2,142.79,285.58
6463,2606,26,4,182.69,730.76
6464,2606,68,4,32.27,129.08
6465,2606,59,3,355.95,1067.85
6466,2607,66,1,379.64,379.64
6467,2608,26,2,182.69,365.38
6468,2608,84,4,367.52,1470.08
6469,2608,86,1,397.74,397.74
6470,2608,88,1,434.27,434.27
6471,2609,58,3,20.84,62.52
6472,2609,6,4,142.79,571.16
6473,2610,10,2,316.11,632.22
6474,2610,23,1,226.38,226.38
6475,2610,18,3,45.04,135.12
6476,2610,49,1,495.64,495.64
6477,2611,69,5,57.06,285.3
6478,2611,67,4,401.38,1605.52
6479,2611,10,1,316.11,316.11
6480,2611,58,4,20.84,83.36
6481,2612,26,2,182.69,365.38
6482,2612,91,1,261.31,261.31
6483,2612,29,2,225.18,450.36
6484,2612,74,4,400.73,1602.92
6485,2613,66,1,379.64,379.64
6486,2613,38,5,317.16,1585.8
6487,2614,38,4,317.16,1268.64
6488,2615,75,4,385.83,1543.32
6489,2616,56,3,189.05,567.15
6490,2616,61,3,359.64,1078.92
6491,2617,35,3,410.32,1230.96
6492,2617,78,5,270.01,1350.05
6493,2617,98,3,173.14,519.42
6494,2617,46,4,306.21,1224.84
6495,2618,63,3,94.39,283.17
6496,2619,24,2,78.21,156.42
6497,2620,94,4,241.54,966.16
6498,2620,79,4,141.3,565.2
6499,2620,76,1,426.76,426.76
6500,2620,62,2,466.1,932.2
6501,2621,60,1,158.81,158.81
6502,2621,97,2,384.42,768.84
6503,2621,75,2,385.83,771.66
6504,2621,18,1,45.04,45.04
6505,2622,29,4,225.18,900.72
6506,2622,39,1,284.11,284.11
6507,2622,54,2,118.02,236.04
6508,2622,67,3,401.38,1204.14
6509,2623,16,4,472.23,1888.92
6510,2623,57,3,225.85,677.55
6511,2624,90,3,214.08,642.24
6512,2624,67,3,401.38,1204.14
6513,2624,96,3,305.97,917.91
6514,2625,39,2,284.11,568.22
6515,2626,23,5,226.38,1131.9
6516,2626,48,2,424.68,849.36
6517,2627,10,5,316.11,1580.55
6518,2627,17,1,339.84,339.84
6519,2627,56,3,189.05,567.15
6520,2627,76,1,426.76,426.76
6521,2628,94,1,241.54,241.54
6522,2628,63,3,94.39,283.17
6523,2628,36,4,50.25,201.0
6524,2629,49,3,495.64,1486.92
6525,2630,22,4,59.15,236.6
6526,2630,86,1,397.74,397.74
6527,2630,65,2,127.37,254.74
6528,2631,84,1,367.52,367.52
6529,2631,54,2,118.02,236.04
6530,2632,94,3,241.54,724.62
6531,2632,23,4,226.38,905.52
6532,2632,75,5,385.83,1929.15
6533,2633,55,5,329.8,1649.0
6534,2633,73,4,387.14,1548.56
6535,2633,81,5,35.95,179.75
6536,2633,84,5,367.52,1837.6
6537,2634,96,4,305.97,1223.88
6538,2635,58,5,20.84,104.2
6539,2635,15,2,53.94,107.88
6540,2635,11,4,453.8,1815.2
6541,2636,36,5,50.25,251.25
6542,2636,54,4,118.02,472.08
6543,2636,23,3,226.38,679.14
6544,2637,88,1,434.27,434.27
6545,2637,91,2,261.31,522.62
6546,2637,97,2,384.42,768.84
6547,2637,51,2,185.34,370.68
6548,2638,68,4,32.27,129.08
6549,2638,72,3,437.04,1311.12
6550,2638,46,1,306.21,306.21
6551,2638,51,2,185.34,370.68
6552,2639,91,1,261.31,261.31
6553,2639,57,5,225.85,1129.25
6554,2639,94,3,241.54,724.62
6555,2640,42,1,408.3,408.3
6556,2641,10,3,316.11,948.33
6557,2641,99,3,494.94,1484.82
6558,2641,88,1,434.27,434.27
6559,2642,81,2,35.95,71.9
6560,2643,33,3,384.16,1152.48
6561,2644,13,1,30.46,30.46
6562,2645,90,3,214.08,642.24
6563,2645,75,4,385.83,1543.32
6564,2646,5,4,79.43,317.72
6565,2646,99,2,494.94,989.88
6566,2647,38,1,317.16,317.16
6567,2647,28,3,242.71,728.13
6568,2648,56,3,189.05,567.15
6569,2648,70,2,159.99,319.98
6570,2648,90,5,214.08,1070.4
6571,2648,37,3,354.37,1063.11
6572,2649,3,4,372.18,1488.72
6573,2650,6,1,142.79,142.79
6574,2650,9,5,78.57,392.85
6575,2650,42,1,408.3,408.3
6576,2650,25,1,175.52,175.52
6577,2651,30,4,357.25,1429.0
6578,2652,8,4,301.86,1207.44
6579,2652,64,1,142.89,142.89
6580,2653,27,4,38.1,152.4
6581,2653,39,4,284.11,1136.44
6582,2654,14,1,355.43,355.43
6583,2654,86,4,397.74,1590.96
6584,2655,33,5,384.16,1920.8
6585,2655,32,5,108.18,540.9
6586,2655,87,3,90.21,270.63
6587,2656,39,1,284.11,284.11
6588,2656,71,2,374.06,748.12
6589,2656,52,2,111.57,223.14
6590,2657,34,1,134.4,134.4
6591,2657,47,5,45.16,225.8
6592,2657,5,2,79.43,158.86
6593,2657,3,3,372.18,1116.54
6594,2658,21,4,397.21,1588.84
6595,2659,7,4,205.07,820.28
6596,2659,1,1,29.45,29.45
6597,2659,88,5,434.27,2171.35
6598,2660,3,3,372.18,1116.54
6599,2661,99,5,494.94,2474.7
6600,2662,40,1,390.15,390.15
6601,2662,72,1,437.04,437.04
6602,2662,67,5,401.38,2006.9
6603,2663,75,2,385.83,771.66
6604,2663,68,4,32.27,129.08
6605,2663,15,1,53.94,53.94
6606,2663,90,5,214.08,1070.4
6607,2664,77,2,128.87,257.74
6608,2665,64,4,142.89,571.56
6609,2665,67,1,401.38,401.38
6610,2665,85,5,492.59,2462.95
6611,2666,55,3,329.8,989.4
6612,2666,89,3,27.6,82.8
6613,2667,56,3,189.05,567.15
6614,2668,64,1,142.89,142.89
6615,2668,7,1,205.07,205.07
6616,2668,28,2,242.71,485.42
6617,2668,15,5,53.94,269.7
6618,2669,76,5,426.76,2133.8
6619,2669,22,4,59.15,236.6
6620,2669,67,5,401.38,2006.9
6621,2669,94,3,241.54,724.62
6622,2670,63,1,94.39,94.39
6623,2671,65,3,127.37,382.11
6624,2672,29,1,225.18,225.18
6625,2672,95,4,221.84,887.36
6626,2672,5,2,79.43,158.86
6627,2673,50,5,497.89,2489.45
6628,2673,37,1,354.37,354.37
6629,2673,86,4,397.74,1590.96
6630,2674,53,3,493.72,1481.16
6631,2674,82,1,369.1,369.1
6632,2675,46,4,306.21,1224.84
6633,2676,72,3,437.04,1311.12
6634,2676,70,3,159.99,479.97
6635,2676,45,5,234.82,1174.1
6636,2677,56,4,189.05,756.2
6637,2677,10,2,316.11,632.22
6638,2677,65,2,127.37,254.74
6639,2678,44,4,46.58,186.32
6640,2678,2,2,152.12,304.24
6641,2679,24,3,78.21,234.63
6642,2679,32,4,108.18,432.72
6643,2679,42,3,408.3,1224.9
6644,2680,26,4,182.69,730.76
6645,2680,16,3,472.23,1416.69
6646,2681,69,1,57.06,57.06
6647,2681,34,5,134.4,672.0
6648,2681,83,2,238.96,477.92
6649,2681,24,1,78.21,78.21
6650,2682,32,2,108.18,216.36
6651,2682,39,2,284.11,568.22
6652,2682,22,5,59.15,295.75
6653,2683,20,5,86.94,434.7
6654,2683,9,2,78.57,157.14
6655,2684,92,1,332.79,332.79
6656,2684,79,3,141.3,423.9
6657,2685,61,3,359.64,1078.92
6658,2685,5,5,79.43,397.15
6659,2685,87,5,90.21,451.05
6660,2685,34,4,134.4,537.6
6661,2686,69,5,57.06,285.3
6662,2686,86,2,397.74,795.48
6663,2687,74,3,400.73,1202.19
6664,2687,2,5,152.12,760.6
6665,2687,53,1,493.72,493.72
6666,2688,5,5,79.43,397.15
6667,2688,92,4,332.79,1331.16
6668,2688,90,4,214.08,856.32
6669,2688,55,5,329.8,1649.0
6670,2689,61,4,359.64,1438.56
6671,2689,44,3,46.58,139.74
6672,2689,65,2,127.37,254.74
6673,2690,30,3,357.25,1071.75
6674,2690,36,4,50.25,201.0
6675,2690,69,5,57.06,285.3
6676,2690,96,5,305.97,1529.85
6677,2691,54,3,118.02,354.06
6678,2691,82,4,369.1,1476.4
6679,2692,9,2,78.57,157.14
6680,2692,56,3,189.05,567.15
6681,2692,86,3,397.74,1193.22
6682,2693,27,4,38.1,152.4
6683,2693,65,4,127.37,509.48
6684,2694,19,3,180.91,542.73
6685,2694,54,1,118.02,118.02
6686,2694,75,2,385.83,771.66
6687,2694,84,3,367.52,1102.56
6688,2695,52,4,111.57,446.28
6689,2695,99,4,494.94,1979.76
6690,2696,50,3,497.89,1493.67
6691,2697,26,2,182.69,365.38
6692,2697,58,2,20.84,41.68
6693,2698,59,1,355.95,355.95
6694,2698,17,2,339.84,679.68
6695,2698,52,1,111.57,111.57
6696,2699,9,5,78.57,392.85
6697,2699,3,3,372.18,1116.54
6698,2699,94,3,241.54,724.62
6699,2700,62,1,466.1,466.1
6700,2700,58,5,20.84,104.2
6701,2701,60,3,158.81,476.43
6702,2701,75,4,385.83,1543.32
6703,2701,3,1,372.18,372.18
6704,2702,97,3,384.42,1153.26
6705,2702,95,5,221.84,1109.2
6706,2702,31,3,169.22,507.66
6707,2702,10,2,316.11,632.22
6708,2703,75,5,385.83,1929.15
6709,2704,17,1,339.84,339.84
6710,2704,52,4,111.57,446.28
6711,2704,82,2,369.1,738.2
6712,2704,96,2,305.97,611.94
6713,2705,48,4,424.68,1698.72
6714,2706,10,2,316.11,632.22
6715,2707,20,3,86.94,260.82
6716,2708,23,2,226.38,452.76
6717,2708,30,2,357.25,714.5
6718,2709,52,1,111.57,111.57
6719,2709,17,3,339.84,1019.52
6720,2709,87,2,90.21,180.42
6721,2709,89,3,27.6,82.8
6722,2710,17,5,339.84,1699.2
6723,2710,30,3,357.25,1071.75
6724,2710,58,3,20.84,62.52
6725,2710,48,2,424.68,849.36
6726,2711,89,3,27.6,82.8
6727,2712,9,1,78.57,78.57
6728,2712,35,4,410.32,1641.28
6729,2712,33,3,384.16,1152.48
6730,2713,4,1,118.42,118.42
6731,2713,55,1,329.8,329.8
6732,2713,19,2,180.91,361.82
6733,2714,53,1,493.72,493.72
6734,2714,80,4,451.49,1805.96
6735,2715,88,5,434.27,2171.35
6736,2716,91,1,261.31,261.31
6737,2716,5,1,79.43,79.43
6738,2716,5,5,79.43,397.15
6739,2717,53,5,493.72,2468.6
6740,2717,69,1,57.06,57.06
6741,2717,82,3,369.1,1107.3
6742,2717,7,3,205.07,615.21
6743,2718,33,2,384.16,768.32
6744,2718,75,5,385.83,1929.15
6745,2719,17,3,339.84,1019.52
6746,2719,50,2,497.89,995.78
6747,2719,25,2,175.52,351.04
6748,2719,29,1,225.18,225.18
6749,2720,41,4,41.31,165.24
6750,2720,15,4,53.94,215.76
6751,2721,96,5,305.97,1529.85
6752,2721,35,2,410.32,820.64
6753,2721,11,3,453.8,1361.4
6754,2722,16,1,472.23,472.23
6755,2722,79,3,141.3,423.9
6756,2722,91,1,261.31,261.31
6757,2723,48,4,424.68,1698.72
6758,2723,48,3,424.68,1274.04
6759,2724,10,2,316.11,632.22
6760,2724,36,3,50.25,150.75
6761,2724,73,3,387.14,1161.42
6762,2724,28,3,242.71,728.13
6763,2725,18,5,45.04,225.2
6764,2725,94,4,241.54,966.16
6765,2725,6,2,142.79,285.58
6766,2725,18,2,45.04,90.08
6767,2726,22,1,59.15,59.15
6768,2726,72,2,437.04,874.08
6769,2726,39,1,284.11,284.11
6770,2727,47,2,45.16,90.32
6771,2728,67,4,401.38,1605.52
6772,2728,24,3,78.21,234.63
6773,2729,77,1,128.87,128.87
6774,2729,75,1,385.83,385.83
6775,2729,56,2,189.05,378.1
6776,2730,40,5,390.15,1950.75
6777,2731,98,4,173.14,692.56
6778,2731,29,1,225.18,225.18
6779,2731,89,4,27.6,110.4
6780,2731,40,5,390.15,1950.75
6781,2732,93,1,341.85,341.85
6782,2733,94,2,241.54,483.08
6783,2733,95,3,221.84,665.52
6784,2733,86,4,397.74,1590.96
6785,2734,33,1,384.16,384.16
6786,2734,76,5,426.76,2133.8
6787,2734,36,3,50.25,150.75
6788,2735,63,1,94.39,94.39
6789,2735,23,2,226.38,452.76
6790,2735,78,3,270.01,810.03
6791,2735,46,4,306.21,1224.84
6792,2736,62,4,466.1,1864.4
6793,2736,91,2,261.31,522.62
6794,2736,98,1,173.14,173.14
6795,2736,15,3,53.94,161.82
6796,2737,86,3,397.74,1193.22
6797,2737,47,4,45.16,180.64
6798,2738,11,4,453.8,1815.2
6799,2738,99,5,494.94,2474.7
6800,2738,73,4,387.14,1548.56
6801,2738,55,3,329.8,989.4
6802,2739,45,3,234.82,704.46
6803,2739,59,1,355.95,355.95
6804,2739,70,5,159.99,799.95
6805,2739,25,4,175.52,702.08
6806,2740,42,5,408.3,2041.5
6807,2740,35,2,410.32,820.64
6808,2740,54,4,118.02,472.08
6809,2741,32,1,108.18,108.18
6810,2742,34,3,134.4,403.2
6811,2743,4,4,118.42,473.68
6812,2743,92,5,332.79,1663.95
6813,2743,16,5,472.23,2361.15
6814,2744,89,1,27.6,27.6
6815,2745,45,4,234.82,939.28
6816,2745,67,3,401.38,1204.14
6817,2745,93,2,341.85,683.7
6818,2746,74,4,400.73,1602.92
6819,2746,25,1,175.52,175.52
6820,2747,97,4,384.42,1537.68
6821,2747,89,3,27.6,82.8
6822,2748,88,3,434.27,1302.81
6823,2748,79,1,141.3,141.3
6824,2748,55,5,329.8,1649.0
6825,2748,29,2,225.18,450.36
6826,2749,94,5,241.54,1207.7
6827,2749,34,2,134.4,268.8
6828,2749,98,1,173.14,173.14
6829,2750,27,4,38.1,152.4
6830,2750,2,3,152.12,456.36
6831,2750,39,3,284.11,852.33
6832,2750,93,4,341.85,1367.4
6833,2751,17,3,339.84,1019.52
6834,2751,64,1,142.89,142.89
6835,2751,17,5,339.84,1699.2
6836,2751,62,5,466.1,2330.5
6837,2752,54,4,118.02,472.08
6838,2752,83,2,238.96,477.92
6839,2752,98,5,173.14,865.7
6840,2753,28,5,242.71,1213.55
6841,2753,48,4,424.68,1698.72
6842,2753,22,1,59.15,59.15
6843,2754,55,4,329.8,1319.2
6844,2754,47,3,45.16,135.48
6845,2755,5,3,79.43,238.29
6846,2755,65,4,127.37,509.48
6847,2755,65,3,127.37,382.11
6848,2755,18,5,45.04,225.2
6849,2756,4,4,118.42,473.68
6850,2756,38,5,317.16,1585.8
6851,2756,95,2,221.84,443.68
6852,2756,91,5,261.31,1306.55
6853,2757,12,2,70.96,141.92
6854,2758,72,4,437.04,1748.16
6855,2758,2,3,152.12,456.36
6856,2758,25,1,175.52,175.52
6857,2759,84,2,367.52,735.04
6858,2759,5,3,79.43,238.29
6859,2760,70,4,159.99,639.96
6860,2761,73,5,387.14,1935.7
6861,2761,3,5,372.18,1860.9
6862,2762,34,4,134.4,537.6
6863,2763,11,5,453.8,2269.0
6864,2764,27,2,38.1,76.2
6865,2765,86,2,397.74,795.48
6866,2765,68,3,32.27,96.81
6867,2766,90,3,214.08,642.24
6868,2766,86,3,397.74,1193.22
6869,2767,91,1,261.31,261.31
6870,2768,84,2,367.52,735.04
6871,2768,29,1,225.18,225.18
6872,2768,21,2,397.21,794.42
6873,2768,59,5,355.95,1779.75
6874,2769,6,2,142.79,285.58
6875,2769,56,4,189.05,756.2
6876,2769,80,1,451.49,451.49
6877,2770,55,2,329.8,659.6
6878,2770,15,4,53.94,215.76
6879,2771,95,4,221.84,887.36
6880,2772,1,1,29.45,29.45
6881,2773,22,1,59.15,59.15
6882,2773,99,5,494.94,2474.7
6883,2774,14,5,355.43,1777.15
6884,2774,52,3,111.57,334.71
6885,2775,29,5,225.18,1125.9
6886,2775,83,1,238.96,238.96
6887,2776,61,4,359.64,1438.56
6888,2776,68,3,32.27,96.81
6889,2776,87,5,90.21,451.05
6890,2777,21,4,397.21,1588.84
6891,2778,95,5,221.84,1109.2
6892,2778,1,4,29.45,117.8
6893,2779,8,3,301.86,905.58
6894,2779,49,2,495.64,991.28
6895,2780,57,5,225.85,1129.25
6896,2781,61,2,359.64,719.28
6897,2782,65,5,127.37,636.85
6898,2782,56,3,189.05,567.15
6899,2782,85,2,492.59,985.18
6900,2782,90,4,214.08,856.32
6901,2783,49,4,495.64,1982.56
6902,2783,43,1,22.62,22.62
6903,2784,41,3,41.31,123.93
6904,2784,2,4,152.12,608.48
6905,2784,13,5,30.46,152.3
6906,2785,50,4,497.89,1991.56
6907,2785,70,4,159.99,639.96
6908,2786,86,2,397.74,795.48
6909,2787,32,2,108.18,216.36
6910,2788,34,5,134.4,672.0
6911,2788,25,1,175.52,175.52
6912,2788,38,2,317.16,634.32
6913,2789,62,2,466.1,932.2
6914,2789,47,1,45.16,45.16
6915,2789,8,2,301.86,603.72
6916,2789,80,1,451.49,451.49
6917,2790,65,5,127.37,636.85
6918,2790,57,4,225.85,903.4
6919,2790,24,5,78.21,391.05
6920,2791,52,1,111.57,111.57
6921,2791,42,4,408.3,1633.2
6922,2791,58,4,20.84,83.36
6923,2792,67,5,401.38,2006.9
6924,2792,60,3,158.81,476.43
6925,2792,68,4,32.27,129.08
6926,2792,80,2,451.49,902.98
6927,2793,73,1,387.14,387.14
6928,2793,20,5,86.94,434.7
6929,2793,9,2,78.57,157.14
6930,2793,76,3,426.76,1280.28
6931,2794,29,2,225.18,450.36
6932,2794,78,1,270.01,270.01
6933,2794,42,3,408.3,1224.9
6934,2795,27,4,38.1,152.4
6935,2795,33,1,384.16,384.16
6936,2795,38,3,317.16,951.48
6937,2795,15,2,53.94,107.88
6938,2796,49,4,495.64,1982.56
6939,2796,87,5,90.21,451.05
6940,2797,10,1,316.11,316.11
6941,2798,80,4,451.49,1805.96
6942,2798,62,4,466.1,1864.4
6943,2799,32,5,108.18,540.9
6944,2799,2,2,152.12,304.24
6945,2800,92,4,332.79,1331.16
6946,2800,23,3,226.38,679.14
6947,2800,90,4,214.08,856.32
6948,2801,75,2,385.83,771.66
6949,2802,6,4,142.79,571.16
6950,2802,14,5,355.43,1777.15
6951,2802,31,2,169.22,338.44
6952,2802,43,4,22.62,90.48
6953,2803,50,1,497.89,497.89
6954,2803,68,2,32.27,64.54
6955,2803,18,4,45.04,180.16
6956,2804,37,4,354.37,1417.48
6957,2805,15,5,53.94,269.7
6958,2805,85,3,492.59,1477.77
6959,2805,1,2,29.45,58.9
6960,2806,51,2,185.34,370.68
6961,2806,49,4,495.64,1982.56
6962,2806,27,5,38.1,190.5
6963,2807,51,4,185.34,741.36
6964,2807,84,1,367.52,367.52
6965,2807,53,4,493.72,1974.88
6966,2807,80,4,451.49,1805.96
6967,2808,75,1,385.83,385.83
6968,2808,86,3,397.74,1193.22
6969,2809,12,2,70.96,141.92
6970,2810,38,5,317.16,1585.8
6971,2810,88,5,434.27,2171.35
6972,2810,44,2,46.58,93.16
6973,2811,80,5,451.49,2257.45
6974,2811,65,2,127.37,254.74
6975,2811,82,3,369.1,1107.3
6976,2812,71,5,374.06,1870.3
6977,2812,33,2,384.16,768.32
6978,2812,94,1,241.54,241.54
6979,2812,49,4,495.64,1982.56
6980,2813,50,2,497.89,995.78
6981,2813,31,5,169.22,846.1
6982,2813,94,2,241.54,483.08
6983,2813,2,1,152.12,152.12
6984,2814,12,4,70.96,283.84
6985,2815,88,5,434.27,2171.35
6986,2815,97,2,384.42,768.84
6987,2815,86,1,397.74,397.74
6988,2816,91,3,261.31,783.93
6989,2816,48,1,424.68,424.68
6990,2816,11,4,453.8,1815.2
6991,2816,41,5,41.31,206.55
6992,2817,84,4,367.52,1470.08
6993,2817,96,1,305.97,305.97
6994,2818,3,2,372.18,744.36
6995,2818,4,4,118.42,473.68
6996,2819,47,3,45.16,135.48
6997,2819,49,4,495.64,1982.56
6998,2820,59,4,355.95,1423.8
6999,2820,18,3,45.04,135.12
7000,2820,71,2,374.06,748.12
7001,2821,92,4,332.79,1331.16
7002,2821,55,4,329.8,1319.2
7003,2821,99,3,494.94,1484.82
7004,2822,62,2,466.1,932.2
7005,2822,47,1,45.16,45.16
7006,2823,71,1,374.06,374.06
7007,2823,96,1,305.97,305.97
7008,2823,95,4,221.84,887.36
7009,2824,1,5,29.45,147.25
7010,2824,58,1,20.84,20.84
7011,2824,51,2,185.34,370.68
7012,2825,5,3,79.43,238.29
7013,2825,31,3,169.22,507.66
7014,2825,62,4,466.1,1864.4
7015,2826,84,3,367.52,1102.56
7016,2826,22,4,59.15,236.6
7017,2826,82,3,369.1,1107.3
7018,2827,25,5,175.52,877.6
7019,2827,89,5,27.6,138.0
7020,2828,53,3,493.72,1481.16
7021,2828,93,5,341.85,1709.25
7022,2829,66,3,379.64,1138.92
7023,2829,75,3,385.83,1157.49
7024,2830,53,4,493.72,1974.88
7025,2830,28,1,242.71,242.71
7026,2831,45,3,234.82,704.46
7027,2831,51,4,185.34,741.36
7028,2831,28,1,242.71,242.71
7029,2832,8,2,301.86,603.72
7030,2832,47,4,45.16,180.64
7031,2833,40,5,390.15,1950.75
7032,2833,50,1,497.89,497.89
7033,2834,81,1,35.95,35.95
7034,2834,91,4,261.31,1045.24
7035,2834,91,5,261.31,1306.55
7036,2835,90,2,214.08,428.16
7037,2835,36,5,50.25,251.25
7038,2835,28,3,242.71,728.13
7039,2835,14,5,355.43,1777.15
7040,2836,36,2,50.25,100.5
7041,2836,96,3,305.97,917.91
7042,2836,11,5,453.8,2269.0
7043,2837,52,2,111.57,223.14
7044,2837,43,4,22.62,90.48
7045,2837,51,2,185.34,370.68
7046,2837,17,1,339.84,339.84
7047,2838,19,4,180.91,723.64
7048,2838,57,2,225.85,451.7
7049,2838,40,1,390.15,390.15
7050,2839,74,4,400.73,1602.92
7051,2840,78,5,270.01,1350.05
7052,2841,46,2,306.21,612.42
7053,2842,2,3,152.12,456.36
7054,2843,22,1,59.15,59.15
7055,2843,33,4,384.16,1536.64
7056,2843,80,1,451.49,451.49
7057,2844,27,5,38.1,190.5
7058,2844,26,3,182.69,548.07
7059,2845,87,1,90.21,90.21
7060,2845,18,1,45.04,45.04
7061,2845,34,2,134.4,268.8
7062,2845,48,1,424.68,424.68
7063,2846,77,5,128.87,644.35
7064,2846,64,2,142.89,285.78
7065,2847,69,5,57.06,285.3
7066,2847,54,2,118.02,236.04
7067,2847,12,3,70.96,212.88
7068,2847,75,1,385.83,385.83
7069,2848,56,3,189.05,567.15
7070,2848,50,4,497.89,1991.56
7071,2848,39,2,284.11,568.22
7072,2848,52,4,111.57,446.28
7073,2849,24,3,78.21,234.63
7074,2849,74,1,400.73,400.73
7075,2849,88,2,434.27,868.54
7076,2850,91,1,261.31,261.31
7077,2851,15,5,53.94,269.7
7078,2852,20,1,86.94,86.94
7079,2852,47,3,45.16,135.48
7080,2852,33,4,384.16,1536.64
7081,2852,6,4,142.79,571.16
7082,2853,73,3,387.14,1161.42
7083,2853,43,1,22.62,22.62
7084,2853,93,2,341.85,683.7
7085,2854,100,5,46.79,233.95
7086,2854,46,2,306.21,612.42
7087,2854,42,5,408.3,2041.5
7088,2855,44,2,46.58,93.16
7089,2855,100,5,46.79,233.95
7090,2855,93,1,341.85,341.85
7091,2855,3,1,372.18,372.18
7092,2856,13,3,30.46,91.38
7093,2857,15,1,53.94,53.94
7094,2858,99,3,494.94,1484.82
7095,2858,91,3,261.31,783.93
7096,2859,81,1,35.95,35.95
7097,2860,26,4,182.69,730.76
7098,2860,36,5,50.25,251.25
7099,2860,85,1,492.59,492.59
7100,2861,79,3,141.3,423.9
7101,2862,42,5,408.3,2041.5
7102,2862,48,1,424.68,424.68
7103,2863,69,3,57.06,171.18
7104,2863,58,2,20.84,41.68
7105,2864,91,2,261.31,522.62
7106,2865,30,2,357.25,714.5
7107,2865,11,1,453.8,453.8
7108,2865,41,4,41.31,165.24
7109,2865,86,5,397.74,1988.7
7110,2866,19,4,180.91,723.64
7111,2866,49,3,495.64,1486.92
7112,2866,63,4,94.39,377.56
7113,2866,60,2,158.81,317.62
7114,2867,5,1,79.43,79.43
7115,2867,69,2,57.06,114.12
7116,2867,28,4,242.71,970.84
7117,2868,52,4,111.57,446.28
7118,2868,39,5,284.11,1420.55
7119,2868,84,2,367.52,735.04
7120,2868,83,1,238.96,238.96
7121,2869,89,2,27.6,55.2
7122,2869,81,4,35.95,143.8
7123,2869,60,5,158.81,794.05
7124,2870,80,1,451.49,451.49
7125,2870,68,2,32.27,64.54
7126,2870,83,5,238.96,1194.8
7127,2871,91,3,261.31,783.93
7128,2872,80,5,451.49,2257.45
7129,2872,34,2,134.4,268.8
7130,2872,79,2,141.3,282.6
7131,2872,67,1,401.38,401.38
7132,2873,98,4,173.14,692.56
7133,2874,50,1,497.89,497.89
7134,2874,29,5,225.18,1125.9
7135,2874,93,1,341.85,341.85
7136,2875,33,4,384.16,1536.64
7137,2876,53,2,493.72,987.44
7138,2877,22,5,59.15,295.75
7139,2877,20,5,86.94,434.7
7140,2877,14,4,355.43,1421.72
7141,2878,41,3,41.31,123.93
7142,2878,100,4,46.79,187.16
7143,2878,42,3,408.3,1224.9
7144,2878,23,4,226.38,905.52
7145,2879,19,1,180.91,180.91
7146,2879,91,4,261.31,1045.24
7147,2880,4,3,118.42,355.26
7148,2880,29,3,225.18,675.54
7149,2881,36,3,50.25,150.75
7150,2881,40,3,390.15,1170.45
7151,2882,72,4,437.04,1748.16
7152,2882,98,4,173.14,692.56
7153,2883,59,2,355.95,711.9
7154,2884,2,2,152.12,304.24
7155,2884,97,2,384.42,768.84
7156,2884,21,3,397.21,1191.63
7157,2884,19,5,180.91,904.55
7158,2885,24,4,78.21,312.84
7159,2885,14,2,355.43,710.86
7160,2885,31,1,169.22,169.22
7161,2885,57,5,225.85,1129.25
7162,2886,96,5,305.97,1529.85
7163,2886,64,4,142.89,571.56
7164,2887,50,2,497.89,995.78
7165,2888,47,2,45.16,90.32
7166,2888,31,1,169.22,169.22
7167,2889,40,4,390.15,1560.6
7168,2889,33,1,384.16,384.16
7169,2889,14,1,355.43,355.43
7170,2890,92,1,332.79,332.79
7171,2890,20,5,86.94,434.7
7172,2890,50,3,497.89,1493.67
7173,2891,98,2,173.14,346.28
7174,2891,6,2,142.79,285.58
7175,2892,99,4,494.94,1979.76
7176,2893,14,1,355.43,355.43
7177,2893,41,1,41.31,41.31
7178,2893,83,1,238.96,238.96
7179,2894,51,4,185.34,741.36
7180,2895,82,2,369.1,738.2
7181,2895,54,4,118.02,472.08
7182,2895,74,1,400.73,400.73
7183,2895,73,2,387.14,774.28
7184,2896,82,3,369.1,1107.3
7185,2896,52,1,111.57,111.57
7186,2896,41,1,41.31,41.31
7187,2897,91,4,261.31,1045.24
7188,2898,33,2,384.16,768.32
7189,2898,72,3,437.04,1311.12
7190,2899,89,5,27.6,138.0
7191,2899,26,5,182.69,913.45
7192,2899,30,5,357.25,1786.25
7193,2899,67,3,401.38,1204.14
7194,2900,74,1,400.73,400.73
7195,2900,43,2,22.62,45.24
7196,2900,45,2,234.82,469.64
7197,2901,15,4,53.94,215.76
7198,2901,43,4,22.62,90.48
7199,2902,78,3,270.01,810.03
7200,2902,13,5,30.46,152.3
7201,2902,5,5,79.43,397.15
7202,2903,17,3,339.84,1019.52
7203,2904,20,3,86.94,260.82
7204,2904,52,1,111.57,111.57
7205,2904,60,1,158.81,158.81
7206,2904,22,1,59.15,59.15
7207,2905,80,3,451.49,1354.47
7208,2905,18,3,45.04,135.12
7209,2905,70,4,159.99,639.96
7210,2905,23,5,226.38,1131.9
7211,2906,42,3,408.3,1224.9
7212,2906,22,1,59.15,59.15
7213,2906,35,4,410.32,1641.28
7214,2906,6,2,142.79,285.58
7215,2907,27,3,38.1,114.3
7216,2908,57,5,225.85,1129.25
7217,2909,3,1,372.18,372.18
7218,2909,85,4,492.59,1970.36
7219,2910,54,1,118.02,118.02
7220,2910,79,4,141.3,565.2
7221,2910,84,4,367.52,1470.08
7222,2910,71,3,374.06,1122.18
7223,2911,90,4,214.08,856.32
7224,2911,63,4,94.39,377.56
7225,2911,75,2,385.83,771.66
7226,2912,58,2,20.84,41.68
7227,2912,48,1,424.68,424.68
7228,2912,58,3,20.84,62.52
7229,2913,80,2,451.49,902.98
7230,2913,91,2,261.31,522.62
7231,2913,69,5,57.06,285.3
7232,2914,27,4,38.1,152.4
7233,2914,81,5,35.95,179.75
7234,2914,65,2,127.37,254.74
7235,2914,58,5,20.84,104.2
7236,2915,18,5,45.04,225.2
7237,2915,25,5,175.52,877.6
7238,2915,56,3,189.05,567.15
7239,2915,8,3,301.86,905.58
7240,2916,64,1,142.89,142.89
7241,2916,90,2,214.08,428.16
7242,2916,67,4,401.38,1605.52
7243,2917,55,5,329.8,1649.0
7244,2917,9,5,78.57,392.85
7245,2918,100,5,46.79,233.95
7246,2919,19,3,180.91,542.73
7247,2919,88,4,434.27,1737.08
7248,2920,38,5,317.16,1585.8
7249,2920,9,3,78.57,235.71
7250,2921,46,5,306.21,1531.05
7251,2922,62,3,466.1,1398.3
7252,2923,48,5,424.68,2123.4
7253,2923,39,3,284.11,852.33
7254,2923,12,1,70.96,70.96
7255,2923,81,5,35.95,179.75
7256,2924,87,5,90.21,451.05
7257,2924,85,3,492.59,1477.77
7258,2924,60,4,158.81,635.24
7259,2924,74,5,400.73,2003.65
7260,2925,14,1,355.43,355.43
7261,2925,24,2,78.21,156.42
7262,2926,94,1,241.54,241.54
7263,2926,62,1,466.1,466.1
7264,2926,10,4,316.11,1264.44
7265,2926,25,2,175.52,351.04
7266,2927,81,3,35.95,107.85
7267,2927,67,4,401.38,1605.52
7268,2927,100,4,46.79,187.16
7269,2928,68,1,32.27,32.27
7270,2928,40,3,390.15,1170.45
7271,2928,19,5,180.91,904.55
7272,2928,62,3,466.1,1398.3
7273,2929,65,2,127.37,254.74
7274,2929,58,5,20.84,104.2
7275,2929,5,3,79.43,238.29
7276,2929,33,3,384.16,1152.48
7277,2930,43,2,22.62,45.24
7278,2930,95,5,221.84,1109.2
7279,2930,58,2,20.84,41.68
7280,2931,50,1,497.89,497.89
7281,2931,15,3,53.94,161.82
7282,2931,17,4,339.84,1359.36
7283,2932,15,2,53.94,107.88
7284,2932,57,1,225.85,225.85
7285,2932,40,2,390.15,780.3
7286,2933,45,4,234.82,939.28
7287,2933,62,5,466.1,2330.5
7288,2934,77,1,128.87,128.87
7289,2934,54,1,118.02,118.02
7290,2934,3,3,372.18,1116.54
7291,2935,97,1,384.42,384.42
7292,2936,55,1,329.8,329.8
7293,2937,48,5,424.68,2123.4
7294,2937,24,5,78.21,391.05
7295,2938,32,2,108.18,216.36
7296,2938,77,2,128.87,257.74
7297,2938,68,1,32.27,32.27
7298,2939,61,5,359.64,1798.2
7299,2939,30,3,357.25,1071.75
7300,2940,14,4,355.43,1421.72
7301,2940,86,2,397.74,795.48
7302,2940,11,4,453.8,1815.2
7303,2941,65,2,127.37,254.74
7304,2942,96,3,305.97,917.91
7305,2942,16,5,472.23,2361.15
7306,2943,79,4,141.3,565.2
7307,2943,84,3,367.52,1102.56
7308,2943,63,4,94.39,377.56
7309,2944,71,4,374.06,1496.24
7310,2944,47,4,45.16,180.64
7311,2944,56,5,189.05,945.25
7312,2945,37,1,354.37,354.37
7313,2945,66,1,379.64,379.64
7314,2945,65,5,127.37,636.85
7315,2946,53,5,493.72,2468.6
7316,2946,71,1,374.06,374.06
7317,2946,97,3,384.42,1153.26
7318,2947,43,2,22.62,45.24
7319,2947,3,3,372.18,1116.54
7320,2947,10,4,316.11,1264.44
7321,2948,23,3,226.38,679.14
7322,2949,43,5,22.62,113.1
7323,2949,6,2,142.79,285.58
7324,2949,8,4,301.86,1207.44
7325,2949,62,4,466.1,1864.4
7326,2950,44,2,46.58,93.16
7327,2950,91,4,261.31,1045.24
7328,2951,72,5,437.04,2185.2
7329,2951,67,1,401.38,401.38
7330,2951,100,5,46.79,233.95
7331,2952,12,3,70.96,212.88
7332,2952,55,5,329.8,1649.0
7333,2952,95,4,221.84,887.36
7334,2953,26,4,182.69,730.76
7335,2954,49,4,495.64,1982.56
7336,2955,93,3,341.85,1025.55
7337,2955,6,1,142.79,142.79
7338,2955,18,2,45.04,90.08
7339,2956,81,1,35.95,35.95
7340,2956,14,2,355.43,710.86
7341,2956,82,4,369.1,1476.4
7342,2956,93,1,341.85,341.85
7343,2957,93,2,341.85,683.7
7344,2958,2,4,152.12,608.48
7345,2958,62,2,466.1,932.2
7346,2958,95,4,221.84,887.36
7347,2958,94,5,241.54,1207.7
7348,2959,24,3,78.21,234.63
7349,2960,19,4,180.91,723.64
7350,2960,17,1,339.84,339.84
7351,2960,47,5,45.16,225.8
7352,2960,78,5,270.01,1350.05
7353,2961,47,5,45.16,225.8
7354,2961,74,1,400.73,400.73
7355,2961,17,3,339.84,1019.52
7356,2962,50,3,497.89,1493.67
7357,2963,60,3,158.81,476.43
7358,2963,64,5,142.89,714.45
7359,2963,58,2,20.84,41.68
7360,2963,73,1,387.14,387.14
7361,2964,94,3,241.54,724.62
7362,2965,41,4,41.31,165.24
7363,2965,16,1,472.23,472.23
7364,2965,12,2,70.96,141.92
7365,2966,49,3,495.64,1486.92
7366,2966,32,4,108.18,432.72
7367,2966,39,4,284.11,1136.44
7368,2967,25,5,175.52,877.6
7369,2967,27,4,38.1,152.4
7370,2968,37,1,354.37,354.37
7371,2968,23,2,226.38,452.76
7372,2969,14,2,355.43,710.86
7373,2970,62,2,466.1,932.2
7374,2970,49,2,495.64,991.28
7375,2970,55,4,329.8,1319.2
7376,2970,64,1,142.89,142.89
7377,2971,65,3,127.37,382.11
7378,2971,87,3,90.21,270.63
7379,2971,13,4,30.46,121.84
7380,2972,92,2,332.79,665.58
7381,2972,71,1,374.06,374.06
7382,2972,90,4,214.08,856.32
7383,2973,29,2,225.18,450.36
7384,2973,58,5,20.84,104.2
7385,2973,69,4,57.06,228.24
7386,2974,60,2,158.81,317.62
7387,2974,66,2,379.64,759.28
7388,2974,99,5,494.94,2474.7
7389,2974,24,4,78.21,312.84
7390,2975,94,2,241.54,483.08
7391,2975,43,5,22.62,113.1
7392,2976,13,2,30.46,60.92
7393,2976,3,2,372.18,744.36
7394,2976,2,2,152.12,304.24
7395,2977,4,5,118.42,592.1
7396,2977,67,3,401.38,1204.14
7397,2977,92,2,332.79,665.58
7398,2977,20,2,86.94,173.88
7399,2978,52,3,111.57,334.71
7400,2978,61,2,359.64,719.28
7401,2978,31,3,169.22,507.66
7402,2979,81,3,35.95,107.85
7403,2979,45,5,234.82,1174.1
7404,2979,72,4,437.04,1748.16
7405,2979,46,5,306.21,1531.05
7406,2980,83,5,238.96,1194.8
7407,2980,86,2,397.74,795.48
7408,2981,85,1,492.59,492.59
7409,2982,90,3,214.08,642.24
7410,2982,98,4,173.14,692.56
7411,2982,67,1,401.38,401.38
7412,2983,55,4,329.8,1319.2
7413,2984,39,3,284.11,852.33
7414,2984,79,1,141.3,141.3
7415,2984,60,2,158.81,317.62
7416,2984,65,4,127.37,509.48
7417,2985,29,5,225.18,1125.9
7418,2986,75,1,385.83,385.83
7419,2986,90,3,214.08,642.24
7420,2986,28,4,242.71,970.84
7421,2987,91,5,261.31,1306.55
7422,2987,16,5,472.23,2361.15
7423,2987,61,5,359.64,1798.2
7424,2987,20,2,86.94,173.88
7425,2988,48,5,424.68,2123.4
7426,2988,71,2,374.06,748.12
7427,2988,21,2,397.21,794.42
7428,2989,58,4,20.84,83.36
7429,2990,6,3,142.79,428.37
7430,2990,18,3,45.04,135.12
7431,2991,58,1,20.84,20.84
7432,2991,87,1,90.21,90.21
7433,2991,27,3,38.1,114.3
7434,2991,27,2,38.1,76.2
7435,2992,18,3,45.04,135.12
7436,2993,63,4,94.39,377.56
7437,2993,14,3,355.43,1066.29
7438,2993,61,2,359.64,719.28
7439,2994,40,5,390.15,1950.75
7440,2994,87,1,90.21,90.21
7441,2994,25,4,175.52,702.08
7442,2995,6,4,142.79,571.16
7443,2995,64,4,142.89,571.56
7444,2995,30,4,357.25,1429.0
7445,2996,35,3,410.32,1230.96
7446,2996,20,4,86.94,347.76
7447,2996,68,3,32.27,96.81
7448,2997,22,3,59.15,177.45
7449,2997,21,5,397.21,1986.05
7450,2997,25,3,175.52,526.56
7451,2998,1,4,29.45,117.8
7452,2998,46,3,306.21,918.63
7453,2998,42,5,408.3,2041.5
7454,2999,39,5,284.11,1420.55
7455,3000,38,1,317.16,317.16
7456,3000,82,5,369.1,1845.5
7457,3000,91,5,261.31,1306.55
7458,3000,40,4,390.15,1560.6
7459,3001,88,1,434.27,434.27
7460,3001,14,5,355.43,1777.15
7461,3001,18,2,45.04,90.08
7462,3002,36,4,50.25,201.0
7463,3002,76,2,426.76,853.52
7464,3002,19,2,180.91,361.82
7465,3002,87,4,90.21,360.84
7466,3003,19,4,180.91,723.64
7467,3003,40,3,390.15,1170.45
7468,3004,98,4,173.14,692.56
7469,3004,55,5,329.8,1649.0
7470,3004,5,3,79.43,238.29
7471,3004,70,1,159.99,159.99
7472,3005,38,4,317.16,1268.64
7473,3005,38,1,317.16,317.16
7474,3006,19,5,180.91,904.55
7475,3006,63,2,94.39,188.78
7476,3007,96,1,305.97,305.97
7477,3007,69,1,57.06,57.06
7478,3007,23,2,226.38,452.76
7479,3008,97,4,384.42,1537.68
7480,3008,98,3,173.14,519.42
7481,3009,28,1,242.71,242.71
7482,3009,68,4,32.27,129.08
7483,3010,37,2,354.37,708.74
7484,3010,19,1,180.91,180.91
7485,3010,87,5,90.21,451.05
7486,3011,84,4,367.52,1470.08
7487,3011,55,3,329.8,989.4
7488,3012,93,4,341.85,1367.4
7489,3013,69,4,57.06,228.24
7490,3013,52,1,111.57,111.57
7491,3013,26,1,182.69,182.69
7492,3013,8,1,301.86,301.86
7493,3014,70,2,159.99,319.98
7494,3014,34,1,134.4,134.4
7495,3014,45,4,234.82,939.28
7496,3015,46,1,306.21,306.21
7497,3015,33,2,384.16,768.32
7498,3016,57,5,225.85,1129.25
7499,3017,39,5,284.11,1420.55
7500,3017,36,5,50.25,251.25
7501,3017,81,3,35.95,107.85
7502,3017,65,3,127.37,382.11
7503,3018,61,5,359.64,1798.2
7504,3019,88,2,434.27,868.54
7505,3019,47,5,45.16,225.8
7506,3019,19,5,180.91,904.55
7507,3020,25,2,175.52,351.04
7508,3020,82,4,369.1,1476.4
7509,3020,15,4,53.94,215.76
7510,3021,80,2,451.49,902.98
7511,3021,65,3,127.37,382.11
7512,3022,66,4,379.64,1518.56
7513,3023,96,1,305.97,305.97
7514,3023,9,4,78.57,314.28
7515,3023,74,5,400.73,2003.65
7516,3023,83,2,238.96,477.92
7517,3024,34,2,134.4,268.8
7518,3024,49,3,495.64,1486.92
7519,3025,10,1,316.11,316.11
7520,3025,73,1,387.14,387.14
7521,3025,91,3,261.31,783.93
7522,3025,69,1,57.06,57.06
7523,3026,79,1,141.3,141.3
7524,3027,28,5,242.71,1213.55
7525,3028,57,4,225.85,903.4
7526,3028,40,1,390.15,390.15
7527,3028,60,3,158.81,476.43
7528,3029,91,5,261.31,1306.55
7529,3029,4,2,118.42,236.84
7530,3029,95,1,221.84,221.84
7531,3029,42,5,408.3,2041.5
7532,3030,7,3,205.07,615.21
7533,3030,48,3,424.68,1274.04
7534,3031,3,1,372.18,372.18
7535,3031,51,5,185.34,926.7
7536,3031,43,3,22.62,67.86
7537,3032,5,3,79.43,238.29
7538,3032,76,2,426.76,853.52
7539,3033,45,4,234.82,939.28
7540,3033,35,2,410.32,820.64
7541,3034,27,1,38.1,38.1
7542,3035,62,4,466.1,1864.4
7543,3035,52,2,111.57,223.14
7544,3035,46,4,306.21,1224.84
7545,3036,100,4,46.79,187.16
7546,3036,40,2,390.15,780.3
7547,3037,47,4,45.16,180.64
7548,3038,41,5,41.31,206.55
7549,3039,18,3,45.04,135.12
7550,3039,89,4,27.6,110.4
7551,3040,43,2,22.62,45.24
7552,3041,2,3,152.12,456.36
7553,3042,59,3,355.95,1067.85
7554,3042,19,5,180.91,904.55
7555,3042,8,3,301.86,905.58
7556,3043,24,2,78.21,156.42
7557,3043,80,1,451.49,451.49
7558,3043,29,2,225.18,450.36
7559,3043,38,1,317.16,317.16
7560,3044,34,2,134.4,268.8
7561,3045,98,2,173.14,346.28
7562,3045,64,1,142.89,142.89
7563,3045,82,5,369.1,1845.5
7564,3045,100,2,46.79,93.58
7565,3046,19,1,180.91,180.91
7566,3047,64,5,142.89,714.45
7567,3047,13,5,30.46,152.3
7568,3047,77,1,128.87,128.87
7569,3048,44,1,46.58,46.58
7570,3048,68,5,32.27,161.35
7571,3049,28,4,242.71,970.84
7572,3049,55,4,329.8,1319.2
7573,3049,42,2,408.3,816.6
7574,3049,8,3,301.86,905.58
7575,3050,60,4,158.81,635.24
7576,3050,54,3,118.02,354.06
7577,3050,63,3,94.39,283.17
7578,3050,96,2,305.97,611.94
7579,3051,15,1,53.94,53.94
7580,3051,35,2,410.32,820.64
7581,3051,20,1,86.94,86.94
7582,3051,81,5,35.95,179.75
7583,3052,69,5,57.06,285.3
7584,3052,48,2,424.68,849.36
7585,3053,39,1,284.11,284.11
7586,3053,41,4,41.31,165.24
7587,3053,55,5,329.8,1649.0
7588,3054,25,1,175.52,175.52
7589,3054,16,1,472.23,472.23
7590,3054,21,4,397.21,1588.84
7591,3054,21,5,397.21,1986.05
7592,3055,75,2,385.83,771.66
7593,3055,80,4,451.49,1805.96
7594,3055,53,1,493.72,493.72
7595,3055,56,3,189.05,567.15
7596,3056,33,2,384.16,768.32
7597,3056,36,4,50.25,201.0
7598,3056,79,5,141.3,706.5
7599,3057,43,3,22.62,67.86
7600,3057,58,3,20.84,62.52
7601,3058,25,1,175.52,175.52
7602,3058,47,3,45.16,135.48
7603,3059,17,3,339.84,1019.52
7604,3059,48,5,424.68,2123.4
7605,3059,51,4,185.34,741.36
7606,3059,67,1,401.38,401.38
7607,3060,69,3,57.06,171.18
7608,3060,46,3,306.21,918.63
7609,3061,52,2,111.57,223.14
7610,3062,14,5,355.43,1777.15
7611,3062,42,4,408.3,1633.2
7612,3062,87,5,90.21,451.05
7613,3063,56,1,189.05,189.05
7614,3063,28,2,242.71,485.42
7615,3063,69,4,57.06,228.24
7616,3063,89,2,27.6,55.2
7617,3064,68,5,32.27,161.35
7618,3064,76,5,426.76,2133.8
7619,3064,2,4,152.12,608.48
7620,3064,68,5,32.27,161.35
7621,3065,61,2,359.64,719.28
7622,3065,53,4,493.72,1974.88
7623,3065,6,2,142.79,285.58
7624,3065,45,4,234.82,939.28
7625,3066,74,1,400.73,400.73
7626,3066,37,3,354.37,1063.11
7627,3066,61,4,359.64,1438.56
7628,3067,36,5,50.25,251.25
7629,3067,97,2,384.42,768.84
7630,3067,86,2,397.74,795.48
7631,3067,99,2,494.94,989.88
7632,3068,95,1,221.84,221.84
7633,3068,85,3,492.59,1477.77
7634,3068,64,1,142.89,142.89
7635,3068,65,5,127.37,636.85
7636,3069,21,3,397.21,1191.63
7637,3069,4,1,118.42,118.42
7638,3069,44,2,46.58,93.16
7639,3069,4,5,118.42,592.1
7640,3070,25,1,175.52,175.52
7641,3070,47,4,45.16,180.64
7642,3070,94,1,241.54,241.54
7643,3070,65,3,127.37,382.11
7644,3071,99,1,494.94,494.94
7645,3071,32,4,108.18,432.72
7646,3072,67,1,401.38,401.38
7647,3072,15,5,53.94,269.7
7648,3072,68,3,32.27,96.81
7649,3072,45,4,234.82,939.28
7650,3073,63,3,94.39,283.17
7651,3074,37,1,354.37,354.37
7652,3074,53,1,493.72,493.72
7653,3074,65,4,127.37,509.48
7654,3074,40,5,390.15,1950.75
7655,3075,74,4,400.73,1602.92
7656,3075,22,4,59.15,236.6
7657,3076,36,2,50.25,100.5
7658,3076,56,3,189.05,567.15
7659,3077,90,5,214.08,1070.4
7660,3078,98,4,173.14,692.56
7661,3078,11,2,453.8,907.6
7662,3078,34,3,134.4,403.2
7663,3079,77,2,128.87,257.74
7664,3079,54,5,118.02,590.1
7665,3080,64,3,142.89,428.67
7666,3080,72,5,437.04,2185.2
7667,3080,40,2,390.15,780.3
7668,3080,85,4,492.59,1970.36
7669,3081,75,3,385.83,1157.49
7670,3081,86,1,397.74,397.74
7671,3082,31,2,169.22,338.44
7672,3082,64,3,142.89,428.67
7673,3082,83,3,238.96,716.88
7674,3083,66,4,379.64,1518.56
7675,3084,99,2,494.94,989.88
7676,3084,34,2,134.4,268.8
7677,3084,27,1,38.1,38.1
7678,3085,76,2,426.76,853.52
7679,3086,98,5,173.14,865.7
7680,3086,99,2,494.94,989.88
7681,3087,21,1,397.21,397.21
7682,3088,24,4,78.21,312.84
7683,3088,2,3,152.12,456.36
7684,3088,94,1,241.54,241.54
7685,3089,6,2,142.79,285.58
7686,3089,75,4,385.83,1543.32
7687,3089,56,2,189.05,378.1
7688,3090,92,3,332.79,998.37
7689,3090,61,5,359.64,1798.2
7690,3091,54,2,118.02,236.04
7691,3091,88,5,434.27,2171.35
7692,3092,92,5,332.79,1663.95
7693,3092,74,1,400.73,400.73
7694,3092,37,5,354.37,1771.85
7695,3093,48,2,424.68,849.36
7696,3093,88,1,434.27,434.27
7697,3093,13,5,30.46,152.3
7698,3093,38,4,317.16,1268.64
7699,3094,19,5,180.91,904.55
7700,3095,15,4,53.94,215.76
7701,3095,47,4,45.16,180.64
7702,3096,65,5,127.37,636.85
7703,3096,47,2,45.16,90.32
7704,3097,29,2,225.18,450.36
7705,3097,52,3,111.57,334.71
7706,3098,6,2,142.79,285.58
7707,3098,5,1,79.43,79.43
7708,3099,36,1,50.25,50.25
7709,3099,77,1,128.87,128.87
7710,3099,27,3,38.1,114.3
7711,3100,11,1,453.8,453.8
7712,3100,37,2,354.37,708.74
7713,3100,24,5,78.21,391.05
7714,3101,93,3,341.85,1025.55
7715,3102,15,5,53.94,269.7
7716,3102,37,1,354.37,354.37
7717,3103,48,2,424.68,849.36
7718,3103,79,2,141.3,282.6
7719,3103,93,5,341.85,1709.25
7720,3104,12,3,70.96,212.88
7721,3104,84,5,367.52,1837.6
7722,3104,42,5,408.3,2041.5
7723,3104,34,1,134.4,134.4
7724,3105,65,2,127.37,254.74
7725,3105,24,3,78.21,234.63
7726,3105,12,3,70.96,212.88
7727,3106,36,5,50.25,251.25
7728,3107,4,3,118.42,355.26
7729,3107,45,4,234.82,939.28
7730,3108,53,1,493.72,493.72
7731,3108,58,4,20.84,83.36
7732,3108,38,4,317.16,1268.64
7733,3108,42,1,408.3,408.3
7734,3109,94,2,241.54,483.08
7735,3109,97,3,384.42,1153.26
7736,3109,93,5,341.85,1709.25
7737,3110,19,1,180.91,180.91
7738,3110,85,5,492.59,2462.95
7739,3110,44,1,46.58,46.58
7740,3111,54,2,118.02,236.04
7741,3111,25,3,175.52,526.56
7742,3111,81,5,35.95,179.75
7743,3111,2,1,152.12,152.12
7744,3112,32,4,108.18,432.72
7745,3112,47,5,45.16,225.8
7746,3112,47,5,45.16,225.8
7747,3113,68,1,32.27,32.27
7748,3113,47,3,45.16,135.48
7749,3114,88,5,434.27,2171.35
7750,3114,12,2,70.96,141.92
7751,3114,70,4,159.99,639.96
7752,3114,9,2,78.57,157.14
7753,3115,22,3,59.15,177.45
7754,3115,8,5,301.86,1509.3
7755,3116,39,5,284.11,1420.55
7756,3116,13,4,30.46,121.84
7757,3116,38,5,317.16,1585.8
7758,3116,13,2,30.46,60.92
7759,3117,100,3,46.79,140.37
7760,3117,72,2,437.04,874.08
7761,3117,50,4,497.89,1991.56
7762,3118,65,4,127.37,509.48
7763,3118,100,3,46.79,140.37
7764,3118,13,4,30.46,121.84
7765,3119,93,4,341.85,1367.4
7766,3119,52,4,111.57,446.28
7767,3119,2,4,152.12,608.48
7768,3120,88,1,434.27,434.27
7769,3121,94,3,241.54,724.62
7770,3122,62,5,466.1,2330.5
7771,3122,46,2,306.21,612.42
7772,3122,24,3,78.21,234.63
7773,3122,87,3,90.21,270.63
7774,3123,68,4,32.27,129.08
7775,3124,30,2,357.25,714.5
7776,3124,47,3,45.16,135.48
7777,3124,78,4,270.01,1080.04
7778,3125,21,5,397.21,1986.05
7779,3126,99,5,494.94,2474.7
7780,3126,90,4,214.08,856.32
7781,3126,69,2,57.06,114.12
7782,3127,81,1,35.95,35.95
7783,3127,2,4,152.12,608.48
7784,3128,98,5,173.14,865.7
7785,3128,28,4,242.71,970.84
7786,3128,97,4,384.42,1537.68
7787,3129,32,4,108.18,432.72
7788,3129,86,5,397.74,1988.7
7789,3130,96,4,305.97,1223.88
7790,3130,8,1,301.86,301.86
7791,3130,52,1,111.57,111.57
7792,3131,10,3,316.11,948.33
7793,3131,65,5,127.37,636.85
7794,3131,27,5,38.1,190.5
7795,3131,97,5,384.42,1922.1
7796,3132,5,4,79.43,317.72
7797,3132,30,3,357.25,1071.75
7798,3133,74,3,400.73,1202.19
7799,3133,74,3,400.73,1202.19
7800,3133,12,4,70.96,283.84
7801,3134,68,1,32.27,32.27
7802,3134,12,3,70.96,212.88
7803,3134,46,5,306.21,1531.05
7804,3134,27,2,38.1,76.2
7805,3135,95,1,221.84,221.84
7806,3135,32,4,108.18,432.72
7807,3136,3,1,372.18,372.18
7808,3137,22,1,59.15,59.15
7809,3137,60,3,158.81,476.43
7810,3138,18,1,45.04,45.04
7811,3138,81,1,35.95,35.95
7812,3138,49,2,495.64,991.28
7813,3138,83,5,238.96,1194.8
7814,3139,1,1,29.45,29.45
7815,3139,71,1,374.06,374.06
7816,3139,93,2,341.85,683.7
7817,3139,71,1,374.06,374.06
7818,3140,21,5,397.21,1986.05
7819,3140,64,3,142.89,428.67
7820,3140,4,5,118.42,592.1
7821,3141,2,4,152.12,608.48
7822,3141,85,3,492.59,1477.77
7823,3142,6,4,142.79,571.16
7824,3142,46,1,306.21,306.21
7825,3143,39,2,284.11,568.22
7826,3143,27,3,38.1,114.3
7827,3143,34,4,134.4,537.6
7828,3144,44,2,46.58,93.16
7829,3145,80,1,451.49,451.49
7830,3145,59,3,355.95,1067.85
7831,3145,74,2,400.73,801.46
7832,3145,3,4,372.18,1488.72
7833,3146,26,4,182.69,730.76
7834,3146,3,4,372.18,1488.72
7835,3146,83,3,238.96,716.88
7836,3147,28,3,242.71,728.13
7837,3148,92,3,332.79,998.37
7838,3148,52,3,111.57,334.71
7839,3148,100,4,46.79,187.16
7840,3149,31,1,169.22,169.22
7841,3149,95,3,221.84,665.52
7842,3149,12,5,70.96,354.8
7843,3150,10,2,316.11,632.22
7844,3150,35,3,410.32,1230.96
7845,3150,29,5,225.18,1125.9
7846,3150,45,1,234.82,234.82
7847,3151,2,1,152.12,152.12
7848,3151,12,5,70.96,354.8
7849,3152,70,1,159.99,159.99
7850,3152,42,1,408.3,408.3
7851,3152,76,4,426.76,1707.04
7852,3152,42,3,408.3,1224.9
7853,3153,12,3,70.96,212.88
7854,3153,45,2,234.82,469.64
7855,3153,73,1,387.14,387.14
7856,3154,11,1,453.8,453.8
7857,3154,89,3,27.6,82.8
7858,3154,25,4,175.52,702.08
7859,3155,59,2,355.95,711.9
7860,3155,47,2,45.16,90.32
7861,3156,25,3,175.52,526.56
7862,3156,73,5,387.14,1935.7
7863,3156,79,4,141.3,565.2
7864,3156,21,5,397.21,1986.05
7865,3157,26,3,182.69,548.07
7866,3157,37,1,354.37,354.37
7867,3157,23,2,226.38,452.76
7868,3158,29,1,225.18,225.18
7869,3158,23,3,226.38,679.14
7870,3159,87,1,90.21,90.21
7871,3159,61,1,359.64,359.64
7872,3159,39,1,284.11,284.11
7873,3160,70,1,159.99,159.99
7874,3161,21,4,397.21,1588.84
7875,3161,50,5,497.89,2489.45
7876,3161,49,3,495.64,1486.92
7877,3161,26,1,182.69,182.69
7878,3162,78,1,270.01,270.01
7879,3162,93,4,341.85,1367.4
7880,3163,65,5,127.37,636.85
7881,3163,91,3,261.31,783.93
7882,3163,13,2,30.46,60.92
7883,3163,88,2,434.27,868.54
7884,3164,56,1,189.05,189.05
7885,3164,3,4,372.18,1488.72
7886,3164,5,3,79.43,238.29
7887,3164,28,4,242.71,970.84
7888,3165,51,3,185.34,556.02
7889,3166,16,1,472.23,472.23
7890,3166,37,2,354.37,708.74
7891,3166,98,1,173.14,173.14
7892,3167,59,3,355.95,1067.85
7893,3167,27,2,38.1,76.2
7894,3168,46,3,306.21,918.63
7895,3168,65,5,127.37,636.85
7896,3169,74,2,400.73,801.46
7897,3169,11,5,453.8,2269.0
7898,3169,65,4,127.37,509.48
7899,3169,57,2,225.85,451.7
7900,3170,67,2,401.38,802.76
7901,3170,96,1,305.97,305.97
7902,3170,69,1,57.06,57.06
7903,3171,78,5,270.01,1350.05
7904,3172,29,4,225.18,900.72
7905,3172,23,1,226.38,226.38
7906,3172,81,1,35.95,35.95
7907,3172,82,4,369.1,1476.4
7908,3173,72,3,437.04,1311.12
7909,3174,63,2,94.39,188.78
7910,3174,38,4,317.16,1268.64
7911,3174,51,3,185.34,556.02
7912,3175,35,5,410.32,2051.6
7913,3175,98,4,173.14,692.56
7914,3175,37,3,354.37,1063.11
7915,3175,10,4,316.11,1264.44
7916,3176,91,2,261.31,522.62
7917,3176,8,4,301.86,1207.44
7918,3176,68,3,32.27,96.81
7919,3176,78,1,270.01,270.01
7920,3177,80,4,451.49,1805.96
7921,3178,64,1,142.89,142.89
7922,3178,80,4,451.49,1805.96
7923,3178,54,1,118.02,118.02
7924,3178,36,5,50.25,251.25
7925,3179,35,3,410.32,1230.96
7926,3179,40,1,390.15,390.15
7927,3179,86,1,397.74,397.74
7928,3180,93,4,341.85,1367.4
7929,3180,1,5,29.45,147.25
7930,3180,24,1,78.21,78.21
7931,3181,87,2,90.21,180.42
7932,3181,29,3,225.18,675.54
7933,3182,1,3,29.45,88.35
7934,3182,53,2,493.72,987.44
7935,3182,34,4,134.4,537.6
7936,3182,76,2,426.76,853.52
7937,3183,6,3,142.79,428.37
7938,3183,91,5,261.31,1306.55
7939,3183,35,3,410.32,1230.96
7940,3183,87,2,90.21,180.42
7941,3184,97,1,384.42,384.42
7942,3185,17,1,339.84,339.84
7943,3185,24,2,78.21,156.42
7944,3185,50,2,497.89,995.78
7945,3185,76,3,426.76,1280.28
7946,3186,68,2,32.27,64.54
7947,3186,73,4,387.14,1548.56
7948,3187,17,3,339.84,1019.52
7949,3187,6,5,142.79,713.95
7950,3188,32,5,108.18,540.9
7951,3188,92,1,332.79,332.79
7952,3189,73,1,387.14,387.14
7953,3189,57,4,225.85,903.4
7954,3189,64,5,142.89,714.45
7955,3189,20,4,86.94,347.76
7956,3190,68,3,32.27,96.81
7957,3190,24,4,78.21,312.84
7958,3190,68,3,32.27,96.81
7959,3191,5,4,79.43,317.72
7960,3191,19,4,180.91,723.64
7961,3192,39,4,284.11,1136.44
7962,3192,34,2,134.4,268.8
7963,3192,67,3,401.38,1204.14
7964,3192,88,4,434.27,1737.08
7965,3193,16,5,472.23,2361.15
7966,3194,12,1,70.96,70.96
7967,3194,35,1,410.32,410.32
7968,3194,78,3,270.01,810.03
7969,3194,40,5,390.15,1950.75
7970,3195,83,2,238.96,477.92
7971,3195,33,2,384.16,768.32
7972,3195,4,3,118.42,355.26
7973,3196,100,2,46.79,93.58
7974,3196,22,4,59.15,236.6
7975,3196,45,3,234.82,704.46
7976,3196,36,5,50.25,251.25
7977,3197,63,3,94.39,283.17
7978,3197,69,5,57.06,285.3
7979,3198,82,1,369.1,369.1
7980,3199,69,2,57.06,114.12
7981,3199,50,5,497.89,2489.45
7982,3199,93,1,341.85,341.85
7983,3200,52,1,111.57,111.57
7984,3200,44,2,46.58,93.16
7985,3200,88,5,434.27,2171.35
7986,3200,29,4,225.18,900.72
7987,3201,85,1,492.59,492.59
7988,3202,18,3,45.04,135.12
7989,3203,42,4,408.3,1633.2
7990,3203,57,1,225.85,225.85
7991,3203,26,2,182.69,365.38
7992,3203,68,1,32.27,32.27
7993,3204,12,3,70.96,212.88
7994,3205,34,5,134.4,672.0
7995,3205,12,3,70.96,212.88
7996,3206,17,5,339.84,1699.2
7997,3206,11,2,453.8,907.6
7998,3206,72,3,437.04,1311.12
7999,3207,17,4,339.84,1359.36
8000,3208,22,5,59.15,295.75
8001,3208,29,2,225.18,450.36
8002,3208,11,1,453.8,453.8
8003,3208,18,5,45.04,225.2
8004,3209,8,5,301.86,1509.3
8005,3209,4,2,118.42,236.84
8006,3210,26,1,182.69,182.69
8007,3210,31,5,169.22,846.1
8008,3211,56,5,189.05,945.25
8009,3211,26,2,182.69,365.38
8010,3211,64,4,142.89,571.56
8011,3212,76,3,426.76,1280.28
8012,3213,41,4,41.31,165.24
8013,3213,94,1,241.54,241.54
8014,3213,53,1,493.72,493.72
8015,3214,12,2,70.96,141.92
8016,3215,68,2,32.27,64.54
8017,3215,46,4,306.21,1224.84
8018,3215,69,1,57.06,57.06
8019,3216,99,1,494.94,494.94
8020,3216,88,5,434.27,2171.35
8021,3216,99,4,494.94,1979.76
8022,3217,35,5,410.32,2051.6
8023,3218,83,2,238.96,477.92
8024,3218,95,4,221.84,887.36
8025,3218,31,5,169.22,846.1
8026,3218,20,4,86.94,347.76
8027,3219,23,2,226.38,452.76
8028,3219,54,1,118.02,118.02
8029,3219,51,3,185.34,556.02
8030,3219,23,1,226.38,226.38
8031,3220,42,2,408.3,816.6
8032,3220,60,2,158.81,317.62
8033,3221,64,1,142.89,142.89
8034,3221,89,2,27.6,55.2
8035,3222,96,1,305.97,305.97
8036,3222,22,5,59.15,295.75
8037,3223,15,1,53.94,53.94
8038,3223,99,3,494.94,1484.82
8039,3223,23,1,226.38,226.38
8040,3224,40,2,390.15,780.3
8041,3225,96,3,305.97,917.91
8042,3225,76,2,426.76,853.52
8043,3226,58,1,20.84,20.84
8044,3226,77,5,128.87,644.35
8045,3227,100,2,46.79,93.58
8046,3227,22,1,59.15,59.15
8047,3227,85,2,492.59,985.18
8048,3228,42,5,408.3,2041.5
8049,3229,69,5,57.06,285.3
8050,3229,98,2,173.14,346.28
8051,3230,67,1,401.38,401.38
8052,3231,25,2,175.52,351.04
8053,3231,89,5,27.6,138.0
8054,3231,62,3,466.1,1398.3
8055,3232,46,4,306.21,1224.84
8056,3232,84,2,367.52,735.04
8057,3232,19,3,180.91,542.73
8058,3232,60,3,158.81,476.43
8059,3233,73,4,387.14,1548.56
8060,3233,21,4,397.21,1588.84
8061,3234,72,3,437.04,1311.12
8062,3234,94,5,241.54,1207.7
8063,3234,29,3,225.18,675.54
8064,3234,78,2,270.01,540.02
8065,3235,55,1,329.8,329.8
8066,3235,96,2,305.97,611.94
8067,3235,65,3,127.37,382.11
8068,3235,36,3,50.25,150.75
8069,3236,1,1,29.45,29.45
8070,3236,51,4,185.34,741.36
8071,3236,42,2,408.3,816.6
8072,3237,40,4,390.15,1560.6
8073,3237,65,2,127.37,254.74
8074,3237,50,5,497.89,2489.45
8075,3237,41,4,41.31,165.24
8076,3238,79,4,141.3,565.2
8077,3238,84,3,367.52,1102.56
8078,3238,36,1,50.25,50.25
8079,3239,4,2,118.42,236.84
8080,3239,96,2,305.97,611.94
8081,3240,93,4,341.85,1367.4
8082,3241,40,1,390.15,390.15
8083,3242,56,5,189.05,945.25
8084,3242,45,3,234.82,704.46
8085,3242,55,3,329.8,989.4
8086,3243,94,2,241.54,483.08
8087,3243,19,1,180.91,180.91
8088,3243,98,2,173.14,346.28
8089,3243,64,5,142.89,714.45
8090,3244,71,3,374.06,1122.18
8091,3244,18,4,45.04,180.16
8092,3245,86,1,397.74,397.74
8093,3245,55,5,329.8,1649.0
8094,3245,20,4,86.94,347.76
8095,3245,88,2,434.27,868.54
8096,3246,66,3,379.64,1138.92
8097,3246,26,4,182.69,730.76
8098,3247,39,1,284.11,284.11
8099,3247,45,5,234.82,1174.1
8100,3247,86,3,397.74,1193.22
8101,3247,69,2,57.06,114.12
8102,3248,83,1,238.96,238.96
8103,3249,31,4,169.22,676.88
8104,3249,10,4,316.11,1264.44
8105,3250,4,1,118.42,118.42
8106,3250,10,5,316.11,1580.55
8107,3251,69,5,57.06,285.3
8108,3252,63,1,94.39,94.39
8109,3253,86,1,397.74,397.74
8110,3253,30,5,357.25,1786.25
8111,3254,35,4,410.32,1641.28
8112,3254,41,5,41.31,206.55
8113,3254,62,3,466.1,1398.3
8114,3255,62,1,466.1,466.1
8115,3255,40,2,390.15,780.3
8116,3255,95,4,221.84,887.36
8117,3256,81,3,35.95,107.85
8118,3257,26,1,182.69,182.69
8119,3257,84,2,367.52,735.04
8120,3258,22,1,59.15,59.15
8121,3258,81,3,35.95,107.85
8122,3258,55,5,329.8,1649.0
8123,3258,82,3,369.1,1107.3
8124,3259,2,1,152.12,152.12
8125,3260,58,2,20.84,41.68
8126,3260,98,1,173.14,173.14
8127,3260,5,1,79.43,79.43
8128,3261,39,1,284.11,284.11
8129,3262,60,3,158.81,476.43
8130,3262,12,3,70.96,212.88
8131,3262,2,4,152.12,608.48
8132,3262,41,1,41.31,41.31
8133,3263,53,3,493.72,1481.16
8134,3263,1,2,29.45,58.9
8135,3264,76,1,426.76,426.76
8136,3264,97,4,384.42,1537.68
8137,3265,86,3,397.74,1193.22
8138,3265,67,4,401.38,1605.52
8139,3265,76,2,426.76,853.52
8140,3266,100,3,46.79,140.37
8141,3266,98,2,173.14,346.28
8142,3267,85,2,492.59,985.18
8143,3267,52,5,111.57,557.85
8144,3268,52,1,111.57,111.57
8145,3268,15,4,53.94,215.76
8146,3268,80,3,451.49,1354.47
8147,3268,6,1,142.79,142.79
8148,3269,95,1,221.84,221.84
8149,3269,86,5,397.74,1988.7
8150,3270,7,3,205.07,615.21
8151,3270,78,4,270.01,1080.04
8152,3270,82,3,369.1,1107.3
8153,3271,15,1,53.94,53.94
8154,3271,83,1,238.96,238.96
8155,3271,13,1,30.46,30.46
8156,3272,18,1,45.04,45.04
8157,3273,77,5,128.87,644.35
8158,3273,29,5,225.18,1125.9
8159,3274,68,5,32.27,161.35
8160,3275,93,3,341.85,1025.55
8161,3276,92,4,332.79,1331.16
8162,3276,22,2,59.15,118.3
8163,3276,77,4,128.87,515.48
8164,3276,27,5,38.1,190.5
8165,3277,51,3,185.34,556.02
8166,3277,36,5,50.25,251.25
8167,3277,43,5,22.62,113.1
8168,3278,88,2,434.27,868.54
8169,3278,25,1,175.52,175.52
8170,3279,82,2,369.1,738.2
8171,3279,31,4,169.22,676.88
8172,3279,77,3,128.87,386.61
8173,3279,50,1,497.89,497.89
8174,3280,98,5,173.14,865.7
8175,3281,55,3,329.8,989.4
8176,3281,16,3,472.23,1416.69
8177,3281,30,5,357.25,1786.25
8178,3282,87,4,90.21,360.84
8179,3282,53,2,493.72,987.44
8180,3282,73,5,387.14,1935.7
8181,3282,12,3,70.96,212.88
8182,3283,59,3,355.95,1067.85
8183,3283,44,5,46.58,232.9
8184,3283,83,5,238.96,1194.8
8185,3283,77,2,128.87,257.74
8186,3284,25,2,175.52,351.04
8187,3284,15,2,53.94,107.88
8188,3284,30,5,357.25,1786.25
8189,3284,71,4,374.06,1496.24
8190,3285,69,4,57.06,228.24
8191,3285,62,3,466.1,1398.3
8192,3285,78,5,270.01,1350.05
8193,3285,9,1,78.57,78.57
8194,3286,85,5,492.59,2462.95
8195,3287,15,3,53.94,161.82
8196,3287,37,4,354.37,1417.48
8197,3287,88,4,434.27,1737.08
8198,3288,35,4,410.32,1641.28
8199,3288,25,1,175.52,175.52
8200,3288,7,2,205.07,410.14
8201,3288,36,5,50.25,251.25
8202,3289,69,1,57.06,57.06
8203,3290,49,1,495.64,495.64
8204,3290,65,3,127.37,382.11
8205,3290,75,2,385.83,771.66
8206,3290,58,2,20.84,41.68
8207,3291,90,2,214.08,428.16
8208,3292,19,1,180.91,180.91
8209,3293,82,2,369.1,738.2
8210,3293,92,2,332.79,665.58
8211,3293,39,1,284.11,284.11
8212,3294,34,2,134.4,268.8
8213,3294,24,5,78.21,391.05
8214,3294,1,1,29.45,29.45
8215,3295,75,2,385.83,771.66
8216,3295,27,1,38.1,38.1
8217,3295,46,5,306.21,1531.05
8218,3295,19,4,180.91,723.64
8219,3296,43,3,22.62,67.86
8220,3296,83,3,238.96,716.88
8221,3296,85,3,492.59,1477.77
8222,3297,97,4,384.42,1537.68
8223,3297,6,2,142.79,285.58
8224,3298,7,4,205.07,820.28
8225,3299,4,5,118.42,592.1
8226,3299,32,3,108.18,324.54
8227,3299,2,1,152.12,152.12
8228,3299,66,2,379.64,759.28
8229,3300,68,4,32.27,129.08
8230,3300,44,2,46.58,93.16
8231,3301,91,2,261.31,522.62
8232,3301,31,2,169.22,338.44
8233,3302,58,4,20.84,83.36
8234,3302,69,2,57.06,114.12
8235,3303,62,3,466.1,1398.3
8236,3304,83,1,238.96,238.96
8237,3305,65,2,127.37,254.74
8238,3305,94,2,241.54,483.08
8239,3305,70,4,159.99,639.96
8240,3305,91,4,261.31,1045.24
8241,3306,97,3,384.42,1153.26
8242,3306,55,3,329.8,989.4
8243,3307,65,5,127.37,636.85
8244,3307,54,1,118.02,118.02
8245,3307,42,5,408.3,2041.5
8246,3307,36,4,50.25,201.0
8247,3308,44,2,46.58,93.16
8248,3309,47,5,45.16,225.8
8249,3310,44,1,46.58,46.58
8250,3311,87,2,90.21,180.42
8251,3311,80,3,451.49,1354.47
8252,3312,56,1,189.05,189.05
8253,3312,54,2,118.02,236.04
8254,3313,80,4,451.49,1805.96
8255,3313,12,3,70.96,212.88
8256,3314,25,4,175.52,702.08
8257,3314,97,2,384.42,768.84
8258,3314,3,1,372.18,372.18
8259,3315,25,2,175.52,351.04
8260,3315,60,1,158.81,158.81
8261,3315,36,3,50.25,150.75
8262,3315,50,3,497.89,1493.67
8263,3316,92,5,332.79,1663.95
8264,3317,42,2,408.3,816.6
8265,3317,12,2,70.96,141.92
8266,3317,51,1,185.34,185.34
8267,3317,30,4,357.25,1429.0
8268,3318,84,1,367.52,367.52
8269,3318,38,5,317.16,1585.8
8270,3318,26,5,182.69,913.45
8271,3319,77,3,128.87,386.61
8272,3319,87,3,90.21,270.63
8273,3319,9,3,78.57,235.71
8274,3319,80,4,451.49,1805.96
8275,3320,97,4,384.42,1537.68
8276,3321,38,4,317.16,1268.64
8277,3321,96,1,305.97,305.97
8278,3322,21,1,397.21,397.21
8279,3322,57,2,225.85,451.7
8280,3322,28,5,242.71,1213.55
8281,3323,1,4,29.45,117.8
8282,3323,37,2,354.37,708.74
8283,3323,64,2,142.89,285.78
8284,3324,52,3,111.57,334.71
8285,3325,61,1,359.64,359.64
8286,3325,74,2,400.73,801.46
8287,3326,56,3,189.05,567.15
8288,3326,56,5,189.05,945.25
8289,3326,55,2,329.8,659.6
8290,3326,100,2,46.79,93.58
8291,3327,20,1,86.94,86.94
8292,3327,57,2,225.85,451.7
8293,3328,97,3,384.42,1153.26
8294,3328,63,4,94.39,377.56
8295,3328,58,4,20.84,83.36
8296,3328,59,4,355.95,1423.8
8297,3329,88,1,434.27,434.27
8298,3330,47,4,45.16,180.64
8299,3330,26,4,182.69,730.76
8300,3330,29,1,225.18,225.18
8301,3330,53,5,493.72,2468.6
8302,3331,38,3,317.16,951.48
8303,3331,95,4,221.84,887.36
8304,3331,48,2,424.68,849.36
8305,3332,99,3,494.94,1484.82
8306,3332,38,5,317.16,1585.8
8307,3332,34,2,134.4,268.8
8308,3332,98,1,173.14,173.14
8309,3333,56,3,189.05,567.15
8310,3333,14,4,355.43,1421.72
8311,3334,70,1,159.99,159.99
8312,3334,100,4,46.79,187.16
8313,3335,11,2,453.8,907.6
8314,3336,39,3,284.11,852.33
8315,3336,46,3,306.21,918.63
8316,3337,15,2,53.94,107.88
8317,3337,85,5,492.59,2462.95
8318,3337,91,3,261.31,783.93
8319,3338,20,1,86.94,86.94
8320,3339,17,5,339.84,1699.2
8321,3339,22,1,59.15,59.15
8322,3340,70,4,159.99,639.96
8323,3341,36,2,50.25,100.5
8324,3342,74,4,400.73,1602.92
8325,3342,67,2,401.38,802.76
8326,3342,69,5,57.06,285.3
8327,3343,9,5,78.57,392.85
8328,3343,67,1,401.38,401.38
8329,3343,59,3,355.95,1067.85
8330,3344,20,1,86.94,86.94
8331,3344,73,3,387.14,1161.42
8332,3344,81,4,35.95,143.8
8333,3344,74,4,400.73,1602.92
8334,3345,16,3,472.23,1416.69
8335,3345,44,2,46.58,93.16
8336,3345,91,1,261.31,261.31
8337,3346,89,3,27.6,82.8
8338,3347,16,4,472.23,1888.92
8339,3347,6,4,142.79,571.16
8340,3348,36,3,50.25,150.75
8341,3348,67,2,401.38,802.76
8342,3349,29,1,225.18,225.18
8343,3349,95,3,221.84,665.52
8344,3349,69,1,57.06,57.06
8345,3350,5,5,79.43,397.15
8346,3351,91,2,261.31,522.62
8347,3352,48,1,424.68,424.68
8348,3352,26,3,182.69,548.07
8349,3352,54,5,118.02,590.1
8350,3353,87,3,90.21,270.63
8351,3354,69,1,57.06,57.06
8352,3354,99,5,494.94,2474.7
8353,3354,31,3,169.22,507.66
8354,3354,66,4,379.64,1518.56
8355,3355,98,4,173.14,692.56
8356,3355,9,5,78.57,392.85
8357,3355,100,2,46.79,93.58
8358,3355,8,1,301.86,301.86
8359,3356,48,5,424.68,2123.4
8360,3356,33,5,384.16,1920.8
8361,3357,20,2,86.94,173.88
8362,3357,31,4,169.22,676.88
8363,3358,23,3,226.38,679.14
8364,3359,19,2,180.91,361.82
8365,3359,63,2,94.39,188.78
8366,3360,32,5,108.18,540.9
8367,3360,38,1,317.16,317.16
8368,3361,72,2,437.04,874.08
8369,3361,37,4,354.37,1417.48
8370,3361,3,3,372.18,1116.54
8371,3361,69,3,57.06,171.18
8372,3362,96,3,305.97,917.91
8373,3363,50,4,497.89,1991.56
8374,3363,5,2,79.43,158.86
8375,3364,63,3,94.39,283.17
8376,3364,83,3,238.96,716.88
8377,3364,99,3,494.94,1484.82
8378,3364,3,2,372.18,744.36
8379,3365,54,1,118.02,118.02
8380,3365,65,5,127.37,636.85
8381,3365,7,5,205.07,1025.35
8382,3366,26,4,182.69,730.76
8383,3367,24,2,78.21,156.42
8384,3368,6,4,142.79,571.16
8385,3368,53,2,493.72,987.44
8386,3369,23,3,226.38,679.14
8387,3369,90,2,214.08,428.16
8388,3369,68,5,32.27,161.35
8389,3369,45,4,234.82,939.28
8390,3370,74,1,400.73,400.73
8391,3370,20,5,86.94,434.7
8392,3370,93,4,341.85,1367.4
8393,3371,51,4,185.34,741.36
8394,3372,43,5,22.62,113.1
8395,3372,92,4,332.79,1331.16
8396,3373,67,5,401.38,2006.9
8397,3373,49,1,495.64,495.64
8398,3373,66,2,379.64,759.28
8399,3373,20,1,86.94,86.94
8400,3374,52,2,111.57,223.14
8401,3374,34,5,134.4,672.0
8402,3374,47,3,45.16,135.48
8403,3375,42,5,408.3,2041.5
8404,3375,71,2,374.06,748.12
8405,3375,73,1,387.14,387.14
8406,3375,58,4,20.84,83.36
8407,3376,30,4,357.25,1429.0
8408,3376,52,2,111.57,223.14
8409,3377,83,2,238.96,477.92
8410,3377,5,3,79.43,238.29
8411,3378,37,5,354.37,1771.85
8412,3378,61,2,359.64,719.28
8413,3378,59,5,355.95,1779.75
8414,3378,37,1,354.37,354.37
8415,3379,68,1,32.27,32.27
8416,3379,93,5,341.85,1709.25
8417,3379,75,4,385.83,1543.32
8418,3380,53,3,493.72,1481.16
8419,3380,70,1,159.99,159.99
8420,3380,82,3,369.1,1107.3
8421,3381,69,3,57.06,171.18
8422,3381,33,4,384.16,1536.64
8423,3381,40,4,390.15,1560.6
8424,3381,97,4,384.42,1537.68
8425,3382,67,2,401.38,802.76
8426,3383,33,1,384.16,384.16
8427,3383,63,5,94.39,471.95
8428,3384,91,5,261.31,1306.55
8429,3385,55,3,329.8,989.4
8430,3385,86,1,397.74,397.74
8431,3386,72,1,437.04,437.04
8432,3386,99,4,494.94,1979.76
8433,3386,39,1,284.11,284.11
8434,3387,37,5,354.37,1771.85
8435,3387,36,1,50.25,50.25
8436,3387,11,1,453.8,453.8
8437,3387,42,2,408.3,816.6
8438,3388,40,1,390.15,390.15
8439,3388,87,1,90.21,90.21
8440,3388,62,5,466.1,2330.5
8441,3388,95,4,221.84,887.36
8442,3389,14,4,355.43,1421.72
8443,3389,65,4,127.37,509.48
8444,3389,95,2,221.84,443.68
8445,3389,48,5,424.68,2123.4
8446,3390,71,2,374.06,748.12
8447,3390,23,5,226.38,1131.9
8448,3390,42,1,408.3,408.3
8449,3391,36,2,50.25,100.5
8450,3391,66,1,379.64,379.64
8451,3391,94,5,241.54,1207.7
8452,3391,65,4,127.37,509.48
8453,3392,100,5,46.79,233.95
8454,3392,36,4,50.25,201.0
8455,3392,29,2,225.18,450.36
8456,3392,38,1,317.16,317.16
8457,3393,15,1,53.94,53.94
8458,3393,18,4,45.04,180.16
8459,3394,88,4,434.27,1737.08
8460,3394,30,5,357.25,1786.25
8461,3395,90,5,214.08,1070.4
8462,3396,85,1,492.59,492.59
8463,3397,13,3,30.46,91.38
8464,3398,12,3,70.96,212.88
8465,3398,56,2,189.05,378.1
8466,3398,84,1,367.52,367.52
8467,3398,3,5,372.18,1860.9
8468,3399,78,4,270.01,1080.04
8469,3399,13,4,30.46,121.84
8470,3400,58,4,20.84,83.36
8471,3400,61,3,359.64,1078.92
8472,3401,60,4,158.81,635.24
8473,3401,88,2,434.27,868.54
8474,3401,90,2,214.08,428.16
8475,3402,38,5,317.16,1585.8
8476,3402,54,1,118.02,118.02
8477,3403,67,5,401.38,2006.9
8478,3403,76,2,426.76,853.52
8479,3403,68,5,32.27,161.35
8480,3404,60,4,158.81,635.24
8481,3405,50,5,497.89,2489.45
8482,3405,9,4,78.57,314.28
8483,3405,38,3,317.16,951.48
8484,3406,5,1,79.43,79.43
8485,3406,88,3,434.27,1302.81
8486,3407,10,3,316.11,948.33
8487,3407,21,4,397.21,1588.84
8488,3407,65,4,127.37,509.48
8489,3408,1,5,29.45,147.25
8490,3408,70,4,159.99,639.96
8491,3408,63,3,94.39,283.17
8492,3409,73,3,387.14,1161.42
8493,3409,72,1,437.04,437.04
8494,3409,15,2,53.94,107.88
8495,3410,42,5,408.3,2041.5
8496,3410,72,4,437.04,1748.16
8497,3411,8,1,301.86,301.86
8498,3411,80,1,451.49,451.49
8499,3411,48,2,424.68,849.36
8500,3412,65,5,127.37,636.85
8501,3412,71,2,374.06,748.12
8502,3412,11,2,453.8,907.6
8503,3413,15,5,53.94,269.7
8504,3414,17,2,339.84,679.68
8505,3415,53,1,493.72,493.72
8506,3415,6,1,142.79,142.79
8507,3415,60,1,158.81,158.81
8508,3416,75,1,385.83,385.83
8509,3416,10,3,316.11,948.33
8510,3416,43,3,22.62,67.86
8511,3416,86,3,397.74,1193.22
8512,3417,32,5,108.18,540.9
8513,3418,88,1,434.27,434.27
8514,3418,15,3,53.94,161.82
8515,3418,3,1,372.18,372.18
8516,3419,13,1,30.46,30.46
8517,3420,87,3,90.21,270.63
8518,3420,60,3,158.81,476.43
8519,3421,33,4,384.16,1536.64
8520,3421,27,5,38.1,190.5
8521,3421,47,2,45.16,90.32
8522,3422,30,4,357.25,1429.0
8523,3422,40,5,390.15,1950.75
8524,3423,89,4,27.6,110.4
8525,3423,39,4,284.11,1136.44
8526,3423,19,5,180.91,904.55
8527,3424,88,4,434.27,1737.08
8528,3424,49,2,495.64,991.28
8529,3425,39,5,284.11,1420.55
8530,3425,34,1,134.4,134.4
8531,3425,16,2,472.23,944.46
8532,3425,95,4,221.84,887.36
8533,3426,60,5,158.81,794.05
8534,3426,10,1,316.11,316.11
8535,3427,14,4,355.43,1421.72
8536,3428,2,5,152.12,760.6
8537,3428,35,3,410.32,1230.96
8538,3428,6,1,142.79,142.79
8539,3429,69,3,57.06,171.18
8540,3430,3,2,372.18,744.36
8541,3430,59,2,355.95,711.9
8542,3431,22,2,59.15,118.3
8543,3431,18,3,45.04,135.12
8544,3431,13,3,30.46,91.38
8545,3431,85,5,492.59,2462.95
8546,3432,82,4,369.1,1476.4
8547,3432,86,2,397.74,795.48
8548,3433,76,1,426.76,426.76
8549,3433,7,5,205.07,1025.35
8550,3434,52,5,111.57,557.85
8551,3434,18,4,45.04,180.16
8552,3434,34,3,134.4,403.2
8553,3435,28,2,242.71,485.42
8554,3435,47,3,45.16,135.48
8555,3436,27,4,38.1,152.4
8556,3436,44,5,46.58,232.9
8557,3437,32,2,108.18,216.36
8558,3437,21,3,397.21,1191.63
8559,3437,88,5,434.27,2171.35
8560,3437,67,3,401.38,1204.14
8561,3438,51,1,185.34,185.34
8562,3439,80,5,451.49,2257.45
8563,3440,65,4,127.37,509.48
8564,3440,33,5,384.16,1920.8
8565,3440,80,2,451.49,902.98
8566,3440,20,2,86.94,173.88
8567,3441,9,5,78.57,392.85
8568,3441,83,3,238.96,716.88
8569,3441,76,2,426.76,853.52
8570,3441,78,5,270.01,1350.05
8571,3442,53,1,493.72,493.72
8572,3442,9,3,78.57,235.71
8573,3442,55,3,329.8,989.4
8574,3442,43,2,22.62,45.24
8575,3443,68,3,32.27,96.81
8576,3443,61,2,359.64,719.28
8577,3443,93,1,341.85,341.85
8578,3444,24,3,78.21,234.63
8579,3444,16,3,472.23,1416.69
8580,3444,27,4,38.1,152.4
8581,3444,33,4,384.16,1536.64
8582,3445,34,5,134.4,672.0
8583,3445,6,5,142.79,713.95
8584,3445,50,4,497.89,1991.56
8585,3445,15,2,53.94,107.88
8586,3446,44,4,46.58,186.32
8587,3446,62,4,466.1,1864.4
8588,3446,55,1,329.8,329.8
8589,3447,68,1,32.27,32.27
8590,3447,33,4,384.16,1536.64
8591,3448,28,3,242.71,728.13
8592,3449,76,2,426.76,853.52
8593,3449,80,1,451.49,451.49
8594,3449,67,2,401.38,802.76
8595,3449,27,5,38.1,190.5
8596,3450,36,2,50.25,100.5
8597,3451,59,4,355.95,1423.8
8598,3452,78,1,270.01,270.01
8599,3452,63,3,94.39,283.17
8600,3453,41,1,41.31,41.31
8601,3453,27,3,38.1,114.3
8602,3453,74,1,400.73,400.73
8603,3454,27,3,38.1,114.3
8604,3455,71,1,374.06,374.06
8605,3455,17,3,339.84,1019.52
8606,3455,77,5,128.87,644.35
8607,3456,53,2,493.72,987.44
8608,3456,75,1,385.83,385.83
8609,3456,29,1,225.18,225.18
8610,3457,10,5,316.11,1580.55
8611,3457,49,2,495.64,991.28
8612,3457,66,5,379.64,1898.2
8613,3457,55,2,329.8,659.6
8614,3458,84,4,367.52,1470.08
8615,3458,32,1,108.18,108.18
8616,3458,84,4,367.52,1470.08
8617,3459,5,1,79.43,79.43
8618,3459,43,5,22.62,113.1
8619,3460,68,2,32.27,64.54
8620,3460,43,1,22.62,22.62
8621,3460,6,2,142.79,285.58
8622,3461,85,5,492.59,2462.95
8623,3461,69,4,57.06,228.24
8624,3462,13,3,30.46,91.38
8625,3462,33,3,384.16,1152.48
8626,3462,58,1,20.84,20.84
8627,3463,26,1,182.69,182.69
8628,3463,99,4,494.94,1979.76
8629,3463,15,2,53.94,107.88
8630,3464,24,1,78.21,78.21
8631,3464,36,4,50.25,201.0
8632,3464,70,3,159.99,479.97
8633,3465,46,2,306.21,612.42
8634,3465,18,5,45.04,225.2
8635,3465,94,1,241.54,241.54
8636,3465,34,3,134.4,403.2
8637,3466,82,2,369.1,738.2
8638,3466,23,5,226.38,1131.9
8639,3466,93,2,341.85,683.7
8640,3467,2,3,152.12,456.36
8641,3467,47,1,45.16,45.16
8642,3467,61,2,359.64,719.28
8643,3468,28,2,242.71,485.42
8644,3468,51,1,185.34,185.34
8645,3468,27,3,38.1,114.3
8646,3468,96,3,305.97,917.91
8647,3469,30,2,357.25,714.5
8648,3469,48,2,424.68,849.36
8649,3469,98,5,173.14,865.7
8650,3470,77,4,128.87,515.48
8651,3471,52,1,111.57,111.57
8652,3471,100,2,46.79,93.58
8653,3471,30,3,357.25,1071.75
8654,3471,60,5,158.81,794.05
8655,3472,58,3,20.84,62.52
8656,3472,16,5,472.23,2361.15
8657,3472,43,4,22.62,90.48
8658,3473,41,5,41.31,206.55
8659,3473,34,5,134.4,672.0
8660,3474,2,4,152.12,608.48
8661,3474,48,3,424.68,1274.04
8662,3475,75,3,385.83,1157.49
8663,3476,4,2,118.42,236.84
8664,3477,73,5,387.14,1935.7
8665,3478,87,4,90.21,360.84
8666,3479,67,4,401.38,1605.52
8667,3480,2,2,152.12,304.24
8668,3481,72,4,437.04,1748.16
8669,3482,41,4,41.31,165.24
8670,3482,48,4,424.68,1698.72
8671,3482,7,1,205.07,205.07
8672,3483,84,4,367.52,1470.08
8673,3483,75,3,385.83,1157.49
8674,3483,66,3,379.64,1138.92
8675,3484,65,2,127.37,254.74
8676,3484,97,1,384.42,384.42
8677,3484,3,3,372.18,1116.54
8678,3484,74,1,400.73,400.73
8679,3485,80,1,451.49,451.49
8680,3485,57,4,225.85,903.4
8681,3485,77,1,128.87,128.87
8682,3486,14,1,355.43,355.43
8683,3487,27,3,38.1,114.3
8684,3487,98,1,173.14,173.14
8685,3488,16,1,472.23,472.23
8686,3488,76,4,426.76,1707.04
8687,3489,18,1,45.04,45.04
8688,3489,88,4,434.27,1737.08
8689,3489,67,3,401.38,1204.14
8690,3490,61,4,359.64,1438.56
8691,3491,20,4,86.94,347.76
8692,3491,40,3,390.15,1170.45
8693,3491,33,4,384.16,1536.64
8694,3492,43,4,22.62,90.48
8695,3492,46,3,306.21,918.63
8696,3492,9,5,78.57,392.85
8697,3492,87,4,90.21,360.84
8698,3493,91,4,261.31,1045.24
8699,3493,25,2,175.52,351.04
8700,3494,12,2,70.96,141.92
8701,3494,20,4,86.94,347.76
8702,3495,49,4,495.64,1982.56
8703,3496,70,3,159.99,479.97
8704,3497,8,2,301.86,603.72
8705,3498,42,4,408.3,1633.2
8706,3498,85,2,492.59,985.18
8707,3498,80,1,451.49,451.49
8708,3499,35,1,410.32,410.32
8709,3499,75,1,385.83,385.83
8710,3500,49,1,495.64,495.64
8711,3501,27,3,38.1,114.3
8712,3501,34,4,134.4,537.6
8713,3501,31,3,169.22,507.66
8714,3502,77,4,128.87,515.48
8715,3503,97,3,384.42,1153.26
8716,3503,99,2,494.94,989.88
8717,3503,3,4,372.18,1488.72
8718,3503,15,4,53.94,215.76
8719,3504,70,3,159.99,479.97
8720,3504,2,3,152.12,456.36
8721,3504,71,3,374.06,1122.18
8722,3504,36,5,50.25,251.25
8723,3505,33,1,384.16,384.16
8724,3505,75,1,385.83,385.83
8725,3506,51,4,185.34,741.36
8726,3507,88,1,434.27,434.27
8727,3507,39,3,284.11,852.33
8728,3507,15,5,53.94,269.7
8729,3508,97,3,384.42,1153.26
8730,3509,45,3,234.82,704.46
8731,3510,11,5,453.8,2269.0
8732,3510,21,2,397.21,794.42
8733,3510,21,1,397.21,397.21
8734,3510,50,4,497.89,1991.56
8735,3511,66,3,379.64,1138.92
8736,3511,10,3,316.11,948.33
8737,3512,3,2,372.18,744.36
8738,3513,23,2,226.38,452.76
8739,3513,81,1,35.95,35.95
8740,3514,71,3,374.06,1122.18
8741,3514,54,4,118.02,472.08
8742,3514,100,1,46.79,46.79
8743,3515,47,3,45.16,135.48
8744,3515,8,2,301.86,603.72
8745,3516,18,5,45.04,225.2
8746,3517,77,5,128.87,644.35
8747,3517,23,1,226.38,226.38
8748,3517,31,1,169.22,169.22
8749,3517,60,1,158.81,158.81
8750,3518,80,2,451.49,902.98
8751,3519,80,3,451.49,1354.47
8752,3519,37,2,354.37,708.74
8753,3519,19,5,180.91,904.55
8754,3519,74,1,400.73,400.73
8755,3520,68,1,32.27,32.27
8756,3520,29,1,225.18,225.18
8757,3521,54,5,118.02,590.1
8758,3521,29,3,225.18,675.54
8759,3521,77,2,128.87,257.74
8760,3521,65,2,127.37,254.74
8761,3522,75,3,385.83,1157.49
8762,3523,90,5,214.08,1070.4
8763,3523,66,3,379.64,1138.92
8764,3523,66,3,379.64,1138.92
8765,3523,15,4,53.94,215.76
8766,3524,8,5,301.86,1509.3
8767,3524,47,1,45.16,45.16
8768,3524,92,2,332.79,665.58
8769,3525,25,5,175.52,877.6
8770,3525,73,1,387.14,387.14
8771,3526,26,5,182.69,913.45
8772,3526,6,5,142.79,713.95
8773,3527,72,1,437.04,437.04
8774,3527,37,5,354.37,1771.85
8775,3527,100,1,46.79,46.79
8776,3527,28,1,242.71,242.71
8777,3528,37,1,354.37,354.37
8778,3528,5,5,79.43,397.15
8779,3528,54,3,118.02,354.06
8780,3529,95,4,221.84,887.36
8781,3529,21,5,397.21,1986.05
8782,3529,70,3,159.99,479.97
8783,3529,9,1,78.57,78.57
8784,3530,5,5,79.43,397.15
8785,3530,6,4,142.79,571.16
8786,3531,11,2,453.8,907.6
8787,3531,60,1,158.81,158.81
8788,3531,54,2,118.02,236.04
8789,3532,64,2,142.89,285.78
8790,3532,71,3,374.06,1122.18
8791,3533,17,2,339.84,679.68
8792,3534,24,5,78.21,391.05
8793,3535,23,5,226.38,1131.9
8794,3536,42,1,408.3,408.3
8795,3536,18,1,45.04,45.04
8796,3537,96,4,305.97,1223.88
8797,3537,67,3,401.38,1204.14
8798,3537,13,3,30.46,91.38
8799,3538,46,2,306.21,612.42
8800,3539,18,3,45.04,135.12
8801,3540,89,5,27.6,138.0
8802,3540,43,2,22.62,45.24
8803,3541,7,5,205.07,1025.35
8804,3542,75,5,385.83,1929.15
8805,3542,91,1,261.31,261.31
8806,3542,14,5,355.43,1777.15
8807,3542,59,3,355.95,1067.85
8808,3543,63,4,94.39,377.56
8809,3543,100,5,46.79,233.95
8810,3543,63,3,94.39,283.17
8811,3543,21,5,397.21,1986.05
8812,3544,16,2,472.23,944.46
8813,3544,60,4,158.81,635.24
8814,3544,7,2,205.07,410.14
8815,3545,21,2,397.21,794.42
8816,3545,16,3,472.23,1416.69
8817,3546,93,5,341.85,1709.25
8818,3546,99,1,494.94,494.94
8819,3546,85,5,492.59,2462.95
8820,3546,76,4,426.76,1707.04
8821,3547,71,2,374.06,748.12
8822,3547,88,3,434.27,1302.81
8823,3548,66,5,379.64,1898.2
8824,3548,88,3,434.27,1302.81
8825,3549,88,2,434.27,868.54
8826,3549,39,2,284.11,568.22
8827,3550,80,1,451.49,451.49
8828,3551,46,4,306.21,1224.84
8829,3551,35,2,410.32,820.64
8830,3551,38,1,317.16,317.16
8831,3551,13,1,30.46,30.46
8832,3552,58,5,20.84,104.2
8833,3552,94,5,241.54,1207.7
8834,3553,84,2,367.52,735.04
8835,3553,63,2,94.39,188.78
8836,3553,97,1,384.42,384.42
8837,3553,40,2,390.15,780.3
8838,3554,36,1,50.25,50.25
8839,3554,78,4,270.01,1080.04
8840,3554,48,4,424.68,1698.72
8841,3555,36,1,50.25,50.25
8842,3556,23,5,226.38,1131.9
8843,3557,20,4,86.94,347.76
8844,3557,46,2,306.21,612.42
8845,3557,31,3,169.22,507.66
8846,3558,40,2,390.15,780.3
8847,3558,80,1,451.49,451.49
8848,3559,6,1,142.79,142.79
8849,3560,87,4,90.21,360.84
8850,3560,71,2,374.06,748.12
8851,3561,42,5,408.3,2041.5
8852,3561,42,5,408.3,2041.5
8853,3562,11,3,453.8,1361.4
8854,3562,62,1,466.1,466.1
8855,3562,44,1,46.58,46.58
8856,3562,21,3,397.21,1191.63
8857,3563,68,3,32.27,96.81
8858,3563,12,1,70.96,70.96
8859,3564,14,3,355.43,1066.29
8860,3564,25,2,175.52,351.04
8861,3564,80,5,451.49,2257.45
8862,3564,19,3,180.91,542.73
8863,3565,58,1,20.84,20.84
8864,3566,22,5,59.15,295.75
8865,3566,62,3,466.1,1398.3
8866,3566,57,4,225.85,903.4
8867,3567,53,5,493.72,2468.6
8868,3567,95,1,221.84,221.84
8869,3567,54,5,118.02,590.1
8870,3567,94,3,241.54,724.62
8871,3568,26,1,182.69,182.69
8872,3568,44,5,46.58,232.9
8873,3568,65,4,127.37,509.48
8874,3569,58,4,20.84,83.36
8875,3569,2,4,152.12,608.48
8876,3570,88,2,434.27,868.54
8877,3570,85,1,492.59,492.59
8878,3570,40,5,390.15,1950.75
8879,3571,51,3,185.34,556.02
8880,3572,66,1,379.64,379.64
8881,3573,47,3,45.16,135.48
8882,3574,13,5,30.46,152.3
8883,3574,55,4,329.8,1319.2
8884,3574,6,4,142.79,571.16
8885,3574,2,3,152.12,456.36
8886,3575,86,5,397.74,1988.7
8887,3575,79,5,141.3,706.5
8888,3575,77,5,128.87,644.35
8889,3575,89,2,27.6,55.2
8890,3576,20,1,86.94,86.94
8891,3577,18,4,45.04,180.16
8892,3577,23,3,226.38,679.14
8893,3577,66,3,379.64,1138.92
8894,3577,46,5,306.21,1531.05
8895,3578,94,4,241.54,966.16
8896,3579,70,4,159.99,639.96
8897,3579,67,3,401.38,1204.14
8898,3579,14,1,355.43,355.43
8899,3580,53,1,493.72,493.72
8900,3580,90,2,214.08,428.16
8901,3580,47,1,45.16,45.16
8902,3580,38,4,317.16,1268.64
8903,3581,32,3,108.18,324.54
8904,3581,12,1,70.96,70.96
8905,3582,57,4,225.85,903.4
8906,3582,85,5,492.59,2462.95
8907,3582,56,1,189.05,189.05
8908,3583,54,3,118.02,354.06
8909,3583,57,3,225.85,677.55
8910,3583,22,3,59.15,177.45
8911,3583,97,3,384.42,1153.26
8912,3584,74,4,400.73,1602.92
8913,3584,87,1,90.21,90.21
8914,3584,15,4,53.94,215.76
8915,3585,70,4,159.99,639.96
8916,3585,72,3,437.04,1311.12
8917,3586,9,1,78.57,78.57
8918,3587,59,4,355.95,1423.8
8919,3587,3,4,372.18,1488.72
8920,3587,73,5,387.14,1935.7
8921,3587,35,1,410.32,410.32
8922,3588,19,1,180.91,180.91
8923,3588,15,5,53.94,269.7
8924,3589,20,2,86.94,173.88
8925,3589,8,1,301.86,301.86
8926,3589,25,2,175.52,351.04
8927,3589,34,2,134.4,268.8
8928,3590,72,2,437.04,874.08
8929,3590,17,3,339.84,1019.52
8930,3591,52,1,111.57,111.57
8931,3591,55,1,329.8,329.8
8932,3591,46,5,306.21,1531.05
8933,3592,97,4,384.42,1537.68
8934,3593,87,1,90.21,90.21
8935,3593,64,3,142.89,428.67
8936,3593,44,2,46.58,93.16
8937,3594,8,3,301.86,905.58
8938,3594,100,3,46.79,140.37
8939,3594,97,2,384.42,768.84
8940,3595,22,3,59.15,177.45
8941,3595,80,4,451.49,1805.96
8942,3596,30,3,357.25,1071.75
8943,3597,42,3,408.3,1224.9
8944,3598,78,4,270.01,1080.04
8945,3598,26,5,182.69,913.45
8946,3598,88,5,434.27,2171.35
8947,3598,17,2,339.84,679.68
8948,3599,16,5,472.23,2361.15
8949,3600,61,4,359.64,1438.56
8950,3600,100,3,46.79,140.37
8951,3601,75,1,385.83,385.83
8952,3601,72,2,437.04,874.08
8953,3602,91,3,261.31,783.93
8954,3602,75,2,385.83,771.66
8955,3602,89,3,27.6,82.8
8956,3603,61,3,359.64,1078.92
8957,3604,90,5,214.08,1070.4
8958,3604,44,5,46.58,232.9
8959,3604,57,3,225.85,677.55
8960,3604,46,4,306.21,1224.84
8961,3605,10,1,316.11,316.11
8962,3605,30,3,357.25,1071.75
8963,3606,73,1,387.14,387.14
8964,3606,20,2,86.94,173.88
8965,3606,83,2,238.96,477.92
8966,3607,48,4,424.68,1698.72
8967,3607,2,3,152.12,456.36
8968,3607,81,2,35.95,71.9
8969,3608,53,4,493.72,1974.88
8970,3608,79,3,141.3,423.9
8971,3609,48,4,424.68,1698.72
8972,3609,61,3,359.64,1078.92
8973,3610,54,5,118.02,590.1
8974,3610,83,2,238.96,477.92
8975,3611,88,4,434.27,1737.08
8976,3611,56,5,189.05,945.25
8977,3611,30,4,357.25,1429.0
8978,3611,16,2,472.23,944.46
8979,3612,54,2,118.02,236.04
8980,3613,99,2,494.94,989.88
8981,3613,69,1,57.06,57.06
8982,3613,19,4,180.91,723.64
8983,3613,79,5,141.3,706.5
8984,3614,95,1,221.84,221.84
8985,3615,53,4,493.72,1974.88
8986,3615,48,5,424.68,2123.4
8987,3615,82,2,369.1,738.2
8988,3616,54,3,118.02,354.06
8989,3617,43,5,22.62,113.1
8990,3618,27,4,38.1,152.4
8991,3618,74,5,400.73,2003.65
8992,3618,53,4,493.72,1974.88
8993,3619,29,3,225.18,675.54
8994,3620,67,1,401.38,401.38
8995,3620,98,3,173.14,519.42
8996,3621,8,3,301.86,905.58
8997,3621,66,1,379.64,379.64
8998,3621,94,1,241.54,241.54
8999,3621,43,5,22.62,113.1
9000,3622,91,4,261.31,1045.24
9001,3622,23,3,226.38,679.14
9002,3622,68,5,32.27,161.35
9003,3623,60,5,158.81,794.05
9004,3623,62,5,466.1,2330.5
9005,3623,4,5,118.42,592.1
9006,3624,2,2,152.12,304.24
9007,3625,15,3,53.94,161.82
9008,3626,51,2,185.34,370.68
9009,3626,35,3,410.32,1230.96
9010,3626,6,4,142.79,571.16
9011,3626,18,5,45.04,225.2
9012,3627,59,4,355.95,1423.8
9013,3627,52,4,111.57,446.28
9014,3628,91,2,261.31,522.62
9015,3628,30,3,357.25,1071.75
9016,3628,90,1,214.08,214.08
9017,3629,74,3,400.73,1202.19
9018,3629,7,3,205.07,615.21
9019,3630,87,2,90.21,180.42
9020,3631,55,2,329.8,659.6
9021,3631,18,2,45.04,90.08
9022,3632,77,4,128.87,515.48
9023,3632,86,2,397.74,795.48
9024,3632,5,2,79.43,158.86
9025,3632,52,4,111.57,446.28
9026,3633,83,5,238.96,1194.8
9027,3633,16,5,472.23,2361.15
9028,3634,65,2,127.37,254.74
9029,3635,46,3,306.21,918.63
9030,3635,51,1,185.34,185.34
9031,3636,98,3,173.14,519.42
9032,3637,79,1,141.3,141.3
9033,3637,78,5,270.01,1350.05
9034,3638,31,3,169.22,507.66
9035,3638,80,1,451.49,451.49
9036,3638,29,2,225.18,450.36
9037,3638,17,1,339.84,339.84
9038,3639,6,4,142.79,571.16
9039,3639,56,5,189.05,945.25
9040,3639,64,5,142.89,714.45
9041,3640,71,3,374.06,1122.18
9042,3640,10,4,316.11,1264.44
9043,3641,37,4,354.37,1417.48
9044,3641,66,2,379.64,759.28
9045,3641,69,1,57.06,57.06
9046,3641,19,3,180.91,542.73
9047,3642,76,4,426.76,1707.04
9048,3642,65,4,127.37,509.48
9049,3642,6,4,142.79,571.16
9050,3643,8,3,301.86,905.58
9051,3644,9,5,78.57,392.85
9052,3644,27,4,38.1,152.4
9053,3645,57,5,225.85,1129.25
9054,3645,73,2,387.14,774.28
9055,3646,27,5,38.1,190.5
9056,3646,19,5,180.91,904.55
9057,3647,90,5,214.08,1070.4
9058,3647,44,1,46.58,46.58
9059,3647,49,1,495.64,495.64
9060,3647,52,1,111.57,111.57
9061,3648,45,5,234.82,1174.1
9062,3648,25,5,175.52,877.6
9063,3648,95,2,221.84,443.68
9064,3649,29,4,225.18,900.72
9065,3649,22,2,59.15,118.3
9066,3649,27,5,38.1,190.5
9067,3649,73,5,387.14,1935.7
9068,3650,23,1,226.38,226.38
9069,3650,11,5,453.8,2269.0
9070,3650,71,5,374.06,1870.3
9071,3651,53,3,493.72,1481.16
9072,3651,93,2,341.85,683.7
9073,3651,33,1,384.16,384.16
9074,3651,97,2,384.42,768.84
9075,3652,6,2,142.79,285.58
9076,3653,14,3,355.43,1066.29
9077,3653,3,4,372.18,1488.72
9078,3653,41,1,41.31,41.31
9079,3653,24,2,78.21,156.42
9080,3654,94,5,241.54,1207.7
9081,3654,58,5,20.84,104.2
9082,3654,51,3,185.34,556.02
9083,3655,11,3,453.8,1361.4
9084,3656,34,4,134.4,537.6
9085,3657,87,3,90.21,270.63
9086,3657,11,5,453.8,2269.0
9087,3657,52,5,111.57,557.85
9088,3658,21,4,397.21,1588.84
9089,3658,4,5,118.42,592.1
9090,3658,53,4,493.72,1974.88
9091,3658,99,1,494.94,494.94
9092,3659,52,5,111.57,557.85
9093,3659,18,4,45.04,180.16
9094,3660,64,2,142.89,285.78
9095,3661,100,5,46.79,233.95
9096,3661,68,4,32.27,129.08
9097,3662,36,2,50.25,100.5
9098,3662,30,1,357.25,357.25
9099,3663,59,4,355.95,1423.8
9100,3663,97,3,384.42,1153.26
9101,3664,55,4,329.8,1319.2
9102,3664,72,4,437.04,1748.16
9103,3664,99,5,494.94,2474.7
9104,3664,13,2,30.46,60.92
9105,3665,28,3,242.71,728.13
9106,3665,34,1,134.4,134.4
9107,3666,63,2,94.39,188.78
9108,3666,95,1,221.84,221.84
9109,3667,89,1,27.6,27.6
9110,3667,82,3,369.1,1107.3
9111,3668,93,2,341.85,683.7
9112,3668,58,4,20.84,83.36
9113,3669,34,1,134.4,134.4
9114,3669,31,4,169.22,676.88
9115,3670,40,3,390.15,1170.45
9116,3670,50,5,497.89,2489.45
9117,3671,28,4,242.71,970.84
9118,3672,39,2,284.11,568.22
9119,3672,91,5,261.31,1306.55
9120,3672,92,5,332.79,1663.95
9121,3673,31,3,169.22,507.66
9122,3673,14,1,355.43,355.43
9123,3674,53,4,493.72,1974.88
9124,3674,68,3,32.27,96.81
9125,3675,45,4,234.82,939.28
9126,3675,92,1,332.79,332.79
9127,3676,37,1,354.37,354.37
9128,3676,40,2,390.15,780.3
9129,3676,24,5,78.21,391.05
9130,3676,80,5,451.49,2257.45
9131,3677,41,3,41.31,123.93
9132,3677,6,5,142.79,713.95
9133,3678,40,1,390.15,390.15
9134,3678,51,3,185.34,556.02
9135,3679,27,4,38.1,152.4
9136,3680,15,3,53.94,161.82
9137,3680,62,1,466.1,466.1
9138,3681,87,4,90.21,360.84
9139,3681,75,1,385.83,385.83
9140,3681,43,1,22.62,22.62
9141,3681,56,2,189.05,378.1
9142,3682,89,1,27.6,27.6
9143,3682,4,4,118.42,473.68
9144,3682,14,4,355.43,1421.72
9145,3683,64,4,142.89,571.56
9146,3683,52,1,111.57,111.57
9147,3684,16,2,472.23,944.46
9148,3684,5,3,79.43,238.29
9149,3684,90,5,214.08,1070.4
9150,3684,90,3,214.08,642.24
9151,3685,86,5,397.74,1988.7
9152,3685,27,1,38.1,38.1
9153,3686,20,3,86.94,260.82
9154,3686,89,5,27.6,138.0
9155,3686,9,2,78.57,157.14
9156,3687,50,1,497.89,497.89
9157,3688,86,3,397.74,1193.22
9158,3689,58,4,20.84,83.36
9159,3690,60,3,158.81,476.43
9160,3690,86,3,397.74,1193.22
9161,3690,19,4,180.91,723.64
9162,3690,16,4,472.23,1888.92
9163,3691,53,5,493.72,2468.6
9164,3691,94,5,241.54,1207.7
9165,3692,48,3,424.68,1274.04
9166,3692,76,1,426.76,426.76
9167,3692,50,3,497.89,1493.67
9168,3693,6,5,142.79,713.95
9169,3694,49,4,495.64,1982.56
9170,3694,87,3,90.21,270.63
9171,3694,75,4,385.83,1543.32
9172,3694,90,5,214.08,1070.4
9173,3695,26,1,182.69,182.69
9174,3695,33,2,384.16,768.32
9175,3696,6,4,142.79,571.16
9176,3696,40,2,390.15,780.3
9177,3697,12,3,70.96,212.88
9178,3698,54,4,118.02,472.08
9179,3698,89,3,27.6,82.8
9180,3698,82,4,369.1,1476.4
9181,3699,89,1,27.6,27.6
9182,3699,25,5,175.52,877.6
9183,3699,25,5,175.52,877.6
9184,3699,6,5,142.79,713.95
9185,3700,42,3,408.3,1224.9
9186,3700,55,2,329.8,659.6
9187,3700,67,4,401.38,1605.52
9188,3701,45,1,234.82,234.82
9189,3701,55,5,329.8,1649.0
9190,3701,51,5,185.34,926.7
9191,3701,1,3,29.45,88.35
9192,3702,40,4,390.15,1560.6
9193,3703,19,1,180.91,180.91
9194,3704,5,4,79.43,317.72
9195,3704,14,1,355.43,355.43
9196,3704,51,1,185.34,185.34
9197,3704,98,4,173.14,692.56
9198,3705,71,4,374.06,1496.24
9199,3705,73,1,387.14,387.14
9200,3705,68,2,32.27,64.54
9201,3706,72,4,437.04,1748.16
9202,3706,21,1,397.21,397.21
9203,3706,1,3,29.45,88.35
9204,3706,50,3,497.89,1493.67
9205,3707,24,2,78.21,156.42
9206,3707,35,2,410.32,820.64
9207,3708,63,4,94.39,377.56
9208,3708,35,1,410.32,410.32
9209,3708,85,3,492.59,1477.77
9210,3709,43,2,22.62,45.24
9211,3709,86,3,397.74,1193.22
9212,3710,60,2,158.81,317.62
9213,3710,5,4,79.43,317.72
9214,3711,84,3,367.52,1102.56
9215,3711,85,1,492.59,492.59
9216,3712,62,5,466.1,2330.5
9217,3712,86,3,397.74,1193.22
9218,3712,27,2,38.1,76.2
9219,3712,89,2,27.6,55.2
9220,3713,27,4,38.1,152.4
9221,3713,77,3,128.87,386.61
9222,3713,81,4,35.95,143.8
9223,3714,65,1,127.37,127.37
9224,3714,89,4,27.6,110.4
9225,3714,53,5,493.72,2468.6
9226,3715,12,2,70.96,141.92
9227,3716,86,4,397.74,1590.96
9228,3716,45,3,234.82,704.46
9229,3716,88,2,434.27,868.54
9230,3716,13,5,30.46,152.3
9231,3717,85,1,492.59,492.59
9232,3718,56,5,189.05,945.25
9233,3718,22,3,59.15,177.45
9234,3718,13,3,30.46,91.38
9235,3719,99,2,494.94,989.88
9236,3719,18,4,45.04,180.16
9237,3720,90,5,214.08,1070.4
9238,3720,23,3,226.38,679.14
9239,3720,58,4,20.84,83.36
9240,3721,99,5,494.94,2474.7
9241,3721,54,2,118.02,236.04
9242,3721,2,2,152.12,304.24
9243,3721,40,1,390.15,390.15
9244,3722,33,5,384.16,1920.8
9245,3723,67,5,401.38,2006.9
9246,3724,72,5,437.04,2185.2
9247,3724,14,3,355.43,1066.29
9248,3725,42,5,408.3,2041.5
9249,3725,61,5,359.64,1798.2
9250,3725,91,3,261.31,783.93
9251,3725,12,1,70.96,70.96
9252,3726,1,2,29.45,58.9
9253,3726,70,1,159.99,159.99
9254,3727,84,1,367.52,367.52
9255,3727,77,4,128.87,515.48
9256,3727,79,4,141.3,565.2
9257,3727,71,5,374.06,1870.3
9258,3728,75,3,385.83,1157.49
9259,3728,24,5,78.21,391.05
9260,3728,31,5,169.22,846.1
9261,3728,94,2,241.54,483.08
9262,3729,54,5,118.02,590.1
9263,3729,63,5,94.39,471.95
9264,3729,88,1,434.27,434.27
9265,3730,10,3,316.11,948.33
9266,3730,20,5,86.94,434.7
9267,3730,55,3,329.8,989.4
9268,3730,45,1,234.82,234.82
9269,3731,3,3,372.18,1116.54
9270,3731,13,3,30.46,91.38
9271,3732,58,4,20.84,83.36
9272,3733,20,4,86.94,347.76
9273,3733,35,3,410.32,1230.96
9274,3734,87,2,90.21,180.42
9275,3734,97,5,384.42,1922.1
9276,3734,47,5,45.16,225.8
9277,3735,99,1,494.94,494.94
9278,3735,85,4,492.59,1970.36
9279,3735,47,4,45.16,180.64
9280,3736,83,5,238.96,1194.8
9281,3736,30,4,357.25,1429.0
9282,3736,8,2,301.86,603.72
9283,3737,92,2,332.79,665.58
9284,3737,48,4,424.68,1698.72
9285,3737,1,3,29.45,88.35
9286,3738,10,3,316.11,948.33
9287,3739,39,1,284.11,284.11
9288,3739,61,2,359.64,719.28
9289,3740,53,3,493.72,1481.16
9290,3740,10,3,316.11,948.33
9291,3740,31,3,169.22,507.66
9292,3741,70,2,159.99,319.98
9293,3741,84,2,367.52,735.04
9294,3741,48,3,424.68,1274.04
9295,3742,23,3,226.38,679.14
9296,3742,7,1,205.07,205.07
9297,3742,13,3,30.46,91.38
9298,3743,88,3,434.27,1302.81
9299,3743,91,4,261.31,1045.24
9300,3744,24,3,78.21,234.63
9301,3745,85,5,492.59,2462.95
9302,3745,70,1,159.99,159.99
9303,3746,56,1,189.05,189.05
9304,3746,81,3,35.95,107.85
9305,3747,35,3,410.32,1230.96
9306,3747,27,5,38.1,190.5
9307,3748,48,1,424.68,424.68
9308,3748,23,1,226.38,226.38
9309,3748,87,1,90.21,90.21
9310,3749,74,5,400.73,2003.65
9311,3750,55,4,329.8,1319.2
9312,3750,19,1,180.91,180.91
9313,3750,52,2,111.57,223.14
9314,3751,52,4,111.57,446.28
9315,3752,96,1,305.97,305.97
9316,3752,29,4,225.18,900.72
9317,3753,40,4,390.15,1560.6
9318,3753,34,1,134.4,134.4
9319,3753,84,5,367.52,1837.6
9320,3753,94,2,241.54,483.08
9321,3754,16,1,472.23,472.23
9322,3755,89,3,27.6,82.8
9323,3755,3,4,372.18,1488.72
9324,3756,86,1,397.74,397.74
9325,3756,1,3,29.45,88.35
9326,3757,74,5,400.73,2003.65
9327,3757,17,2,339.84,679.68
9328,3758,14,5,355.43,1777.15
9329,3758,99,4,494.94,1979.76
9330,3758,39,2,284.11,568.22
9331,3758,34,1,134.4,134.4
9332,3759,95,1,221.84,221.84
9333,3760,90,5,214.08,1070.4
9334,3760,80,5,451.49,2257.45
9335,3761,44,4,46.58,186.32
9336,3761,95,1,221.84,221.84
9337,3761,18,5,45.04,225.2
9338,3761,6,2,142.79,285.58
9339,3762,45,3,234.82,704.46
9340,3762,81,3,35.95,107.85
9341,3762,56,3,189.05,567.15
9342,3763,7,2,205.07,410.14
9343,3763,6,4,142.79,571.16
9344,3764,25,3,175.52,526.56
9345,3765,25,4,175.52,702.08
9346,3766,76,3,426.76,1280.28
9347,3766,76,1,426.76,426.76
9348,3766,62,4,466.1,1864.4
9349,3766,50,3,497.89,1493.67
9350,3767,45,2,234.82,469.64
9351,3767,21,2,397.21,794.42
9352,3767,93,2,341.85,683.7
9353,3767,1,4,29.45,117.8
9354,3768,75,2,385.83,771.66
9355,3768,24,4,78.21,312.84
9356,3768,72,3,437.04,1311.12
9357,3768,42,4,408.3,1633.2
9358,3769,43,2,22.62,45.24
9359,3769,48,2,424.68,849.36
9360,3769,11,5,453.8,2269.0
9361,3770,42,2,408.3,816.6
9362,3771,84,4,367.52,1470.08
9363,3771,36,3,50.25,150.75
9364,3772,56,2,189.05,378.1
9365,3772,51,3,185.34,556.02
9366,3773,45,4,234.82,939.28
9367,3773,11,1,453.8,453.8
9368,3773,41,5,41.31,206.55
9369,3774,46,5,306.21,1531.05
9370,3774,97,2,384.42,768.84
9371,3774,20,4,86.94,347.76
9372,3775,79,3,141.3,423.9
9373,3776,95,3,221.84,665.52
9374,3776,8,5,301.86,1509.3
9375,3776,93,5,341.85,1709.25
9376,3777,82,2,369.1,738.2
9377,3777,38,2,317.16,634.32
9378,3778,45,5,234.82,1174.1
9379,3778,1,3,29.45,88.35
9380,3779,30,1,357.25,357.25
9381,3779,44,3,46.58,139.74
9382,3780,11,2,453.8,907.6
9383,3780,65,1,127.37,127.37
9384,3780,14,1,355.43,355.43
9385,3780,42,1,408.3,408.3
9386,3781,76,3,426.76,1280.28
9387,3782,6,2,142.79,285.58
9388,3782,21,1,397.21,397.21
9389,3783,23,4,226.38,905.52
9390,3783,14,1,355.43,355.43
9391,3783,98,1,173.14,173.14
9392,3783,82,1,369.1,369.1
9393,3784,43,3,22.62,67.86
9394,3784,79,3,141.3,423.9
9395,3784,31,5,169.22,846.1
9396,3784,88,5,434.27,2171.35
9397,3785,100,3,46.79,140.37
9398,3785,3,3,372.18,1116.54
9399,3785,19,5,180.91,904.55
9400,3785,56,1,189.05,189.05
9401,3786,37,5,354.37,1771.85
9402,3786,45,5,234.82,1174.1
9403,3786,86,5,397.74,1988.7
9404,3787,97,3,384.42,1153.26
9405,3787,40,5,390.15,1950.75
9406,3787,78,3,270.01,810.03
9407,3788,40,5,390.15,1950.75
9408,3788,98,1,173.14,173.14
9409,3789,27,2,38.1,76.2
9410,3789,85,1,492.59,492.59
9411,3789,76,1,426.76,426.76
9412,3790,74,3,400.73,1202.19
9413,3791,57,2,225.85,451.7
9414,3791,60,2,158.81,317.62
9415,3791,98,1,173.14,173.14
9416,3791,37,2,354.37,708.74
9417,3792,60,1,158.81,158.81
9418,3792,32,4,108.18,432.72
9419,3792,98,2,173.14,346.28
9420,3792,95,4,221.84,887.36
9421,3793,83,1,238.96,238.96
9422,3793,73,4,387.14,1548.56
9423,3793,69,4,57.06,228.24
9424,3793,50,1,497.89,497.89
9425,3794,25,2,175.52,351.04
9426,3795,89,2,27.6,55.2
9427,3795,37,1,354.37,354.37
9428,3795,47,3,45.16,135.48
9429,3795,71,1,374.06,374.06
9430,3796,13,1,30.46,30.46
9431,3797,20,5,86.94,434.7
9432,3797,18,1,45.04,45.04
9433,3797,2,3,152.12,456.36
9434,3798,55,4,329.8,1319.2
9435,3799,4,3,118.42,355.26
9436,3799,62,5,466.1,2330.5
9437,3800,85,1,492.59,492.59
9438,3800,68,4,32.27,129.08
9439,3800,7,3,205.07,615.21
9440,3800,4,2,118.42,236.84
9441,3801,53,2,493.72,987.44
9442,3801,60,3,158.81,476.43
9443,3801,9,2,78.57,157.14
9444,3802,16,3,472.23,1416.69
9445,3802,2,2,152.12,304.24
9446,3802,13,3,30.46,91.38
9447,3803,55,5,329.8,1649.0
9448,3804,47,4,45.16,180.64
9449,3804,31,1,169.22,169.22
9450,3804,32,5,108.18,540.9
9451,3805,24,5,78.21,391.05
9452,3806,13,3,30.46,91.38
9453,3806,14,5,355.43,1777.15
9454,3807,29,5,225.18,1125.9
9455,3807,58,2,20.84,41.68
9456,3807,56,3,189.05,567.15
9457,3807,32,5,108.18,540.9
9458,3808,7,4,205.07,820.28
9459,3809,79,3,141.3,423.9
9460,3810,29,3,225.18,675.54
9461,3810,84,3,367.52,1102.56
9462,3810,43,2,22.62,45.24
9463,3810,33,2,384.16,768.32
9464,3811,17,1,339.84,339.84
9465,3811,22,5,59.15,295.75
9466,3811,61,5,359.64,1798.2
9467,3812,9,1,78.57,78.57
9468,3813,85,4,492.59,1970.36
9469,3814,51,1,185.34,185.34
9470,3814,96,3,305.97,917.91
9471,3815,46,2,306.21,612.42
9472,3816,35,5,410.32,2051.6
9473,3817,88,1,434.27,434.27
9474,3818,20,3,86.94,260.82
9475,3819,62,2,466.1,932.2
9476,3820,75,1,385.83,385.83
9477,3820,94,4,241.54,966.16
9478,3821,89,5,27.6,138.0
9479,3821,21,4,397.21,1588.84
9480,3821,42,4,408.3,1633.2
9481,3821,52,1,111.57,111.57
9482,3822,67,5,401.38,2006.9
9483,3823,21,1,397.21,397.21
9484,3823,99,2,494.94,989.88
9485,3824,49,4,495.64,1982.56
9486,3824,2,2,152.12,304.24
9487,3824,32,4,108.18,432.72
9488,3825,26,3,182.69,548.07
9489,3826,69,2,57.06,114.12
9490,3827,82,5,369.1,1845.5
9491,3827,27,1,38.1,38.1
9492,3827,63,3,94.39,283.17
9493,3828,37,5,354.37,1771.85
9494,3828,70,1,159.99,159.99
9495,3828,87,3,90.21,270.63
9496,3829,15,4,53.94,215.76
9497,3829,79,4,141.3,565.2
9498,3830,92,1,332.79,332.79
9499,3830,22,4,59.15,236.6
9500,3830,27,5,38.1,190.5
9501,3830,69,3,57.06,171.18
9502,3831,22,1,59.15,59.15
9503,3831,34,5,134.4,672.0
9504,3831,4,5,118.42,592.1
9505,3832,46,2,306.21,612.42
9506,3832,79,4,141.3,565.2
9507,3832,98,1,173.14,173.14
9508,3833,1,1,29.45,29.45
9509,3833,18,1,45.04,45.04
9510,3833,18,3,45.04,135.12
9511,3833,35,2,410.32,820.64
9512,3834,30,5,357.25,1786.25
9513,3834,73,3,387.14,1161.42
9514,3834,71,3,374.06,1122.18
9515,3835,59,4,355.95,1423.8
9516,3835,36,3,50.25,150.75
9517,3835,12,1,70.96,70.96
9518,3836,58,3,20.84,62.52
9519,3836,48,3,424.68,1274.04
9520,3836,13,4,30.46,121.84
9521,3837,48,5,424.68,2123.4
9522,3837,72,1,437.04,437.04
9523,3837,4,4,118.42,473.68
9524,3838,67,1,401.38,401.38
9525,3839,27,2,38.1,76.2
9526,3840,33,2,384.16,768.32
9527,3840,13,1,30.46,30.46
9528,3840,31,2,169.22,338.44
9529,3841,44,5,46.58,232.9
9530,3841,35,4,410.32,1641.28
9531,3841,81,4,35.95,143.8
9532,3842,92,1,332.79,332.79
9533,3842,54,2,118.02,236.04
9534,3842,88,1,434.27,434.27
9535,3843,84,2,367.52,735.04
9536,3843,97,5,384.42,1922.1
9537,3843,50,2,497.89,995.78
9538,3843,55,3,329.8,989.4
9539,3844,36,3,50.25,150.75
9540,3844,68,4,32.27,129.08
9541,3844,77,5,128.87,644.35
9542,3844,91,1,261.31,261.31
9543,3845,1,1,29.45,29.45
9544,3845,32,3,108.18,324.54
9545,3845,15,5,53.94,269.7
9546,3846,36,3,50.25,150.75
9547,3846,99,5,494.94,2474.7
9548,3846,5,2,79.43,158.86
9549,3846,11,5,453.8,2269.0
9550,3847,59,2,355.95,711.9
9551,3847,67,5,401.38,2006.9
9552,3847,28,4,242.71,970.84
9553,3848,72,3,437.04,1311.12
9554,3848,29,1,225.18,225.18
9555,3849,22,2,59.15,118.3
9556,3849,41,3,41.31,123.93
9557,3849,15,5,53.94,269.7
9558,3849,100,4,46.79,187.16
9559,3850,16,2,472.23,944.46
9560,3850,70,2,159.99,319.98
9561,3850,61,3,359.64,1078.92
9562,3850,46,2,306.21,612.42
9563,3851,41,2,41.31,82.62
9564,3851,96,1,305.97,305.97
9565,3852,66,5,379.64,1898.2
9566,3852,44,4,46.58,186.32
9567,3852,98,3,173.14,519.42
9568,3853,56,4,189.05,756.2
9569,3853,61,4,359.64,1438.56
9570,3854,70,4,159.99,639.96
9571,3854,98,3,173.14,519.42
9572,3854,2,1,152.12,152.12
9573,3854,19,4,180.91,723.64
9574,3855,62,2,466.1,932.2
9575,3855,46,2,306.21,612.42
9576,3856,85,1,492.59,492.59
9577,3856,97,4,384.42,1537.68
9578,3856,32,5,108.18,540.9
9579,3857,1,1,29.45,29.45
9580,3857,77,1,128.87,128.87
9581,3858,57,4,225.85,903.4
9582,3858,78,1,270.01,270.01
9583,3858,85,5,492.59,2462.95
9584,3859,11,5,453.8,2269.0
9585,3860,97,4,384.42,1537.68
9586,3860,4,4,118.42,473.68
9587,3860,35,5,410.32,2051.6
9588,3860,24,1,78.21,78.21
9589,3861,39,3,284.11,852.33
9590,3862,88,4,434.27,1737.08
9591,3862,42,3,408.3,1224.9
9592,3862,77,2,128.87,257.74
9593,3862,54,4,118.02,472.08
9594,3863,32,2,108.18,216.36
9595,3863,69,1,57.06,57.06
9596,3863,77,2,128.87,257.74
9597,3864,89,2,27.6,55.2
9598,3864,57,5,225.85,1129.25
9599,3864,74,5,400.73,2003.65
9600,3864,44,4,46.58,186.32
9601,3865,81,4,35.95,143.8
9602,3865,19,2,180.91,361.82
9603,3866,26,5,182.69,913.45
9604,3866,29,4,225.18,900.72
9605,3866,1,3,29.45,88.35
9606,3866,36,1,50.25,50.25
9607,3867,47,2,45.16,90.32
9608,3868,54,2,118.02,236.04
9609,3868,19,1,180.91,180.91
9610,3868,70,5,159.99,799.95
9611,3869,99,2,494.94,989.88
9612,3870,81,2,35.95,71.9
9613,3871,58,1,20.84,20.84
9614,3871,35,3,410.32,1230.96
9615,3872,56,5,189.05,945.25
9616,3872,94,4,241.54,966.16
9617,3872,14,3,355.43,1066.29
9618,3873,3,4,372.18,1488.72
9619,3873,32,3,108.18,324.54
9620,3874,43,2,22.62,45.24
9621,3875,9,1,78.57,78.57
9622,3875,84,5,367.52,1837.6
9623,3876,39,5,284.11,1420.55
9624,3876,27,2,38.1,76.2
9625,3876,32,5,108.18,540.9
9626,3876,10,2,316.11,632.22
9627,3877,26,2,182.69,365.38
9628,3878,57,4,225.85,903.4
9629,3878,14,2,355.43,710.86
9630,3878,29,4,225.18,900.72
9631,3879,1,1,29.45,29.45
9632,3880,3,3,372.18,1116.54
9633,3880,80,1,451.49,451.49
9634,3881,70,5,159.99,799.95
9635,3881,17,4,339.84,1359.36
9636,3881,40,3,390.15,1170.45
9637,3881,52,1,111.57,111.57
9638,3882,93,2,341.85,683.7
9639,3882,77,4,128.87,515.48
9640,3883,33,2,384.16,768.32
9641,3884,41,2,41.31,82.62
9642,3884,44,1,46.58,46.58
9643,3884,18,2,45.04,90.08
9644,3885,81,4,35.95,143.8
9645,3886,25,3,175.52,526.56
9646,3886,1,3,29.45,88.35
9647,3886,25,1,175.52,175.52
9648,3887,19,2,180.91,361.82
9649,3887,12,4,70.96,283.84
9650,3887,54,2,118.02,236.04
9651,3888,40,5,390.15,1950.75
9652,3889,76,4,426.76,1707.04
9653,3889,22,1,59.15,59.15
9654,3889,68,5,32.27,161.35
9655,3890,19,3,180.91,542.73
9656,3890,91,1,261.31,261.31
9657,3890,98,4,173.14,692.56
9658,3890,1,5,29.45,147.25
9659,3891,62,5,466.1,2330.5
9660,3891,79,1,141.3,141.3
9661,3892,51,1,185.34,185.34
9662,3893,16,2,472.23,944.46
9663,3893,30,2,357.25,714.5
9664,3894,48,1,424.68,424.68
9665,3894,23,5,226.38,1131.9
9666,3894,80,4,451.49,1805.96
9667,3894,72,1,437.04,437.04
9668,3895,54,3,118.02,354.06
9669,3896,4,3,118.42,355.26
9670,3897,65,1,127.37,127.37
9671,3897,26,5,182.69,913.45
9672,3898,35,2,410.32,820.64
9673,3898,62,1,466.1,466.1
9674,3898,6,5,142.79,713.95
9675,3898,97,5,384.42,1922.1
9676,3899,17,2,339.84,679.68
9677,3899,27,5,38.1,190.5
9678,3900,15,2,53.94,107.88
9679,3900,32,3,108.18,324.54
9680,3900,11,3,453.8,1361.4
9681,3900,54,3,118.02,354.06
9682,3901,70,1,159.99,159.99
9683,3901,80,5,451.49,2257.45
9684,3902,46,5,306.21,1531.05
9685,3902,36,4,50.25,201.0
9686,3902,16,2,472.23,944.46
9687,3902,65,4,127.37,509.48
9688,3903,2,5,152.12,760.6
9689,3903,76,4,426.76,1707.04
9690,3904,70,1,159.99,159.99
9691,3904,66,1,379.64,379.64
9692,3904,54,1,118.02,118.02
9693,3905,8,4,301.86,1207.44
9694,3905,61,2,359.64,719.28
9695,3905,81,1,35.95,35.95
9696,3905,60,1,158.81,158.81
9697,3906,16,3,472.23,1416.69
9698,3906,84,5,367.52,1837.6
9699,3906,100,3,46.79,140.37
9700,3907,81,5,35.95,179.75
9701,3907,21,4,397.21,1588.84
9702,3908,94,1,241.54,241.54
9703,3908,88,1,434.27,434.27
9704,3908,30,1,357.25,357.25
9705,3908,11,4,453.8,1815.2
9706,3909,33,4,384.16,1536.64
9707,3909,34,1,134.4,134.4
9708,3909,66,4,379.64,1518.56
9709,3909,64,5,142.89,714.45
9710,3910,17,4,339.84,1359.36
9711,3910,30,3,357.25,1071.75
9712,3910,36,3,50.25,150.75
9713,3910,45,5,234.82,1174.1
9714,3911,27,5,38.1,190.5
9715,3911,82,4,369.1,1476.4
9716,3911,73,1,387.14,387.14
9717,3911,25,5,175.52,877.6
9718,3912,55,4,329.8,1319.2
9719,3912,2,2,152.12,304.24
9720,3912,75,5,385.83,1929.15
9721,3912,91,4,261.31,1045.24
9722,3913,65,5,127.37,636.85
9723,3913,6,5,142.79,713.95
9724,3913,67,5,401.38,2006.9
9725,3913,34,1,134.4,134.4
9726,3914,50,2,497.89,995.78
9727,3914,28,4,242.71,970.84
9728,3914,34,5,134.4,672.0
9729,3915,93,3,341.85,1025.55
9730,3916,16,5,472.23,2361.15
9731,3916,7,3,205.07,615.21
9732,3917,41,4,41.31,165.24
9733,3917,55,4,329.8,1319.2
9734,3917,80,2,451.49,902.98
9735,3918,55,4,329.8,1319.2
9736,3918,52,2,111.57,223.14
9737,3918,19,2,180.91,361.82
9738,3919,30,2,357.25,714.5
9739,3919,93,3,341.85,1025.55
9740,3920,22,2,59.15,118.3
9741,3920,35,3,410.32,1230.96
9742,3921,26,1,182.69,182.69
9743,3922,93,1,341.85,341.85
9744,3923,55,5,329.8,1649.0
9745,3923,7,4,205.07,820.28
9746,3923,53,3,493.72,1481.16
9747,3924,32,4,108.18,432.72
9748,3924,77,5,128.87,644.35
9749,3924,27,5,38.1,190.5
9750,3924,51,1,185.34,185.34
9751,3925,67,5,401.38,2006.9
9752,3926,83,1,238.96,238.96
9753,3926,68,1,32.27,32.27
9754,3926,13,4,30.46,121.84
9755,3926,24,3,78.21,234.63
9756,3927,72,3,437.04,1311.12
9757,3927,15,3,53.94,161.82
9758,3927,36,3,50.25,150.75
9759,3927,89,5,27.6,138.0
9760,3928,51,4,185.34,741.36
9761,3928,22,1,59.15,59.15
9762,3928,29,3,225.18,675.54
9763,3928,31,5,169.22,846.1
9764,3929,35,5,410.32,2051.6
9765,3929,80,4,451.49,1805.96
9766,3929,68,2,32.27,64.54
9767,3929,8,4,301.86,1207.44
9768,3930,91,1,261.31,261.31
9769,3930,90,3,214.08,642.24
9770,3930,8,3,301.86,905.58
9771,3930,66,2,379.64,759.28
9772,3931,51,3,185.34,556.02
9773,3932,28,5,242.71,1213.55
9774,3932,100,3,46.79,140.37
9775,3932,72,2,437.04,874.08
9776,3933,40,2,390.15,780.3
9777,3933,22,1,59.15,59.15
9778,3933,23,4,226.38,905.52
9779,3933,56,4,189.05,756.2
9780,3934,52,2,111.57,223.14
9781,3934,29,5,225.18,1125.9
9782,3934,50,2,497.89,995.78
9783,3935,71,4,374.06,1496.24
9784,3935,48,2,424.68,849.36
9785,3935,7,2,205.07,410.14
9786,3935,50,5,497.89,2489.45
9787,3936,34,4,134.4,537.6
9788,3936,75,4,385.83,1543.32
9789,3936,84,4,367.52,1470.08
9790,3936,12,1,70.96,70.96
9791,3937,87,2,90.21,180.42
9792,3937,36,5,50.25,251.25
9793,3937,88,1,434.27,434.27
9794,3937,23,5,226.38,1131.9
9795,3938,36,2,50.25,100.5
9796,3939,78,4,270.01,1080.04
9797,3940,34,3,134.4,403.2
9798,3940,74,5,400.73,2003.65
9799,3940,64,5,142.89,714.45
9800,3940,28,5,242.71,1213.55
9801,3941,13,2,30.46,60.92
9802,3942,72,1,437.04,437.04
9803,3942,3,5,372.18,1860.9
9804,3942,75,4,385.83,1543.32
9805,3943,46,2,306.21,612.42
9806,3943,6,4,142.79,571.16
9807,3943,36,2,50.25,100.5
9808,3944,36,1,50.25,50.25
9809,3944,77,2,128.87,257.74
9810,3944,34,5,134.4,672.0
9811,3945,17,1,339.84,339.84
9812,3946,96,3,305.97,917.91
9813,3946,29,1,225.18,225.18
9814,3946,52,2,111.57,223.14
9815,3947,34,2,134.4,268.8
9816,3948,97,4,384.42,1537.68
9817,3948,64,5,142.89,714.45
9818,3949,18,4,45.04,180.16
9819,3950,80,4,451.49,1805.96
9820,3950,1,1,29.45,29.45
9821,3950,54,2,118.02,236.04
9822,3951,11,1,453.8,453.8
9823,3952,71,1,374.06,374.06
9824,3953,44,5,46.58,232.9
9825,3953,28,3,242.71,728.13
9826,3953,86,3,397.74,1193.22
9827,3953,26,3,182.69,548.07
9828,3954,83,5,238.96,1194.8
9829,3954,72,4,437.04,1748.16
9830,3955,23,3,226.38,679.14
9831,3955,4,1,118.42,118.42
9832,3956,88,1,434.27,434.27
9833,3956,64,2,142.89,285.78
9834,3956,87,2,90.21,180.42
9835,3956,33,4,384.16,1536.64
9836,3957,87,2,90.21,180.42
9837,3957,99,3,494.94,1484.82
9838,3958,61,3,359.64,1078.92
9839,3958,21,3,397.21,1191.63
9840,3958,53,3,493.72,1481.16
9841,3958,62,4,466.1,1864.4
9842,3959,74,2,400.73,801.46
9843,3959,71,1,374.06,374.06
9844,3960,40,3,390.15,1170.45
9845,3960,39,3,284.11,852.33
9846,3961,42,5,408.3,2041.5
9847,3962,11,4,453.8,1815.2
9848,3962,65,3,127.37,382.11
9849,3962,92,2,332.79,665.58
9850,3962,100,4,46.79,187.16
9851,3963,98,1,173.14,173.14
9852,3964,53,3,493.72,1481.16
9853,3964,36,5,50.25,251.25
9854,3964,98,3,173.14,519.42
9855,3965,95,2,221.84,443.68
9856,3965,44,5,46.58,232.9
9857,3965,70,5,159.99,799.95
9858,3965,37,1,354.37,354.37
9859,3966,20,1,86.94,86.94
9860,3966,12,1,70.96,70.96
9861,3966,6,3,142.79,428.37
9862,3966,86,4,397.74,1590.96
9863,3967,42,3,408.3,1224.9
9864,3967,32,3,108.18,324.54
9865,3968,55,5,329.8,1649.0
9866,3968,10,1,316.11,316.11
9867,3968,60,5,158.81,794.05
9868,3968,18,3,45.04,135.12
9869,3969,69,2,57.06,114.12
9870,3970,9,5,78.57,392.85
9871,3971,91,2,261.31,522.62
9872,3972,97,1,384.42,384.42
9873,3972,23,5,226.38,1131.9
9874,3973,44,1,46.58,46.58
9875,3974,6,4,142.79,571.16
9876,3975,60,4,158.81,635.24
9877,3976,87,5,90.21,451.05
9878,3976,1,5,29.45,147.25
9879,3976,29,5,225.18,1125.9
9880,3977,60,4,158.81,635.24
9881,3978,33,2,384.16,768.32
9882,3978,95,3,221.84,665.52
9883,3979,16,2,472.23,944.46
9884,3979,61,1,359.64,359.64
9885,3979,3,4,372.18,1488.72
9886,3980,88,2,434.27,868.54
9887,3980,6,2,142.79,285.58
9888,3980,17,3,339.84,1019.52
9889,3981,53,4,493.72,1974.88
9890,3982,7,5,205.07,1025.35
9891,3982,70,2,159.99,319.98
9892,3983,49,5,495.64,2478.2
9893,3983,6,5,142.79,713.95
9894,3983,31,5,169.22,846.1
9895,3983,48,2,424.68,849.36
9896,3984,52,1,111.57,111.57
9897,3985,90,5,214.08,1070.4
9898,3985,12,2,70.96,141.92
9899,3986,62,5,466.1,2330.5
9900,3987,85,1,492.59,492.59
9901,3987,20,2,86.94,173.88
9902,3987,38,5,317.16,1585.8
9903,3987,5,5,79.43,397.15
9904,3988,4,1,118.42,118.42
9905,3989,9,4,78.57,314.28
9906,3989,87,3,90.21,270.63
9907,3990,89,5,27.6,138.0
9908,3990,45,4,234.82,939.28
9909,3990,89,4,27.6,110.4
9910,3991,29,1,225.18,225.18
9911,3991,31,1,169.22,169.22
9912,3992,21,3,397.21,1191.63
9913,3992,42,3,408.3,1224.9
9914,3993,89,4,27.6,110.4
9915,3993,96,4,305.97,1223.88
9916,3993,52,1,111.57,111.57
9917,3994,15,4,53.94,215.76
9918,3994,54,1,118.02,118.02
9919,3995,70,1,159.99,159.99
9920,3996,42,3,408.3,1224.9
9921,3996,58,2,20.84,41.68
9922,3996,92,1,332.79,332.79
9923,3996,34,4,134.4,537.6
9924,3997,67,2,401.38,802.76
9925,3997,62,5,466.1,2330.5
9926,3997,75,3,385.83,1157.49
9927,3998,66,2,379.64,759.28
9928,3998,61,4,359.64,1438.56
9929,3998,91,3,261.31,783.93
9930,3998,44,2,46.58,93.16
9931,3999,96,4,305.97,1223.88
9932,3999,23,3,226.38,679.14
9933,4000,41,2,41.31,82.62
9934,4000,11,1,453.8,453.8
9935,4001,71,1,374.06,374.06
9936,4002,74,2,400.73,801.46
9937,4002,6,3,142.79,428.37
9938,4003,56,2,189.05,378.1
9939,4003,14,5,355.43,1777.15
9940,4003,59,1,355.95,355.95
9941,4004,57,5,225.85,1129.25
9942,4005,83,4,238.96,955.84
9943,4006,43,4,22.62,90.48
9944,4006,41,2,41.31,82.62
9945,4007,53,1,493.72,493.72
9946,4007,6,4,142.79,571.16
9947,4008,89,4,27.6,110.4
9948,4008,58,1,20.84,20.84
9949,4008,90,2,214.08,428.16
9950,4008,87,1,90.21,90.21
9951,4009,11,5,453.8,2269.0
9952,4010,8,2,301.86,603.72
9953,4010,16,4,472.23,1888.92
9954,4010,47,1,45.16,45.16
9955,4010,30,4,357.25,1429.0
9956,4011,73,3,387.14,1161.42
9957,4011,71,4,374.06,1496.24
9958,4011,4,5,118.42,592.1
9959,4012,92,5,332.79,1663.95
9960,4013,29,2,225.18,450.36
9961,4013,50,5,497.89,2489.45
9962,4013,79,5,141.3,706.5
9963,4013,84,4,367.52,1470.08
9964,4014,55,4,329.8,1319.2
9965,4014,54,2,118.02,236.04
9966,4014,5,1,79.43,79.43
9967,4014,45,4,234.82,939.28
9968,4015,91,5,261.31,1306.55
9969,4015,60,4,158.81,635.24
9970,4015,64,1,142.89,142.89
9971,4016,28,4,242.71,970.84
9972,4017,1,5,29.45,147.25
9973,4018,77,4,128.87,515.48
9974,4018,77,4,128.87,515.48
9975,4019,63,4,94.39,377.56
9976,4020,64,4,142.89,571.56
9977,4020,47,2,45.16,90.32
9978,4021,79,2,141.3,282.6
9979,4021,88,2,434.27,868.54
9980,4021,49,1,495.64,495.64
9981,4021,3,3,372.18,1116.54
9982,4022,37,5,354.37,1771.85
9983,4022,81,5,35.95,179.75
9984,4022,74,4,400.73,1602.92
9985,4023,69,4,57.06,228.24
9986,4023,42,2,408.3,816.6
9987,4024,82,5,369.1,1845.5
9988,4025,44,4,46.58,186.32
9989,4026,45,3,234.82,704.46
9990,4026,65,1,127.37,127.37
9991,4026,20,2,86.94,173.88
9992,4027,72,1,437.04,437.04
9993,4027,86,2,397.74,795.48
9994,4027,5,1,79.43,79.43
9995,4027,33,1,384.16,384.16
9996,4028,41,3,41.31,123.93
9997,4029,38,1,317.16,317.16
9998,4029,68,1,32.27,32.27
9999,4029,73,1,387.14,387.14
10000,4030,18,4,45.04,180.16
10001,4030,23,2,226.38,452.76
10002,4030,96,2,305.97,611.94
10003,4031,20,5,86.94,434.7
10004,4032,34,3,134.4,403.2
10005,4033,46,4,306.21,1224.84
10006,4033,25,5,175.52,877.6
10007,4033,95,5,221.84,1109.2
10008,4033,57,4,225.85,903.4
10009,4034,53,1,493.72,493.72
10010,4034,34,5,134.4,672.0
10011,4034,9,4,78.57,314.28
10012,4034,70,4,159.99,639.96
10013,4035,84,1,367.52,367.52
10014,4035,31,2,169.22,338.44
10015,4035,80,3,451.49,1354.47
10016,4036,94,3,241.54,724.62
10017,4036,88,5,434.27,2171.35
10018,4037,24,3,78.21,234.63
10019,4037,39,4,284.11,1136.44
10020,4037,97,5,384.42,1922.1
10021,4037,5,1,79.43,79.43
10022,4038,55,4,329.8,1319.2
10023,4038,77,3,128.87,386.61
10024,4038,43,3,22.62,67.86
10025,4039,29,4,225.18,900.72
10026,4039,7,3,205.07,615.21
10027,4039,17,3,339.84,1019.52
10028,4039,2,4,152.12,608.48
10029,4040,77,1,128.87,128.87
10030,4040,31,4,169.22,676.88
10031,4040,82,1,369.1,369.1
10032,4040,57,2,225.85,451.7
10033,4041,27,3,38.1,114.3
10034,4041,36,4,50.25,201.0
10035,4042,54,5,118.02,590.1
10036,4042,2,1,152.12,152.12
10037,4042,51,5,185.34,926.7
10038,4043,63,3,94.39,283.17
10039,4044,1,4,29.45,117.8
10040,4045,4,4,118.42,473.68
10041,4045,18,4,45.04,180.16
10042,4045,1,2,29.45,58.9
10043,4046,62,3,466.1,1398.3
10044,4046,46,4,306.21,1224.84
10045,4047,41,5,41.31,206.55
10046,4047,11,5,453.8,2269.0
10047,4047,7,5,205.07,1025.35
10048,4047,83,3,238.96,716.88
10049,4048,38,2,317.16,634.32
10050,4049,25,1,175.52,175.52
10051,4050,4,3,118.42,355.26
10052,4050,10,5,316.11,1580.55
10053,4051,34,5,134.4,672.0
10054,4051,16,3,472.23,1416.69
10055,4052,49,1,495.64,495.64
10056,4052,23,3,226.38,679.14
10057,4052,56,5,189.05,945.25
10058,4052,39,4,284.11,1136.44
10059,4053,82,1,369.1,369.1
10060,4054,24,2,78.21,156.42
10061,4055,83,1,238.96,238.96
10062,4055,19,3,180.91,542.73
10063,4056,43,5,22.62,113.1
10064,4056,52,3,111.57,334.71
10065,4056,72,4,437.04,1748.16
10066,4057,27,5,38.1,190.5
10067,4057,28,5,242.71,1213.55
10068,4057,90,3,214.08,642.24
10069,4058,55,4,329.8,1319.2
10070,4059,23,3,226.38,679.14
10071,4059,89,5,27.6,138.0
10072,4060,57,5,225.85,1129.25
10073,4061,97,5,384.42,1922.1
10074,4061,80,2,451.49,902.98
10075,4061,97,4,384.42,1537.68
10076,4062,4,2,118.42,236.84
10077,4062,75,3,385.83,1157.49
10078,4063,21,2,397.21,794.42
10079,4064,77,4,128.87,515.48
10080,4064,16,3,472.23,1416.69
10081,4064,53,4,493.72,1974.88
10082,4064,66,5,379.64,1898.2
10083,4065,1,1,29.45,29.45
10084,4065,23,1,226.38,226.38
10085,4065,39,4,284.11,1136.44
10086,4066,79,4,141.3,565.2
10087,4066,100,1,46.79,46.79
10088,4067,20,1,86.94,86.94
10089,4067,12,3,70.96,212.88
10090,4067,35,4,410.32,1641.28
10091,4068,7,1,205.07,205.07
10092,4068,82,3,369.1,1107.3
10093,4068,54,1,118.02,118.02
10094,4069,21,2,397.21,794.42
10095,4070,62,1,466.1,466.1
10096,4071,32,4,108.18,432.72
10097,4071,41,5,41.31,206.55
10098,4071,98,4,173.14,692.56
10099,4071,49,2,495.64,991.28
10100,4072,82,4,369.1,1476.4
10101,4072,22,1,59.15,59.15
10102,4073,80,2,451.49,902.98
10103,4073,79,2,141.3,282.6
10104,4073,16,3,472.23,1416.69
10105,4073,8,1,301.86,301.86
10106,4074,65,2,127.37,254.74
10107,4074,95,3,221.84,665.52
10108,4075,93,5,341.85,1709.25
10109,4076,5,4,79.43,317.72
10110,4076,5,4,79.43,317.72
10111,4076,85,4,492.59,1970.36
10112,4077,55,1,329.8,329.8
10113,4077,97,4,384.42,1537.68
10114,4078,11,4,453.8,1815.2
10115,4079,51,1,185.34,185.34
10116,4079,77,2,128.87,257.74
10117,4079,64,3,142.89,428.67
10118,4080,20,4,86.94,347.76
10119,4080,72,5,437.04,2185.2
10120,4081,82,5,369.1,1845.5
10121,4081,6,2,142.79,285.58
10122,4082,5,4,79.43,317.72
10123,4083,48,1,424.68,424.68
10124,4083,17,4,339.84,1359.36
10125,4084,75,2,385.83,771.66
10126,4085,35,3,410.32,1230.96
10127,4085,88,5,434.27,2171.35
10128,4086,38,5,317.16,1585.8
10129,4086,35,5,410.32,2051.6
10130,4087,20,1,86.94,86.94
10131,4087,93,3,341.85,1025.55
10132,4087,46,2,306.21,612.42
10133,4088,5,2,79.43,158.86
10134,4089,31,1,169.22,169.22
10135,4090,63,2,94.39,188.78
10136,4091,31,1,169.22,169.22
10137,4091,61,5,359.64,1798.2
10138,4092,62,2,466.1,932.2
10139,4092,31,2,169.22,338.44
10140,4092,62,2,466.1,932.2
10141,4092,43,1,22.62,22.62
10142,4093,43,2,22.62,45.24
10143,4093,94,2,241.54,483.08
10144,4093,48,4,424.68,1698.72
10145,4093,54,1,118.02,118.02
10146,4094,14,3,355.43,1066.29
10147,4094,45,5,234.82,1174.1
10148,4094,84,5,367.52,1837.6
10149,4094,4,4,118.42,473.68
10150,4095,10,3,316.11,948.33
10151,4095,38,1,317.16,317.16
10152,4095,4,1,118.42,118.42
10153,4095,14,4,355.43,1421.72
10154,4096,33,2,384.16,768.32
10155,4096,18,2,45.04,90.08
10156,4096,41,3,41.31,123.93
10157,4096,70,2,159.99,319.98
10158,4097,9,3,78.57,235.71
10159,4097,43,1,22.62,22.62
10160,4098,58,2,20.84,41.68
10161,4098,33,5,384.16,1920.8
10162,4098,75,2,385.83,771.66
10163,4098,65,3,127.37,382.11
10164,4099,65,3,127.37,382.11
10165,4099,11,2,453.8,907.6
10166,4099,14,5,355.43,1777.15
10167,4099,21,2,397.21,794.42
10168,4100,62,4,466.1,1864.4
10169,4100,31,2,169.22,338.44
10170,4100,42,3,408.3,1224.9
10171,4101,32,2,108.18,216.36
10172,4102,54,2,118.02,236.04
10173,4102,30,5,357.25,1786.25
10174,4102,83,1,238.96,238.96
10175,4102,10,5,316.11,1580.55
10176,4103,19,1,180.91,180.91
10177,4103,40,3,390.15,1170.45
10178,4104,88,4,434.27,1737.08
10179,4105,14,4,355.43,1421.72
10180,4105,44,4,46.58,186.32
10181,4105,80,2,451.49,902.98
10182,4105,39,2,284.11,568.22
10183,4106,34,3,134.4,403.2
10184,4106,22,2,59.15,118.3
10185,4106,33,3,384.16,1152.48
10186,4106,82,4,369.1,1476.4
10187,4107,72,4,437.04,1748.16
10188,4108,45,4,234.82,939.28
10189,4108,81,3,35.95,107.85
10190,4109,54,4,118.02,472.08
10191,4110,3,3,372.18,1116.54
10192,4110,69,4,57.06,228.24
10193,4111,31,3,169.22,507.66
10194,4111,76,5,426.76,2133.8
10195,4111,51,4,185.34,741.36
10196,4112,62,5,466.1,2330.5
10197,4113,13,5,30.46,152.3
10198,4113,79,4,141.3,565.2
10199,4114,97,4,384.42,1537.68
10200,4114,53,5,493.72,2468.6
10201,4115,67,5,401.38,2006.9
10202,4116,54,5,118.02,590.1
10203,4116,85,4,492.59,1970.36
10204,4117,5,1,79.43,79.43
10205,4117,93,3,341.85,1025.55
10206,4117,74,1,400.73,400.73
10207,4118,53,1,493.72,493.72
10208,4118,91,2,261.31,522.62
10209,4119,40,2,390.15,780.3
10210,4119,40,1,390.15,390.15
10211,4119,12,3,70.96,212.88
10212,4119,53,3,493.72,1481.16
10213,4120,32,1,108.18,108.18
10214,4120,16,5,472.23,2361.15
10215,4120,47,4,45.16,180.64
10216,4121,15,2,53.94,107.88
10217,4121,96,2,305.97,611.94
10218,4121,37,2,354.37,708.74
10219,4121,23,4,226.38,905.52
10220,4122,10,5,316.11,1580.55
10221,4122,57,2,225.85,451.7
10222,4122,18,3,45.04,135.12
10223,4122,82,4,369.1,1476.4
10224,4123,43,5,22.62,113.1
10225,4123,96,3,305.97,917.91
10226,4123,24,2,78.21,156.42
10227,4123,34,2,134.4,268.8
10228,4124,78,3,270.01,810.03
10229,4124,98,1,173.14,173.14
10230,4124,29,5,225.18,1125.9
10231,4125,13,3,30.46,91.38
10232,4125,49,5,495.64,2478.2
10233,4125,26,3,182.69,548.07
10234,4125,64,5,142.89,714.45
10235,4126,66,1,379.64,379.64
10236,4126,65,3,127.37,382.11
10237,4126,23,2,226.38,452.76
10238,4126,4,3,118.42,355.26
10239,4127,74,3,400.73,1202.19
10240,4128,8,4,301.86,1207.44
10241,4128,94,2,241.54,483.08
10242,4128,92,1,332.79,332.79
10243,4128,23,3,226.38,679.14
10244,4129,67,1,401.38,401.38
10245,4129,87,5,90.21,451.05
10246,4130,33,3,384.16,1152.48
10247,4131,77,5,128.87,644.35
10248,4132,24,1,78.21,78.21
10249,4132,38,1,317.16,317.16
10250,4133,29,1,225.18,225.18
10251,4134,82,3,369.1,1107.3
10252,4134,23,2,226.38,452.76
10253,4134,92,1,332.79,332.79
10254,4135,3,4,372.18,1488.72
10255,4136,64,4,142.89,571.56
10256,4137,87,5,90.21,451.05
10257,4137,86,4,397.74,1590.96
10258,4137,56,4,189.05,756.2
10259,4137,59,5,355.95,1779.75
10260,4138,27,3,38.1,114.3
10261,4138,74,3,400.73,1202.19
10262,4138,77,3,128.87,386.61
10263,4139,98,4,173.14,692.56
10264,4139,2,2,152.12,304.24
10265,4139,27,4,38.1,152.4
10266,4140,10,1,316.11,316.11
10267,4140,56,2,189.05,378.1
10268,4140,2,5,152.12,760.6
10269,4140,3,5,372.18,1860.9
10270,4141,48,3,424.68,1274.04
10271,4141,95,4,221.84,887.36
10272,4141,13,3,30.46,91.38
10273,4142,24,2,78.21,156.42
10274,4142,36,5,50.25,251.25
10275,4142,2,2,152.12,304.24
10276,4142,2,3,152.12,456.36
10277,4143,45,2,234.82,469.64
10278,4144,92,3,332.79,998.37
10279,4144,81,2,35.95,71.9
10280,4144,56,5,189.05,945.25
10281,4144,64,3,142.89,428.67
10282,4145,93,5,341.85,1709.25
10283,4145,100,2,46.79,93.58
10284,4146,70,3,159.99,479.97
10285,4146,52,4,111.57,446.28
10286,4147,59,5,355.95,1779.75
10287,4147,70,2,159.99,319.98
10288,4148,9,1,78.57,78.57
10289,4148,25,1,175.52,175.52
10290,4148,94,4,241.54,966.16
10291,4148,12,3,70.96,212.88
10292,4149,77,5,128.87,644.35
10293,4149,6,5,142.79,713.95
10294,4149,42,2,408.3,816.6
10295,4150,29,5,225.18,1125.9
10296,4151,83,2,238.96,477.92
10297,4151,41,4,41.31,165.24
10298,4151,8,5,301.86,1509.3
10299,4152,37,2,354.37,708.74
10300,4152,88,1,434.27,434.27
10301,4153,30,3,357.25,1071.75
10302,4153,19,4,180.91,723.64
10303,4153,99,5,494.94,2474.7
10304,4154,32,3,108.18,324.54
10305,4154,33,2,384.16,768.32
10306,4155,30,5,357.25,1786.25
10307,4155,13,5,30.46,152.3
10308,4155,53,1,493.72,493.72
10309,4156,83,4,238.96,955.84
10310,4156,49,4,495.64,1982.56
10311,4156,36,3,50.25,150.75
10312,4157,20,5,86.94,434.7
10313,4157,9,3,78.57,235.71
10314,4158,75,5,385.83,1929.15
10315,4158,70,2,159.99,319.98
10316,4159,23,3,226.38,679.14
10317,4160,31,1,169.22,169.22
10318,4160,32,5,108.18,540.9
10319,4160,26,2,182.69,365.38
10320,4161,58,2,20.84,41.68
10321,4161,51,5,185.34,926.7
10322,4162,19,4,180.91,723.64
10323,4163,19,1,180.91,180.91
10324,4163,74,2,400.73,801.46
10325,4164,35,3,410.32,1230.96
10326,4164,86,4,397.74,1590.96
10327,4165,52,5,111.57,557.85
10328,4165,18,3,45.04,135.12
10329,4165,13,4,30.46,121.84
10330,4165,5,2,79.43,158.86
10331,4166,96,4,305.97,1223.88
10332,4167,14,2,355.43,710.86
10333,4167,61,1,359.64,359.64
10334,4168,4,2,118.42,236.84
10335,4168,29,2,225.18,450.36
10336,4168,30,5,357.25,1786.25
10337,4169,41,1,41.31,41.31
10338,4170,74,2,400.73,801.46
10339,4171,98,4,173.14,692.56
10340,4171,48,4,424.68,1698.72
10341,4172,1,5,29.45,147.25
10342,4172,43,5,22.62,113.1
10343,4172,86,2,397.74,795.48
10344,4173,74,4,400.73,1602.92
10345,4174,45,4,234.82,939.28
10346,4175,51,3,185.34,556.02
10347,4175,98,4,173.14,692.56
10348,4176,87,3,90.21,270.63
10349,4176,40,5,390.15,1950.75
10350,4177,56,1,189.05,189.05
10351,4178,54,4,118.02,472.08
10352,4178,15,1,53.94,53.94
10353,4178,11,3,453.8,1361.4
10354,4179,13,3,30.46,91.38
10355,4179,23,4,226.38,905.52
10356,4180,31,2,169.22,338.44
10357,4180,73,4,387.14,1548.56
10358,4180,62,3,466.1,1398.3
10359,4181,25,2,175.52,351.04
10360,4181,53,5,493.72,2468.6
10361,4181,77,5,128.87,644.35
10362,4182,9,1,78.57,78.57
10363,4182,25,3,175.52,526.56
10364,4183,5,3,79.43,238.29
10365,4184,59,1,355.95,355.95
10366,4185,89,1,27.6,27.6
10367,4185,17,4,339.84,1359.36
10368,4185,93,5,341.85,1709.25
10369,4186,75,5,385.83,1929.15
10370,4186,97,5,384.42,1922.1
10371,4187,74,2,400.73,801.46
10372,4187,46,3,306.21,918.63
10373,4188,79,5,141.3,706.5
10374,4188,87,1,90.21,90.21
10375,4188,19,4,180.91,723.64
10376,4189,56,3,189.05,567.15
10377,4189,92,3,332.79,998.37
10378,4190,91,3,261.31,783.93
10379,4190,100,4,46.79,187.16
10380,4190,31,4,169.22,676.88
10381,4190,53,5,493.72,2468.6
10382,4191,53,3,493.72,1481.16
10383,4191,62,5,466.1,2330.5
10384,4191,66,2,379.64,759.28
10385,4192,86,5,397.74,1988.7
10386,4192,70,4,159.99,639.96
10387,4192,32,3,108.18,324.54
10388,4192,25,5,175.52,877.6
10389,4193,7,3,205.07,615.21
10390,4193,21,4,397.21,1588.84
10391,4193,4,2,118.42,236.84
10392,4194,6,5,142.79,713.95
10393,4194,93,1,341.85,341.85
10394,4194,32,3,108.18,324.54
10395,4194,28,5,242.71,1213.55
10396,4195,100,1,46.79,46.79
10397,4195,21,5,397.21,1986.05
10398,4196,56,2,189.05,378.1
10399,4197,83,3,238.96,716.88
10400,4197,61,3,359.64,1078.92
10401,4198,75,4,385.83,1543.32
10402,4199,18,2,45.04,90.08
10403,4200,59,2,355.95,711.9
10404,4201,67,4,401.38,1605.52
10405,4201,18,5,45.04,225.2
10406,4201,32,5,108.18,540.9
10407,4202,21,2,397.21,794.42
10408,4202,9,2,78.57,157.14
10409,4202,70,5,159.99,799.95
10410,4202,70,4,159.99,639.96
10411,4203,34,3,134.4,403.2
10412,4204,27,3,38.1,114.3
10413,4205,92,5,332.79,1663.95
10414,4205,65,1,127.37,127.37
10415,4205,39,4,284.11,1136.44
10416,4206,12,3,70.96,212.88
10417,4206,86,1,397.74,397.74
10418,4206,72,3,437.04,1311.12
10419,4206,40,4,390.15,1560.6
10420,4207,46,4,306.21,1224.84
10421,4207,4,5,118.42,592.1
10422,4207,70,3,159.99,479.97
10423,4207,56,3,189.05,567.15
10424,4208,81,2,35.95,71.9
10425,4208,6,1,142.79,142.79
10426,4208,65,5,127.37,636.85
10427,4209,6,3,142.79,428.37
10428,4209,2,3,152.12,456.36
10429,4209,67,4,401.38,1605.52
10430,4209,22,5,59.15,295.75
10431,4210,82,3,369.1,1107.3
10432,4210,17,4,339.84,1359.36
10433,4210,71,2,374.06,748.12
10434,4210,2,1,152.12,152.12
10435,4211,46,1,306.21,306.21
10436,4211,46,2,306.21,612.42
10437,4212,57,4,225.85,903.4
10438,4212,4,1,118.42,118.42
10439,4212,8,2,301.86,603.72
10440,4212,39,4,284.11,1136.44
10441,4213,59,4,355.95,1423.8
10442,4214,32,2,108.18,216.36
10443,4214,47,2,45.16,90.32
10444,4214,48,4,424.68,1698.72
10445,4214,83,3,238.96,716.88
10446,4215,21,1,397.21,397.21
10447,4215,24,5,78.21,391.05
10448,4216,12,3,70.96,212.88
10449,4217,77,4,128.87,515.48
10450,4217,73,3,387.14,1161.42
10451,4217,8,1,301.86,301.86
10452,4217,91,4,261.31,1045.24
10453,4218,33,1,384.16,384.16
10454,4219,6,3,142.79,428.37
10455,4219,92,1,332.79,332.79
10456,4220,35,3,410.32,1230.96
10457,4220,14,5,355.43,1777.15
10458,4220,59,3,355.95,1067.85
10459,4221,56,2,189.05,378.1
10460,4222,91,4,261.31,1045.24
10461,4222,83,5,238.96,1194.8
10462,4222,73,2,387.14,774.28
10463,4222,89,4,27.6,110.4
10464,4223,84,4,367.52,1470.08
10465,4223,70,1,159.99,159.99
10466,4224,11,5,453.8,2269.0
10467,4224,4,4,118.42,473.68
10468,4225,63,2,94.39,188.78
10469,4225,22,3,59.15,177.45
10470,4225,37,2,354.37,708.74
10471,4226,90,3,214.08,642.24
10472,4227,26,2,182.69,365.38
10473,4228,24,2,78.21,156.42
10474,4228,17,2,339.84,679.68
10475,4228,13,5,30.46,152.3
10476,4228,10,2,316.11,632.22
10477,4229,30,3,357.25,1071.75
10478,4229,23,2,226.38,452.76
10479,4229,25,2,175.52,351.04
10480,4230,64,5,142.89,714.45
10481,4230,96,5,305.97,1529.85
10482,4231,19,2,180.91,361.82
10483,4231,11,2,453.8,907.6
10484,4231,3,4,372.18,1488.72
10485,4232,86,5,397.74,1988.7
10486,4232,16,1,472.23,472.23
10487,4232,74,2,400.73,801.46
10488,4233,27,5,38.1,190.5
10489,4234,37,4,354.37,1417.48
10490,4234,69,5,57.06,285.3
10491,4234,80,3,451.49,1354.47
10492,4235,84,4,367.52,1470.08
10493,4236,5,5,79.43,397.15
10494,4236,5,1,79.43,79.43
10495,4236,63,4,94.39,377.56
10496,4236,2,5,152.12,760.6
10497,4237,19,4,180.91,723.64
10498,4237,52,3,111.57,334.71
10499,4237,79,3,141.3,423.9
10500,4238,88,5,434.27,2171.35
10501,4238,50,3,497.89,1493.67
10502,4238,73,4,387.14,1548.56
10503,4238,39,5,284.11,1420.55
10504,4239,85,5,492.59,2462.95
10505,4240,54,4,118.02,472.08
10506,4240,89,1,27.6,27.6
10507,4241,15,5,53.94,269.7
10508,4241,56,4,189.05,756.2
10509,4241,80,4,451.49,1805.96
10510,4241,28,5,242.71,1213.55
10511,4242,2,5,152.12,760.6
10512,4242,8,4,301.86,1207.44
10513,4242,52,5,111.57,557.85
10514,4242,21,4,397.21,1588.84
10515,4243,10,1,316.11,316.11
10516,4243,57,2,225.85,451.7
10517,4243,93,5,341.85,1709.25
10518,4244,8,1,301.86,301.86
10519,4245,3,1,372.18,372.18
10520,4246,76,5,426.76,2133.8
10521,4246,39,5,284.11,1420.55
10522,4246,44,5,46.58,232.9
10523,4247,72,1,437.04,437.04
10524,4248,81,3,35.95,107.85
10525,4248,60,1,158.81,158.81
10526,4248,29,2,225.18,450.36
10527,4248,30,5,357.25,1786.25
10528,4249,53,2,493.72,987.44
10529,4249,83,2,238.96,477.92
10530,4250,19,4,180.91,723.64
10531,4250,71,5,374.06,1870.3
10532,4251,34,3,134.4,403.2
10533,4251,87,4,90.21,360.84
10534,4252,3,4,372.18,1488.72
10535,4252,30,3,357.25,1071.75
10536,4253,76,3,426.76,1280.28
10537,4253,25,2,175.52,351.04
10538,4253,16,2,472.23,944.46
10539,4253,33,3,384.16,1152.48
10540,4254,40,5,390.15,1950.75
10541,4254,91,1,261.31,261.31
10542,4255,42,5,408.3,2041.5
10543,4255,89,2,27.6,55.2
10544,4255,8,5,301.86,1509.3
10545,4255,73,5,387.14,1935.7
10546,4256,66,1,379.64,379.64
10547,4256,19,5,180.91,904.55
10548,4256,39,1,284.11,284.11
10549,4256,50,5,497.89,2489.45
10550,4257,12,4,70.96,283.84
10551,4257,52,5,111.57,557.85
10552,4258,41,3,41.31,123.93
10553,4259,77,1,128.87,128.87
10554,4259,62,4,466.1,1864.4
10555,4260,17,2,339.84,679.68
10556,4260,59,2,355.95,711.9
10557,4260,2,3,152.12,456.36
10558,4260,72,2,437.04,874.08
10559,4261,76,5,426.76,2133.8
10560,4261,20,4,86.94,347.76
10561,4262,22,5,59.15,295.75
10562,4262,68,2,32.27,64.54
10563,4262,63,1,94.39,94.39
10564,4262,43,4,22.62,90.48
10565,4263,82,1,369.1,369.1
10566,4264,22,1,59.15,59.15
10567,4264,93,2,341.85,683.7
10568,4264,71,4,374.06,1496.24
10569,4265,29,3,225.18,675.54
10570,4266,26,2,182.69,365.38
10571,4266,86,1,397.74,397.74
10572,4267,50,1,497.89,497.89
10573,4267,63,1,94.39,94.39
10574,4267,89,1,27.6,27.6
10575,4268,92,2,332.79,665.58
10576,4268,10,2,316.11,632.22
10577,4268,45,2,234.82,469.64
10578,4268,29,2,225.18,450.36
10579,4269,11,5,453.8,2269.0
10580,4270,33,3,384.16,1152.48
10581,4270,31,1,169.22,169.22
10582,4270,47,2,45.16,90.32
10583,4270,25,2,175.52,351.04
10584,4271,61,2,359.64,719.28
10585,4272,76,5,426.76,2133.8
10586,4272,46,5,306.21,1531.05
10587,4272,87,4,90.21,360.84
10588,4272,11,1,453.8,453.8
10589,4273,16,5,472.23,2361.15
10590,4273,18,1,45.04,45.04
10591,4273,21,5,397.21,1986.05
10592,4274,76,5,426.76,2133.8
10593,4274,62,5,466.1,2330.5
10594,4275,68,1,32.27,32.27
10595,4275,39,2,284.11,568.22
10596,4275,2,2,152.12,304.24
10597,4275,79,3,141.3,423.9
10598,4276,51,2,185.34,370.68
10599,4276,69,5,57.06,285.3
10600,4276,90,5,214.08,1070.4
10601,4276,62,5,466.1,2330.5
10602,4277,64,3,142.89,428.67
10603,4277,17,1,339.84,339.84
10604,4278,42,5,408.3,2041.5
10605,4279,12,4,70.96,283.84
10606,4279,44,2,46.58,93.16
10607,4279,30,2,357.25,714.5
10608,4280,23,2,226.38,452.76
10609,4280,86,2,397.74,795.48
10610,4280,17,4,339.84,1359.36
10611,4280,44,1,46.58,46.58
10612,4281,67,3,401.38,1204.14
10613,4281,82,4,369.1,1476.4
10614,4281,8,1,301.86,301.86
10615,4281,46,1,306.21,306.21
10616,4282,26,2,182.69,365.38
10617,4282,45,3,234.82,704.46
10618,4283,13,2,30.46,60.92
10619,4283,68,1,32.27,32.27
10620,4283,57,3,225.85,677.55
10621,4283,49,4,495.64,1982.56
10622,4284,71,2,374.06,748.12
10623,4284,64,1,142.89,142.89
10624,4284,30,5,357.25,1786.25
10625,4285,100,5,46.79,233.95
10626,4285,83,3,238.96,716.88
10627,4286,20,3,86.94,260.82
10628,4286,10,2,316.11,632.22
10629,4286,75,5,385.83,1929.15
10630,4287,49,2,495.64,991.28
10631,4287,1,1,29.45,29.45
10632,4287,79,1,141.3,141.3
10633,4288,57,4,225.85,903.4
10634,4289,13,4,30.46,121.84
10635,4289,96,1,305.97,305.97
10636,4289,82,3,369.1,1107.3
10637,4290,1,5,29.45,147.25
10638,4290,28,3,242.71,728.13
10639,4290,98,4,173.14,692.56
10640,4291,86,4,397.74,1590.96
10641,4292,49,2,495.64,991.28
10642,4293,54,4,118.02,472.08
10643,4293,7,1,205.07,205.07
10644,4293,40,1,390.15,390.15
10645,4293,61,4,359.64,1438.56
10646,4294,34,4,134.4,537.6
10647,4294,61,2,359.64,719.28
10648,4294,23,3,226.38,679.14
10649,4295,77,3,128.87,386.61
10650,4296,69,2,57.06,114.12
10651,4296,98,3,173.14,519.42
10652,4297,71,2,374.06,748.12
10653,4297,62,5,466.1,2330.5
10654,4297,87,1,90.21,90.21
10655,4297,96,5,305.97,1529.85
10656,4298,27,4,38.1,152.4
10657,4298,42,2,408.3,816.6
10658,4298,28,3,242.71,728.13
10659,4298,88,2,434.27,868.54
10660,4299,28,3,242.71,728.13
10661,4299,65,1,127.37,127.37
10662,4299,33,2,384.16,768.32
10663,4300,89,4,27.6,110.4
10664,4301,72,5,437.04,2185.2
10665,4302,98,2,173.14,346.28
10666,4302,82,1,369.1,369.1
10667,4303,4,2,118.42,236.84
10668,4304,66,3,379.64,1138.92
10669,4304,12,2,70.96,141.92
10670,4304,99,2,494.94,989.88
10671,4304,56,1,189.05,189.05
10672,4305,88,1,434.27,434.27
10673,4305,45,4,234.82,939.28
10674,4305,34,2,134.4,268.8
10675,4306,54,1,118.02,118.02
10676,4307,45,5,234.82,1174.1
10677,4307,80,5,451.49,2257.45
10678,4307,34,2,134.4,268.8
10679,4308,44,3,46.58,139.74
10680,4308,6,3,142.79,428.37
10681,4308,98,1,173.14,173.14
10682,4308,61,1,359.64,359.64
10683,4309,79,4,141.3,565.2
10684,4310,61,3,359.64,1078.92
10685,4310,48,1,424.68,424.68
10686,4310,69,2,57.06,114.12
10687,4311,22,3,59.15,177.45
10688,4311,65,5,127.37,636.85
10689,4311,47,4,45.16,180.64
10690,4311,1,1,29.45,29.45
10691,4312,93,2,341.85,683.7
10692,4312,61,2,359.64,719.28
10693,4312,96,5,305.97,1529.85
10694,4313,13,4,30.46,121.84
10695,4313,19,4,180.91,723.64
10696,4313,15,4,53.94,215.76
10697,4313,42,3,408.3,1224.9
10698,4314,79,5,141.3,706.5
10699,4315,67,5,401.38,2006.9
10700,4316,8,3,301.86,905.58
10701,4316,78,2,270.01,540.02
10702,4316,20,4,86.94,347.76
10703,4317,57,5,225.85,1129.25
10704,4318,63,4,94.39,377.56
10705,4319,59,5,355.95,1779.75
10706,4320,63,1,94.39,94.39
10707,4321,84,1,367.52,367.52
10708,4321,73,4,387.14,1548.56
10709,4321,52,4,111.57,446.28
10710,4321,7,3,205.07,615.21
10711,4322,28,4,242.71,970.84
10712,4322,66,5,379.64,1898.2
10713,4322,14,3,355.43,1066.29
10714,4322,4,2,118.42,236.84
10715,4323,73,1,387.14,387.14
10716,4323,24,3,78.21,234.63
10717,4323,61,3,359.64,1078.92
10718,4324,92,2,332.79,665.58
10719,4325,41,2,41.31,82.62
10720,4325,31,5,169.22,846.1
10721,4325,27,3,38.1,114.3
10722,4326,39,1,284.11,284.11
10723,4327,61,5,359.64,1798.2
10724,4328,95,2,221.84,443.68
10725,4328,45,1,234.82,234.82
10726,4329,2,4,152.12,608.48
10727,4330,21,5,397.21,1986.05
10728,4330,35,4,410.32,1641.28
10729,4331,63,3,94.39,283.17
10730,4331,100,5,46.79,233.95
10731,4332,11,5,453.8,2269.0
10732,4333,16,4,472.23,1888.92
10733,4333,33,4,384.16,1536.64
10734,4333,74,5,400.73,2003.65
10735,4334,89,3,27.6,82.8
10736,4334,61,3,359.64,1078.92
10737,4335,3,4,372.18,1488.72
10738,4335,68,3,32.27,96.81
10739,4335,71,2,374.06,748.12
10740,4336,64,3,142.89,428.67
10741,4336,40,4,390.15,1560.6
10742,4336,29,4,225.18,900.72
10743,4336,12,3,70.96,212.88
10744,4337,94,3,241.54,724.62
10745,4337,17,1,339.84,339.84
10746,4338,40,4,390.15,1560.6
10747,4338,1,5,29.45,147.25
10748,4339,79,5,141.3,706.5
10749,4340,63,5,94.39,471.95
10750,4340,91,3,261.31,783.93
10751,4341,50,5,497.89,2489.45
10752,4341,18,2,45.04,90.08
10753,4341,11,1,453.8,453.8
10754,4342,52,3,111.57,334.71
10755,4342,76,4,426.76,1707.04
10756,4342,19,3,180.91,542.73
10757,4342,40,2,390.15,780.3
10758,4343,86,1,397.74,397.74
10759,4344,69,1,57.06,57.06
10760,4344,74,1,400.73,400.73
10761,4344,49,3,495.64,1486.92
10762,4344,13,3,30.46,91.38
10763,4345,92,3,332.79,998.37
10764,4346,33,4,384.16,1536.64
10765,4346,81,2,35.95,71.9
10766,4346,47,5,45.16,225.8
10767,4346,100,4,46.79,187.16
10768,4347,82,4,369.1,1476.4
10769,4347,26,4,182.69,730.76
10770,4347,64,3,142.89,428.67
10771,4347,35,1,410.32,410.32
10772,4348,44,1,46.58,46.58
10773,4348,57,2,225.85,451.7
10774,4348,46,4,306.21,1224.84
10775,4349,70,2,159.99,319.98
10776,4349,55,5,329.8,1649.0
10777,4349,30,4,357.25,1429.0
10778,4349,71,1,374.06,374.06
10779,4350,16,1,472.23,472.23
10780,4350,51,4,185.34,741.36
10781,4351,25,1,175.52,175.52
10782,4351,91,5,261.31,1306.55
10783,4352,96,2,305.97,611.94
10784,4352,77,5,128.87,644.35
10785,4352,63,1,94.39,94.39
10786,4353,8,4,301.86,1207.44
10787,4353,42,3,408.3,1224.9
10788,4354,53,4,493.72,1974.88
10789,4354,19,3,180.91,542.73
10790,4354,15,3,53.94,161.82
10791,4354,73,1,387.14,387.14
10792,4355,84,3,367.52,1102.56
10793,4355,39,4,284.11,1136.44
10794,4356,61,1,359.64,359.64
10795,4357,86,3,397.74,1193.22
10796,4357,45,1,234.82,234.82
10797,4358,90,4,214.08,856.32
10798,4359,26,1,182.69,182.69
10799,4360,96,3,305.97,917.91
10800,4360,34,4,134.4,537.6
10801,4361,74,1,400.73,400.73
10802,4361,75,2,385.83,771.66
10803,4361,91,3,261.31,783.93
10804,4362,75,1,385.83,385.83
10805,4363,97,5,384.42,1922.1
10806,4364,61,1,359.64,359.64
10807,4364,75,3,385.83,1157.49
10808,4364,82,4,369.1,1476.4
10809,4365,67,4,401.38,1605.52
10810,4365,23,5,226.38,1131.9
10811,4365,30,5,357.25,1786.25
10812,4365,47,1,45.16,45.16
10813,4366,99,5,494.94,2474.7
10814,4366,30,1,357.25,357.25
10815,4367,37,1,354.37,354.37
10816,4367,44,1,46.58,46.58
10817,4367,100,3,46.79,140.37
10818,4367,80,4,451.49,1805.96
10819,4368,100,3,46.79,140.37
10820,4369,84,2,367.52,735.04
10821,4369,84,4,367.52,1470.08
10822,4369,9,1,78.57,78.57
10823,4369,48,4,424.68,1698.72
10824,4370,52,3,111.57,334.71
10825,4370,26,5,182.69,913.45
10826,4370,27,5,38.1,190.5
10827,4370,34,5,134.4,672.0
10828,4371,17,5,339.84,1699.2
10829,4371,19,4,180.91,723.64
10830,4372,99,2,494.94,989.88
10831,4373,23,4,226.38,905.52
10832,4373,28,1,242.71,242.71
10833,4373,10,5,316.11,1580.55
10834,4374,39,3,284.11,852.33
10835,4374,56,3,189.05,567.15
10836,4374,77,5,128.87,644.35
10837,4375,32,5,108.18,540.9
10838,4375,67,4,401.38,1605.52
10839,4376,4,3,118.42,355.26
10840,4376,3,4,372.18,1488.72
10841,4377,80,1,451.49,451.49
10842,4377,87,4,90.21,360.84
10843,4378,32,1,108.18,108.18
10844,4378,52,4,111.57,446.28
10845,4378,82,3,369.1,1107.3
10846,4379,68,2,32.27,64.54
10847,4380,1,2,29.45,58.9
10848,4380,11,1,453.8,453.8
10849,4380,37,4,354.37,1417.48
10850,4381,77,3,128.87,386.61
10851,4381,10,4,316.11,1264.44
10852,4381,63,1,94.39,94.39
10853,4382,17,4,339.84,1359.36
10854,4382,48,5,424.68,2123.4
10855,4383,16,4,472.23,1888.92
10856,4384,62,3,466.1,1398.3
10857,4385,33,1,384.16,384.16
10858,4385,85,2,492.59,985.18
10859,4385,84,5,367.52,1837.6
10860,4386,40,1,390.15,390.15
10861,4386,5,4,79.43,317.72
10862,4387,73,2,387.14,774.28
10863,4387,87,5,90.21,451.05
10864,4388,84,5,367.52,1837.6
10865,4388,20,1,86.94,86.94
10866,4388,55,3,329.8,989.4
10867,4388,55,4,329.8,1319.2
10868,4389,18,5,45.04,225.2
10869,4389,52,5,111.57,557.85
10870,4389,90,5,214.08,1070.4
10871,4389,72,2,437.04,874.08
10872,4390,64,3,142.89,428.67
10873,4391,94,5,241.54,1207.7
10874,4392,65,3,127.37,382.11
10875,4392,28,2,242.71,485.42
10876,4392,78,5,270.01,1350.05
10877,4392,9,2,78.57,157.14
10878,4393,88,2,434.27,868.54
10879,4393,76,3,426.76,1280.28
10880,4393,3,4,372.18,1488.72
10881,4394,70,4,159.99,639.96
10882,4394,62,5,466.1,2330.5
10883,4395,91,2,261.31,522.62
10884,4395,23,5,226.38,1131.9
10885,4395,68,5,32.27,161.35
10886,4396,6,2,142.79,285.58
10887,4396,92,1,332.79,332.79
10888,4396,27,5,38.1,190.5
10889,4396,100,3,46.79,140.37
10890,4397,12,1,70.96,70.96
10891,4397,7,4,205.07,820.28
10892,4398,28,2,242.71,485.42
10893,4398,73,1,387.14,387.14
10894,4398,39,3,284.11,852.33
10895,4399,93,2,341.85,683.7
10896,4399,56,2,189.05,378.1
10897,4399,53,2,493.72,987.44
10898,4400,40,3,390.15,1170.45
10899,4400,88,1,434.27,434.27
10900,4400,95,1,221.84,221.84
10901,4400,15,4,53.94,215.76
10902,4401,8,1,301.86,301.86
10903,4402,72,1,437.04,437.04
10904,4402,10,3,316.11,948.33
10905,4402,67,4,401.38,1605.52
10906,4403,95,2,221.84,443.68
10907,4404,83,2,238.96,477.92
10908,4405,92,3,332.79,998.37
10909,4405,70,2,159.99,319.98
10910,4405,17,1,339.84,339.84
10911,4406,13,4,30.46,121.84
10912,4407,96,2,305.97,611.94
10913,4407,86,3,397.74,1193.22
10914,4408,99,1,494.94,494.94
10915,4408,95,3,221.84,665.52
10916,4408,31,3,169.22,507.66
10917,4408,55,2,329.8,659.6
10918,4409,9,1,78.57,78.57
10919,4409,27,3,38.1,114.3
10920,4410,76,2,426.76,853.52
10921,4410,12,1,70.96,70.96
10922,4410,30,3,357.25,1071.75
10923,4411,18,5,45.04,225.2
10924,4411,54,5,118.02,590.1
10925,4412,73,3,387.14,1161.42
10926,4413,91,4,261.31,1045.24
10927,4413,3,4,372.18,1488.72
10928,4414,65,4,127.37,509.48
10929,4415,94,3,241.54,724.62
10930,4415,83,1,238.96,238.96
10931,4416,18,5,45.04,225.2
10932,4416,26,5,182.69,913.45
10933,4417,64,4,142.89,571.56
10934,4417,91,1,261.31,261.31
10935,4418,41,1,41.31,41.31
10936,4418,33,3,384.16,1152.48
10937,4418,98,3,173.14,519.42
10938,4419,64,3,142.89,428.67
10939,4419,32,5,108.18,540.9
10940,4419,4,1,118.42,118.42
10941,4420,67,2,401.38,802.76
10942,4420,8,2,301.86,603.72
10943,4421,20,1,86.94,86.94
10944,4422,21,1,397.21,397.21
10945,4422,77,5,128.87,644.35
10946,4423,17,3,339.84,1019.52
10947,4423,25,5,175.52,877.6
10948,4423,98,4,173.14,692.56
10949,4423,9,4,78.57,314.28
10950,4424,73,4,387.14,1548.56
10951,4424,17,2,339.84,679.68
10952,4424,77,5,128.87,644.35
10953,4425,1,1,29.45,29.45
10954,4426,73,3,387.14,1161.42
10955,4426,42,1,408.3,408.3
10956,4426,5,4,79.43,317.72
10957,4426,32,5,108.18,540.9
10958,4427,16,3,472.23,1416.69
10959,4427,81,5,35.95,179.75
10960,4427,16,3,472.23,1416.69
10961,4427,16,2,472.23,944.46
10962,4428,49,1,495.64,495.64
10963,4428,95,5,221.84,1109.2
10964,4428,79,4,141.3,565.2
10965,4428,96,5,305.97,1529.85
10966,4429,49,5,495.64,2478.2
10967,4430,19,5,180.91,904.55
10968,4430,25,1,175.52,175.52
10969,4430,87,1,90.21,90.21
10970,4431,9,1,78.57,78.57
10971,4431,89,5,27.6,138.0
10972,4431,2,1,152.12,152.12
10973,4432,84,2,367.52,735.04
10974,4432,64,3,142.89,428.67
10975,4432,90,3,214.08,642.24
10976,4432,26,3,182.69,548.07
10977,4433,96,2,305.97,611.94
10978,4433,78,3,270.01,810.03
10979,4433,2,2,152.12,304.24
10980,4434,75,2,385.83,771.66
10981,4435,66,1,379.64,379.64
10982,4435,60,4,158.81,635.24
10983,4436,98,3,173.14,519.42
10984,4437,79,4,141.3,565.2
10985,4437,8,5,301.86,1509.3
10986,4438,10,4,316.11,1264.44
10987,4438,97,1,384.42,384.42
10988,4439,44,1,46.58,46.58
10989,4440,61,3,359.64,1078.92
10990,4440,66,3,379.64,1138.92
10991,4440,86,4,397.74,1590.96
10992,4441,76,2,426.76,853.52
10993,4441,40,3,390.15,1170.45
10994,4442,38,1,317.16,317.16
10995,4442,12,1,70.96,70.96
10996,4442,97,5,384.42,1922.1
10997,4443,43,5,22.62,113.1
10998,4443,40,1,390.15,390.15
10999,4444,11,4,453.8,1815.2
11000,4444,42,3,408.3,1224.9
11001,4444,95,4,221.84,887.36
11002,4444,68,4,32.27,129.08
11003,4445,83,4,238.96,955.84
11004,4445,93,1,341.85,341.85
11005,4445,63,4,94.39,377.56
11006,4445,8,4,301.86,1207.44
11007,4446,61,3,359.64,1078.92
11008,4447,1,1,29.45,29.45
11009,4447,21,2,397.21,794.42
11010,4448,79,5,141.3,706.5
11011,4448,63,2,94.39,188.78
11012,4448,87,1,90.21,90.21
11013,4448,22,1,59.15,59.15
11014,4449,18,4,45.04,180.16
11015,4450,55,5,329.8,1649.0
11016,4450,81,5,35.95,179.75
11017,4451,83,2,238.96,477.92
11018,4451,36,2,50.25,100.5
11019,4452,52,4,111.57,446.28
11020,4453,60,5,158.81,794.05
11021,4453,65,3,127.37,382.11
11022,4453,60,1,158.81,158.81
11023,4454,95,4,221.84,887.36
11024,4454,33,4,384.16,1536.64
11025,4454,74,3,400.73,1202.19
11026,4455,24,2,78.21,156.42
11027,4455,7,5,205.07,1025.35
11028,4455,16,4,472.23,1888.92
11029,4455,74,5,400.73,2003.65
11030,4456,72,1,437.04,437.04
11031,4456,57,2,225.85,451.7
11032,4456,16,3,472.23,1416.69
11033,4457,57,1,225.85,225.85
11034,4457,68,2,32.27,64.54
11035,4457,2,2,152.12,304.24
11036,4458,30,5,357.25,1786.25
11037,4458,14,2,355.43,710.86
11038,4458,23,1,226.38,226.38
11039,4458,9,5,78.57,392.85
11040,4459,69,3,57.06,171.18
11041,4459,75,5,385.83,1929.15
11042,4459,9,4,78.57,314.28
11043,4459,90,3,214.08,642.24
11044,4460,65,4,127.37,509.48
11045,4460,67,1,401.38,401.38
11046,4460,71,3,374.06,1122.18
11047,4461,47,1,45.16,45.16
11048,4461,4,3,118.42,355.26
11049,4461,47,1,45.16,45.16
11050,4461,14,3,355.43,1066.29
11051,4462,57,3,225.85,677.55
11052,4462,70,5,159.99,799.95
11053,4463,93,3,341.85,1025.55
11054,4463,26,3,182.69,548.07
11055,4463,71,3,374.06,1122.18
11056,4464,24,5,78.21,391.05
11057,4464,46,3,306.21,918.63
11058,4464,18,4,45.04,180.16
11059,4465,13,4,30.46,121.84
11060,4465,82,2,369.1,738.2
11061,4465,92,3,332.79,998.37
11062,4466,51,4,185.34,741.36
11063,4466,57,4,225.85,903.4
11064,4466,87,1,90.21,90.21
11065,4467,47,1,45.16,45.16
11066,4467,8,2,301.86,603.72
11067,4468,65,5,127.37,636.85
11068,4469,4,4,118.42,473.68
11069,4470,52,2,111.57,223.14
11070,4470,52,2,111.57,223.14
11071,4471,84,3,367.52,1102.56
11072,4471,92,5,332.79,1663.95
11073,4471,78,3,270.01,810.03
11074,4471,66,3,379.64,1138.92
11075,4472,43,2,22.62,45.24
11076,4472,66,5,379.64,1898.2
11077,4473,59,3,355.95,1067.85
11078,4474,5,2,79.43,158.86
11079,4474,71,3,374.06,1122.18
11080,4475,68,1,32.27,32.27
11081,4475,16,2,472.23,944.46
11082,4476,48,5,424.68,2123.4
11083,4477,72,4,437.04,1748.16
11084,4477,6,5,142.79,713.95
11085,4477,56,2,189.05,378.1
11086,4477,52,1,111.57,111.57
11087,4478,60,3,158.81,476.43
11088,4478,43,2,22.62,45.24
11089,4478,42,4,408.3,1633.2
11090,4478,43,5,22.62,113.1
11091,4479,4,2,118.42,236.84
11092,4479,36,2,50.25,100.5
11093,4479,99,1,494.94,494.94
11094,4480,30,4,357.25,1429.0
11095,4480,57,4,225.85,903.4
11096,4481,98,1,173.14,173.14
11097,4481,96,3,305.97,917.91
11098,4481,80,5,451.49,2257.45
11099,4481,55,5,329.8,1649.0
11100,4482,82,4,369.1,1476.4
11101,4482,27,1,38.1,38.1
11102,4483,63,5,94.39,471.95
11103,4484,98,5,173.14,865.7
11104,4484,88,2,434.27,868.54
11105,4484,18,5,45.04,225.2
11106,4484,72,2,437.04,874.08
11107,4485,1,3,29.45,88.35
11108,4485,80,4,451.49,1805.96
11109,4485,69,5,57.06,285.3
11110,4486,96,2,305.97,611.94
11111,4487,83,2,238.96,477.92
11112,4487,55,4,329.8,1319.2
11113,4487,18,4,45.04,180.16
11114,4487,15,3,53.94,161.82
11115,4488,90,2,214.08,428.16
11116,4489,74,4,400.73,1602.92
11117,4489,80,2,451.49,902.98
11118,4489,31,2,169.22,338.44
11119,4490,84,4,367.52,1470.08
11120,4491,66,4,379.64,1518.56
11121,4491,38,3,317.16,951.48
11122,4491,100,3,46.79,140.37
11123,4492,54,2,118.02,236.04
11124,4492,41,1,41.31,41.31
11125,4492,82,2,369.1,738.2
11126,4493,81,1,35.95,35.95
11127,4494,49,4,495.64,1982.56
11128,4495,79,1,141.3,141.3
11129,4495,95,2,221.84,443.68
11130,4495,89,3,27.6,82.8
11131,4495,46,4,306.21,1224.84
11132,4496,70,5,159.99,799.95
11133,4496,78,2,270.01,540.02
11134,4497,92,4,332.79,1331.16
11135,4497,57,5,225.85,1129.25
11136,4498,86,4,397.74,1590.96
11137,4498,48,3,424.68,1274.04
11138,4499,56,3,189.05,567.15
11139,4499,28,5,242.71,1213.55
11140,4500,20,5,86.94,434.7
11141,4500,1,3,29.45,88.35
11142,4500,26,3,182.69,548.07
11143,4500,15,1,53.94,53.94
11144,4501,47,1,45.16,45.16
11145,4501,35,2,410.32,820.64
11146,4502,43,3,22.62,67.86
11147,4502,75,3,385.83,1157.49
11148,4502,99,1,494.94,494.94
11149,4502,31,3,169.22,507.66
11150,4503,20,3,86.94,260.82
11151,4503,16,2,472.23,944.46
11152,4503,56,4,189.05,756.2
11153,4503,30,4,357.25,1429.0
11154,4504,27,2,38.1,76.2
11155,4504,53,2,493.72,987.44
11156,4504,72,2,437.04,874.08
11157,4504,62,4,466.1,1864.4
11158,4505,87,5,90.21,451.05
11159,4505,44,2,46.58,93.16
11160,4505,2,5,152.12,760.6
11161,4505,100,2,46.79,93.58
11162,4506,17,4,339.84,1359.36
11163,4506,20,1,86.94,86.94
11164,4506,22,1,59.15,59.15
11165,4506,69,3,57.06,171.18
11166,4507,87,1,90.21,90.21
11167,4507,69,5,57.06,285.3
11168,4507,98,5,173.14,865.7
11169,4508,10,1,316.11,316.11
11170,4508,17,2,339.84,679.68
11171,4509,50,5,497.89,2489.45
11172,4509,30,3,357.25,1071.75
11173,4509,28,5,242.71,1213.55
11174,4509,10,5,316.11,1580.55
11175,4510,59,1,355.95,355.95
11176,4511,9,3,78.57,235.71
11177,4512,73,4,387.14,1548.56
11178,4512,38,4,317.16,1268.64
11179,4512,44,2,46.58,93.16
11180,4512,62,2,466.1,932.2
11181,4513,74,2,400.73,801.46
11182,4514,80,4,451.49,1805.96
11183,4514,74,2,400.73,801.46
11184,4514,56,4,189.05,756.2
11185,4514,53,5,493.72,2468.6
11186,4515,46,5,306.21,1531.05
11187,4515,55,1,329.8,329.8
11188,4515,9,2,78.57,157.14
11189,4515,69,4,57.06,228.24
11190,4516,34,3,134.4,403.2
11191,4517,83,3,238.96,716.88
11192,4517,64,1,142.89,142.89
11193,4517,8,2,301.86,603.72
11194,4518,44,1,46.58,46.58
11195,4518,97,3,384.42,1153.26
11196,4519,47,1,45.16,45.16
11197,4520,64,1,142.89,142.89
11198,4521,86,4,397.74,1590.96
11199,4522,49,2,495.64,991.28
11200,4522,97,1,384.42,384.42
11201,4522,29,5,225.18,1125.9
11202,4522,61,1,359.64,359.64
11203,4523,2,2,152.12,304.24
11204,4523,68,5,32.27,161.35
11205,4523,75,2,385.83,771.66
11206,4523,32,3,108.18,324.54
11207,4524,8,5,301.86,1509.3
11208,4524,8,2,301.86,603.72
11209,4525,49,5,495.64,2478.2
11210,4526,51,4,185.34,741.36
11211,4526,4,3,118.42,355.26
11212,4526,69,5,57.06,285.3
11213,4526,31,2,169.22,338.44
11214,4527,70,2,159.99,319.98
11215,4527,55,4,329.8,1319.2
11216,4527,3,4,372.18,1488.72
11217,4527,96,5,305.97,1529.85
11218,4528,25,1,175.52,175.52
11219,4528,89,4,27.6,110.4
11220,4529,54,5,118.02,590.1
11221,4530,83,5,238.96,1194.8
11222,4531,56,2,189.05,378.1
11223,4531,85,1,492.59,492.59
11224,4532,87,1,90.21,90.21
11225,4532,30,3,357.25,1071.75
11226,4533,95,1,221.84,221.84
11227,4533,96,3,305.97,917.91
11228,4533,28,1,242.71,242.71
11229,4533,42,1,408.3,408.3
11230,4534,56,3,189.05,567.15
11231,4534,95,3,221.84,665.52
11232,4534,54,2,118.02,236.04
11233,4535,10,5,316.11,1580.55
11234,4535,2,2,152.12,304.24
11235,4536,82,2,369.1,738.2
11236,4536,54,3,118.02,354.06
11237,4536,39,1,284.11,284.11
11238,4536,76,2,426.76,853.52
11239,4537,74,2,400.73,801.46
11240,4537,20,3,86.94,260.82
11241,4537,20,3,86.94,260.82
11242,4538,54,5,118.02,590.1
11243,4538,96,5,305.97,1529.85
11244,4538,31,2,169.22,338.44
11245,4539,17,5,339.84,1699.2
11246,4539,73,2,387.14,774.28
11247,4540,48,1,424.68,424.68
11248,4540,30,5,357.25,1786.25
11249,4540,56,1,189.05,189.05
11250,4541,23,5,226.38,1131.9
11251,4541,3,3,372.18,1116.54
11252,4541,37,2,354.37,708.74
11253,4542,54,1,118.02,118.02
11254,4542,89,1,27.6,27.6
11255,4543,63,5,94.39,471.95
11256,4544,79,2,141.3,282.6
11257,4544,92,2,332.79,665.58
11258,4544,10,3,316.11,948.33
11259,4544,54,5,118.02,590.1
11260,4545,60,3,158.81,476.43
11261,4545,71,3,374.06,1122.18
11262,4546,94,3,241.54,724.62
11263,4546,37,2,354.37,708.74
11264,4546,14,4,355.43,1421.72
11265,4547,36,1,50.25,50.25
11266,4547,100,4,46.79,187.16
11267,4547,48,3,424.68,1274.04
11268,4547,63,5,94.39,471.95
11269,4548,45,5,234.82,1174.1
11270,4548,16,2,472.23,944.46
11271,4549,2,3,152.12,456.36
11272,4550,25,5,175.52,877.6
11273,4550,31,5,169.22,846.1
11274,4550,14,5,355.43,1777.15
11275,4550,7,4,205.07,820.28
11276,4551,76,1,426.76,426.76
11277,4551,88,5,434.27,2171.35
11278,4552,94,1,241.54,241.54
11279,4552,79,4,141.3,565.2
11280,4552,84,1,367.52,367.52
11281,4553,80,4,451.49,1805.96
11282,4553,83,1,238.96,238.96
11283,4553,25,1,175.52,175.52
11284,4554,15,5,53.94,269.7
11285,4555,48,2,424.68,849.36
11286,4555,71,2,374.06,748.12
11287,4556,67,4,401.38,1605.52
11288,4556,59,1,355.95,355.95
11289,4556,95,3,221.84,665.52
11290,4556,2,5,152.12,760.6
11291,4557,82,4,369.1,1476.4
11292,4557,42,2,408.3,816.6
11293,4557,59,3,355.95,1067.85
11294,4557,87,2,90.21,180.42
11295,4558,80,1,451.49,451.49
11296,4558,76,3,426.76,1280.28
11297,4559,30,1,357.25,357.25
11298,4559,88,4,434.27,1737.08
11299,4559,68,1,32.27,32.27
11300,4560,19,4,180.91,723.64
11301,4560,8,3,301.86,905.58
11302,4560,100,2,46.79,93.58
11303,4560,52,5,111.57,557.85
11304,4561,65,5,127.37,636.85
11305,4561,51,2,185.34,370.68
11306,4561,45,4,234.82,939.28
11307,4561,25,3,175.52,526.56
11308,4562,31,3,169.22,507.66
11309,4562,32,3,108.18,324.54
11310,4562,100,5,46.79,233.95
11311,4562,98,3,173.14,519.42
11312,4563,38,4,317.16,1268.64
11313,4563,13,2,30.46,60.92
11314,4563,54,5,118.02,590.1
11315,4564,58,4,20.84,83.36
11316,4565,36,5,50.25,251.25
11317,4565,57,2,225.85,451.7
11318,4565,34,3,134.4,403.2
11319,4565,68,3,32.27,96.81
11320,4566,63,5,94.39,471.95
11321,4566,71,2,374.06,748.12
11322,4566,55,4,329.8,1319.2
11323,4567,65,2,127.37,254.74
11324,4567,29,3,225.18,675.54
11325,4567,89,5,27.6,138.0
11326,4568,65,4,127.37,509.48
11327,4568,12,2,70.96,141.92
11328,4568,32,5,108.18,540.9
11329,4568,70,5,159.99,799.95
11330,4569,45,1,234.82,234.82
11331,4569,84,5,367.52,1837.6
11332,4569,39,3,284.11,852.33
11333,4569,38,1,317.16,317.16
11334,4570,34,5,134.4,672.0
11335,4570,72,5,437.04,2185.2
11336,4571,87,3,90.21,270.63
11337,4571,90,5,214.08,1070.4
11338,4571,92,1,332.79,332.79
11339,4571,79,2,141.3,282.6
11340,4572,90,1,214.08,214.08
11341,4572,10,1,316.11,316.11
11342,4572,36,3,50.25,150.75
11343,4573,51,4,185.34,741.36
11344,4573,54,5,118.02,590.1
11345,4573,77,5,128.87,644.35
11346,4574,12,4,70.96,283.84
11347,4574,70,4,159.99,639.96
11348,4575,25,2,175.52,351.04
11349,4575,45,2,234.82,469.64
11350,4575,45,2,234.82,469.64
11351,4575,6,3,142.79,428.37
11352,4576,9,4,78.57,314.28
11353,4577,29,4,225.18,900.72
11354,4577,100,4,46.79,187.16
11355,4577,74,3,400.73,1202.19
11356,4577,97,2,384.42,768.84
11357,4578,48,5,424.68,2123.4
11358,4578,46,5,306.21,1531.05
11359,4578,11,2,453.8,907.6
11360,4579,7,3,205.07,615.21
11361,4579,44,3,46.58,139.74
11362,4579,55,4,329.8,1319.2
11363,4580,89,4,27.6,110.4
11364,4580,83,4,238.96,955.84
11365,4581,22,4,59.15,236.6
11366,4581,95,1,221.84,221.84
11367,4582,52,1,111.57,111.57
11368,4582,60,4,158.81,635.24
11369,4582,15,5,53.94,269.7
11370,4583,98,2,173.14,346.28
11371,4583,85,3,492.59,1477.77
11372,4584,37,5,354.37,1771.85
11373,4584,97,2,384.42,768.84
11374,4584,65,3,127.37,382.11
11375,4585,69,4,57.06,228.24
11376,4585,40,5,390.15,1950.75
11377,4586,86,1,397.74,397.74
11378,4586,11,2,453.8,907.6
11379,4586,38,1,317.16,317.16
11380,4586,23,1,226.38,226.38
11381,4587,9,3,78.57,235.71
11382,4587,41,5,41.31,206.55
11383,4588,5,3,79.43,238.29
11384,4588,65,2,127.37,254.74
11385,4589,51,5,185.34,926.7
11386,4589,33,2,384.16,768.32
11387,4589,56,5,189.05,945.25
11388,4589,7,3,205.07,615.21
11389,4590,72,5,437.04,2185.2
11390,4590,67,1,401.38,401.38
11391,4591,55,3,329.8,989.4
11392,4591,49,3,495.64,1486.92
11393,4592,48,2,424.68,849.36
11394,4593,28,3,242.71,728.13
11395,4593,41,4,41.31,165.24
11396,4593,48,4,424.68,1698.72
11397,4594,43,1,22.62,22.62
11398,4595,73,5,387.14,1935.7
11399,4595,99,5,494.94,2474.7
11400,4596,92,4,332.79,1331.16
11401,4597,16,2,472.23,944.46
11402,4597,96,5,305.97,1529.85
11403,4597,14,1,355.43,355.43
11404,4597,51,5,185.34,926.7
11405,4598,99,5,494.94,2474.7
11406,4598,43,4,22.62,90.48
11407,4598,75,1,385.83,385.83
11408,4599,70,3,159.99,479.97
11409,4599,36,4,50.25,201.0
11410,4600,56,2,189.05,378.1
11411,4600,29,4,225.18,900.72
11412,4601,97,1,384.42,384.42
11413,4601,37,2,354.37,708.74
11414,4601,3,4,372.18,1488.72
11415,4601,75,3,385.83,1157.49
11416,4602,20,5,86.94,434.7
11417,4603,6,3,142.79,428.37
11418,4603,80,4,451.49,1805.96
11419,4604,91,5,261.31,1306.55
11420,4604,86,3,397.74,1193.22
11421,4604,24,1,78.21,78.21
11422,4604,75,4,385.83,1543.32
11423,4605,58,4,20.84,83.36
11424,4606,93,1,341.85,341.85
11425,4606,83,5,238.96,1194.8
11426,4607,90,1,214.08,214.08
11427,4607,31,5,169.22,846.1
11428,4608,74,3,400.73,1202.19
11429,4608,93,1,341.85,341.85
11430,4609,24,2,78.21,156.42
11431,4609,69,4,57.06,228.24
11432,4610,100,5,46.79,233.95
11433,4610,46,5,306.21,1531.05
11434,4611,91,3,261.31,783.93
11435,4612,7,2,205.07,410.14
11436,4612,58,3,20.84,62.52
11437,4612,98,3,173.14,519.42
11438,4612,93,3,341.85,1025.55
11439,4613,48,3,424.68,1274.04
11440,4613,92,2,332.79,665.58
11441,4613,100,2,46.79,93.58
11442,4613,7,1,205.07,205.07
11443,4614,26,4,182.69,730.76
11444,4615,27,4,38.1,152.4
11445,4615,5,4,79.43,317.72
11446,4615,11,1,453.8,453.8
11447,4615,11,4,453.8,1815.2
11448,4616,60,4,158.81,635.24
11449,4616,12,3,70.96,212.88
11450,4616,2,4,152.12,608.48
11451,4616,8,1,301.86,301.86
11452,4617,24,1,78.21,78.21
11453,4618,46,5,306.21,1531.05
11454,4619,91,4,261.31,1045.24
11455,4619,15,1,53.94,53.94
11456,4619,46,3,306.21,918.63
11457,4620,67,4,401.38,1605.52
11458,4620,75,3,385.83,1157.49
11459,4621,59,2,355.95,711.9
11460,4621,99,5,494.94,2474.7
11461,4621,98,1,173.14,173.14
11462,4622,83,3,238.96,716.88
11463,4622,2,3,152.12,456.36
11464,4622,83,4,238.96,955.84
11465,4622,8,5,301.86,1509.3
11466,4623,80,1,451.49,451.49
11467,4623,6,3,142.79,428.37
11468,4623,17,5,339.84,1699.2
11469,4623,47,1,45.16,45.16
11470,4624,1,1,29.45,29.45
11471,4624,46,2,306.21,612.42
11472,4625,70,4,159.99,639.96
11473,4625,62,4,466.1,1864.4
11474,4625,76,4,426.76,1707.04
11475,4626,54,2,118.02,236.04
11476,4626,7,1,205.07,205.07
11477,4627,26,4,182.69,730.76
11478,4627,12,4,70.96,283.84
11479,4627,11,5,453.8,2269.0
11480,4627,87,4,90.21,360.84
11481,4628,31,1,169.22,169.22
11482,4628,4,5,118.42,592.1
11483,4628,42,3,408.3,1224.9
11484,4629,16,1,472.23,472.23
11485,4630,41,1,41.31,41.31
11486,4630,37,4,354.37,1417.48
11487,4630,90,3,214.08,642.24
11488,4630,15,2,53.94,107.88
11489,4631,74,1,400.73,400.73
11490,4631,4,1,118.42,118.42
11491,4631,63,3,94.39,283.17
11492,4631,52,3,111.57,334.71
11493,4632,19,5,180.91,904.55
11494,4632,85,1,492.59,492.59
11495,4633,66,1,379.64,379.64
11496,4633,67,2,401.38,802.76
11497,4633,37,1,354.37,354.37
11498,4633,99,4,494.94,1979.76
11499,4634,28,4,242.71,970.84
11500,4634,91,3,261.31,783.93
11501,4634,4,3,118.42,355.26
11502,4634,56,3,189.05,567.15
11503,4635,26,3,182.69,548.07
11504,4636,69,2,57.06,114.12
11505,4637,58,5,20.84,104.2
11506,4637,63,4,94.39,377.56
11507,4638,93,3,341.85,1025.55
11508,4638,51,2,185.34,370.68
11509,4639,70,3,159.99,479.97
11510,4639,43,3,22.62,67.86
11511,4640,34,3,134.4,403.2
11512,4641,94,4,241.54,966.16
11513,4641,11,4,453.8,1815.2
11514,4641,3,4,372.18,1488.72
11515,4642,25,3,175.52,526.56
11516,4642,21,5,397.21,1986.05
11517,4642,48,3,424.68,1274.04
11518,4643,52,3,111.57,334.71
11519,4643,22,2,59.15,118.3
11520,4643,79,2,141.3,282.6
11521,4643,33,2,384.16,768.32
11522,4644,78,5,270.01,1350.05
11523,4644,52,2,111.57,223.14
11524,4645,82,1,369.1,369.1
11525,4646,8,1,301.86,301.86
11526,4646,11,1,453.8,453.8
11527,4646,96,3,305.97,917.91
11528,4647,67,2,401.38,802.76
11529,4647,69,3,57.06,171.18
11530,4648,99,1,494.94,494.94
11531,4648,45,1,234.82,234.82
11532,4648,27,1,38.1,38.1
11533,4648,7,1,205.07,205.07
11534,4649,22,2,59.15,118.3
11535,4649,1,2,29.45,58.9
11536,4650,57,5,225.85,1129.25
11537,4650,70,3,159.99,479.97
11538,4651,97,5,384.42,1922.1
11539,4652,11,4,453.8,1815.2
11540,4652,87,1,90.21,90.21
11541,4652,63,2,94.39,188.78
11542,4653,49,5,495.64,2478.2
11543,4653,77,3,128.87,386.61
11544,4653,53,5,493.72,2468.6
11545,4653,67,3,401.38,1204.14
11546,4654,73,1,387.14,387.14
11547,4654,53,1,493.72,493.72
11548,4654,77,2,128.87,257.74
11549,4654,64,2,142.89,285.78
11550,4655,72,5,437.04,2185.2
11551,4656,61,1,359.64,359.64
11552,4656,6,2,142.79,285.58
11553,4656,95,2,221.84,443.68
11554,4657,12,5,70.96,354.8
11555,4657,22,4,59.15,236.6
11556,4657,2,3,152.12,456.36
11557,4657,26,2,182.69,365.38
11558,4658,8,5,301.86,1509.3
11559,4658,93,1,341.85,341.85
11560,4659,55,1,329.8,329.8
11561,4660,83,1,238.96,238.96
11562,4660,38,4,317.16,1268.64
11563,4660,69,1,57.06,57.06
11564,4661,99,5,494.94,2474.7
11565,4661,99,4,494.94,1979.76
11566,4662,61,4,359.64,1438.56
11567,4662,82,3,369.1,1107.3
11568,4662,37,5,354.37,1771.85
11569,4663,7,3,205.07,615.21
11570,4663,65,4,127.37,509.48
11571,4664,25,2,175.52,351.04
11572,4664,78,1,270.01,270.01
11573,4664,59,2,355.95,711.9
11574,4664,8,1,301.86,301.86
11575,4665,40,5,390.15,1950.75
11576,4665,17,5,339.84,1699.2
11577,4666,1,5,29.45,147.25
11578,4666,93,3,341.85,1025.55
11579,4667,29,2,225.18,450.36
11580,4668,30,1,357.25,357.25
11581,4668,38,3,317.16,951.48
11582,4668,36,5,50.25,251.25
11583,4669,78,5,270.01,1350.05
11584,4669,82,2,369.1,738.2
11585,4669,8,2,301.86,603.72
11586,4670,97,1,384.42,384.42
11587,4671,20,2,86.94,173.88
11588,4671,46,1,306.21,306.21
11589,4672,6,1,142.79,142.79
11590,4672,50,2,497.89,995.78
11591,4672,85,2,492.59,985.18
11592,4672,56,4,189.05,756.2
11593,4673,44,2,46.58,93.16
11594,4674,22,4,59.15,236.6
11595,4674,83,5,238.96,1194.8
11596,4674,78,2,270.01,540.02
11597,4674,85,4,492.59,1970.36
11598,4675,44,5,46.58,232.9
11599,4676,39,2,284.11,568.22
11600,4676,83,2,238.96,477.92
11601,4677,4,4,118.42,473.68
11602,4677,22,4,59.15,236.6
11603,4677,55,1,329.8,329.8
11604,4678,85,2,492.59,985.18
11605,4679,76,2,426.76,853.52
11606,4679,79,1,141.3,141.3
11607,4680,11,1,453.8,453.8
11608,4680,92,5,332.79,1663.95
11609,4681,2,5,152.12,760.6
11610,4681,77,4,128.87,515.48
11611,4681,29,1,225.18,225.18
11612,4681,15,2,53.94,107.88
11613,4682,90,5,214.08,1070.4
11614,4683,92,4,332.79,1331.16
11615,4683,86,5,397.74,1988.7
11616,4683,62,4,466.1,1864.4
11617,4683,29,4,225.18,900.72
11618,4684,8,2,301.86,603.72
11619,4685,64,4,142.89,571.56
11620,4685,32,3,108.18,324.54
11621,4686,29,2,225.18,450.36
11622,4686,90,3,214.08,642.24
11623,4687,24,4,78.21,312.84
11624,4687,93,2,341.85,683.7
11625,4688,59,2,355.95,711.9
11626,4688,62,2,466.1,932.2
11627,4689,41,4,41.31,165.24
11628,4689,68,3,32.27,96.81
11629,4689,48,4,424.68,1698.72
11630,4690,91,1,261.31,261.31
11631,4691,12,3,70.96,212.88
11632,4691,54,5,118.02,590.1
11633,4691,98,5,173.14,865.7
11634,4691,81,3,35.95,107.85
11635,4692,99,5,494.94,2474.7
11636,4692,94,3,241.54,724.62
11637,4692,54,4,118.02,472.08
11638,4692,78,4,270.01,1080.04
11639,4693,58,1,20.84,20.84
11640,4694,94,4,241.54,966.16
11641,4694,29,2,225.18,450.36
11642,4694,1,1,29.45,29.45
11643,4695,77,2,128.87,257.74
11644,4695,44,4,46.58,186.32
11645,4696,16,1,472.23,472.23
11646,4697,71,4,374.06,1496.24
11647,4697,31,2,169.22,338.44
11648,4697,3,2,372.18,744.36
11649,4697,76,2,426.76,853.52
11650,4698,42,4,408.3,1633.2
11651,4698,85,5,492.59,2462.95
11652,4698,73,5,387.14,1935.7
11653,4699,15,4,53.94,215.76
11654,4699,28,2,242.71,485.42
11655,4699,18,1,45.04,45.04
11656,4700,50,5,497.89,2489.45
11657,4700,36,4,50.25,201.0
11658,4701,49,1,495.64,495.64
11659,4701,73,4,387.14,1548.56
11660,4701,3,2,372.18,744.36
11661,4701,83,4,238.96,955.84
11662,4702,3,4,372.18,1488.72
11663,4702,69,3,57.06,171.18
11664,4702,56,5,189.05,945.25
11665,4703,93,5,341.85,1709.25
11666,4703,31,1,169.22,169.22
11667,4704,89,3,27.6,82.8
11668,4704,18,5,45.04,225.2
11669,4704,10,1,316.11,316.11
11670,4704,97,3,384.42,1153.26
11671,4705,78,1,270.01,270.01
11672,4706,45,3,234.82,704.46
11673,4707,75,5,385.83,1929.15
11674,4707,7,2,205.07,410.14
11675,4707,51,5,185.34,926.7
11676,4708,34,1,134.4,134.4
11677,4708,29,5,225.18,1125.9
11678,4708,68,4,32.27,129.08
11679,4708,60,4,158.81,635.24
11680,4709,49,3,495.64,1486.92
11681,4709,66,5,379.64,1898.2
11682,4710,78,4,270.01,1080.04
11683,4710,41,1,41.31,41.31
11684,4711,61,4,359.64,1438.56
11685,4711,61,2,359.64,719.28
11686,4712,28,1,242.71,242.71
11687,4713,76,5,426.76,2133.8
11688,4713,64,4,142.89,571.56
11689,4713,94,2,241.54,483.08
11690,4714,100,2,46.79,93.58
11691,4714,100,2,46.79,93.58
11692,4715,75,2,385.83,771.66
11693,4715,7,1,205.07,205.07
11694,4716,100,2,46.79,93.58
11695,4717,3,1,372.18,372.18
11696,4717,19,3,180.91,542.73
11697,4717,61,2,359.64,719.28
11698,4718,6,5,142.79,713.95
11699,4718,69,4,57.06,228.24
11700,4719,60,5,158.81,794.05
11701,4720,33,2,384.16,768.32
11702,4720,17,2,339.84,679.68
11703,4720,2,5,152.12,760.6
11704,4720,4,4,118.42,473.68
11705,4721,100,5,46.79,233.95
11706,4722,97,1,384.42,384.42
11707,4722,17,3,339.84,1019.52
11708,4723,89,5,27.6,138.0
11709,4724,1,4,29.45,117.8
11710,4725,78,3,270.01,810.03
11711,4725,20,3,86.94,260.82
11712,4725,9,2,78.57,157.14
11713,4725,95,3,221.84,665.52
11714,4726,75,2,385.83,771.66
11715,4726,78,2,270.01,540.02
11716,4726,69,3,57.06,171.18
11717,4727,52,1,111.57,111.57
11718,4727,17,4,339.84,1359.36
11719,4728,14,2,355.43,710.86
11720,4728,69,5,57.06,285.3
11721,4729,92,5,332.79,1663.95
11722,4729,27,4,38.1,152.4
11723,4729,71,2,374.06,748.12
11724,4730,89,5,27.6,138.0
11725,4730,98,5,173.14,865.7
11726,4731,90,3,214.08,642.24
11727,4731,5,3,79.43,238.29
11728,4731,57,5,225.85,1129.25
11729,4731,13,3,30.46,91.38
11730,4732,2,4,152.12,608.48
11731,4732,20,1,86.94,86.94
11732,4732,61,5,359.64,1798.2
11733,4733,27,2,38.1,76.2
11734,4733,8,1,301.86,301.86
11735,4733,76,5,426.76,2133.8
11736,4733,28,4,242.71,970.84
11737,4734,42,3,408.3,1224.9
11738,4734,49,2,495.64,991.28
11739,4734,70,4,159.99,639.96
11740,4734,40,5,390.15,1950.75
11741,4735,27,5,38.1,190.5
11742,4735,24,4,78.21,312.84
11743,4735,20,4,86.94,347.76
11744,4736,74,1,400.73,400.73
11745,4736,79,1,141.3,141.3
11746,4736,78,5,270.01,1350.05
11747,4737,12,1,70.96,70.96
11748,4737,65,4,127.37,509.48
11749,4737,30,3,357.25,1071.75
11750,4737,84,2,367.52,735.04
11751,4738,1,1,29.45,29.45
11752,4739,61,5,359.64,1798.2
11753,4739,69,3,57.06,171.18
11754,4739,38,1,317.16,317.16
11755,4740,49,3,495.64,1486.92
11756,4740,10,4,316.11,1264.44
11757,4741,18,3,45.04,135.12
11758,4741,89,4,27.6,110.4
11759,4741,87,1,90.21,90.21
11760,4742,37,2,354.37,708.74
11761,4743,23,3,226.38,679.14
11762,4744,60,1,158.81,158.81
11763,4745,56,3,189.05,567.15
11764,4745,24,5,78.21,391.05
11765,4745,63,1,94.39,94.39
11766,4746,27,2,38.1,76.2
11767,4746,79,3,141.3,423.9
11768,4746,70,3,159.99,479.97
11769,4747,83,4,238.96,955.84
11770,4748,43,2,22.62,45.24
11771,4749,29,4,225.18,900.72
11772,4749,6,3,142.79,428.37
11773,4749,72,5,437.04,2185.2
11774,4749,100,1,46.79,46.79
11775,4750,81,5,35.95,179.75
11776,4750,14,4,355.43,1421.72
11777,4751,45,4,234.82,939.28
11778,4751,5,2,79.43,158.86
11779,4752,62,3,466.1,1398.3
11780,4752,59,3,355.95,1067.85
11781,4753,69,4,57.06,228.24
11782,4754,46,5,306.21,1531.05
11783,4755,77,1,128.87,128.87
11784,4755,58,1,20.84,20.84
11785,4755,44,2,46.58,93.16
11786,4755,42,5,408.3,2041.5
11787,4756,46,4,306.21,1224.84
11788,4756,13,1,30.46,30.46
11789,4756,64,4,142.89,571.56
11790,4756,98,4,173.14,692.56
11791,4757,94,2,241.54,483.08
11792,4757,41,2,41.31,82.62
11793,4757,44,5,46.58,232.9
11794,4758,9,1,78.57,78.57
11795,4759,29,2,225.18,450.36
11796,4759,69,4,57.06,228.24
11797,4759,73,5,387.14,1935.7
11798,4759,52,5,111.57,557.85
11799,4760,24,5,78.21,391.05
11800,4760,88,4,434.27,1737.08
11801,4761,44,1,46.58,46.58
11802,4761,97,2,384.42,768.84
11803,4761,72,2,437.04,874.08
11804,4762,54,3,118.02,354.06
11805,4762,6,4,142.79,571.16
11806,4763,62,5,466.1,2330.5
11807,4764,94,5,241.54,1207.7
11808,4764,63,3,94.39,283.17
11809,4764,23,4,226.38,905.52
11810,4765,59,2,355.95,711.9
11811,4765,83,5,238.96,1194.8
11812,4765,58,5,20.84,104.2
11813,4765,80,1,451.49,451.49
11814,4766,44,2,46.58,93.16
11815,4766,12,3,70.96,212.88
11816,4766,16,5,472.23,2361.15
11817,4767,28,5,242.71,1213.55
11818,4767,77,3,128.87,386.61
11819,4767,63,1,94.39,94.39
11820,4768,10,1,316.11,316.11
11821,4769,52,5,111.57,557.85
11822,4769,97,1,384.42,384.42
11823,4769,98,2,173.14,346.28
11824,4770,58,5,20.84,104.2
11825,4770,2,5,152.12,760.6
11826,4771,1,4,29.45,117.8
11827,4772,89,1,27.6,27.6
11828,4772,37,1,354.37,354.37
11829,4772,49,5,495.64,2478.2
11830,4772,90,2,214.08,428.16
11831,4773,82,4,369.1,1476.4
11832,4774,34,4,134.4,537.6
11833,4774,63,3,94.39,283.17
11834,4774,13,3,30.46,91.38
11835,4774,67,2,401.38,802.76
11836,4775,79,5,141.3,706.5
11837,4775,96,4,305.97,1223.88
11838,4776,81,1,35.95,35.95
11839,4776,78,1,270.01,270.01
11840,4776,2,2,152.12,304.24
11841,4776,17,2,339.84,679.68
11842,4777,71,2,374.06,748.12
11843,4777,50,4,497.89,1991.56
11844,4777,49,3,495.64,1486.92
11845,4777,100,2,46.79,93.58
11846,4778,90,2,214.08,428.16
11847,4779,89,5,27.6,138.0
11848,4779,96,1,305.97,305.97
11849,4779,17,2,339.84,679.68
11850,4779,7,3,205.07,615.21
11851,4780,15,4,53.94,215.76
11852,4780,98,5,173.14,865.7
11853,4780,21,2,397.21,794.42
11854,4781,9,4,78.57,314.28
11855,4781,14,4,355.43,1421.72
11856,4781,39,4,284.11,1136.44
11857,4781,4,5,118.42,592.1
11858,4782,77,3,128.87,386.61
11859,4782,49,3,495.64,1486.92
11860,4782,8,4,301.86,1207.44
11861,4782,45,1,234.82,234.82
11862,4783,40,3,390.15,1170.45
11863,4783,63,3,94.39,283.17
11864,4784,28,3,242.71,728.13
11865,4785,17,4,339.84,1359.36
11866,4785,68,3,32.27,96.81
11867,4785,92,1,332.79,332.79
11868,4785,7,2,205.07,410.14
11869,4786,16,2,472.23,944.46
11870,4786,12,3,70.96,212.88
11871,4786,81,5,35.95,179.75
11872,4787,80,4,451.49,1805.96
11873,4787,66,3,379.64,1138.92
11874,4788,44,4,46.58,186.32
11875,4788,21,3,397.21,1191.63
11876,4788,29,2,225.18,450.36
11877,4789,91,4,261.31,1045.24
11878,4789,50,4,497.89,1991.56
11879,4789,84,4,367.52,1470.08
11880,4789,97,5,384.42,1922.1
11881,4790,47,2,45.16,90.32
11882,4790,94,4,241.54,966.16
11883,4790,97,5,384.42,1922.1
11884,4791,12,5,70.96,354.8
11885,4791,47,2,45.16,90.32
11886,4792,9,1,78.57,78.57
11887,4793,56,5,189.05,945.25
11888,4794,59,1,355.95,355.95
11889,4794,47,5,45.16,225.8
11890,4795,36,4,50.25,201.0
11891,4795,83,3,238.96,716.88
11892,4795,40,2,390.15,780.3
11893,4796,30,1,357.25,357.25
11894,4796,14,3,355.43,1066.29
11895,4796,82,4,369.1,1476.4
11896,4797,56,3,189.05,567.15
11897,4798,85,5,492.59,2462.95
11898,4799,1,2,29.45,58.9
11899,4800,56,3,189.05,567.15
11900,4800,6,5,142.79,713.95
11901,4801,19,1,180.91,180.91
11902,4801,33,3,384.16,1152.48
11903,4802,18,5,45.04,225.2
11904,4802,26,1,182.69,182.69
11905,4803,45,4,234.82,939.28
11906,4804,36,2,50.25,100.5
11907,4804,73,2,387.14,774.28
11908,4804,9,4,78.57,314.28
11909,4805,94,1,241.54,241.54
11910,4805,66,4,379.64,1518.56
11911,4806,15,5,53.94,269.7
11912,4806,3,1,372.18,372.18
11913,4806,83,2,238.96,477.92
11914,4806,72,5,437.04,2185.2
11915,4807,55,2,329.8,659.6
11916,4807,94,1,241.54,241.54
11917,4808,93,5,341.85,1709.25
11918,4808,13,3,30.46,91.38
11919,4809,40,2,390.15,780.3
11920,4810,86,5,397.74,1988.7
11921,4810,100,1,46.79,46.79
11922,4811,78,4,270.01,1080.04
11923,4812,77,1,128.87,128.87
11924,4812,91,3,261.31,783.93
11925,4812,52,4,111.57,446.28
11926,4813,18,2,45.04,90.08
11927,4813,80,1,451.49,451.49
11928,4813,52,2,111.57,223.14
11929,4813,74,2,400.73,801.46
11930,4814,7,3,205.07,615.21
11931,4814,91,3,261.31,783.93
11932,4814,35,4,410.32,1641.28
11933,4814,50,2,497.89,995.78
11934,4815,4,2,118.42,236.84
11935,4815,71,3,374.06,1122.18
11936,4815,11,4,453.8,1815.2
11937,4816,30,1,357.25,357.25
11938,4816,36,1,50.25,50.25
11939,4817,95,4,221.84,887.36
11940,4818,90,1,214.08,214.08
11941,4818,69,3,57.06,171.18
11942,4818,95,1,221.84,221.84
11943,4818,58,1,20.84,20.84
11944,4819,48,1,424.68,424.68
11945,4820,34,4,134.4,537.6
11946,4820,39,3,284.11,852.33
11947,4820,18,4,45.04,180.16
11948,4820,91,2,261.31,522.62
11949,4821,84,3,367.52,1102.56
11950,4821,28,5,242.71,1213.55
11951,4821,90,5,214.08,1070.4
11952,4822,97,1,384.42,384.42
11953,4822,54,3,118.02,354.06
11954,4822,12,3,70.96,212.88
11955,4823,99,5,494.94,2474.7
11956,4823,10,5,316.11,1580.55
11957,4823,38,3,317.16,951.48
11958,4824,70,1,159.99,159.99
11959,4825,70,5,159.99,799.95
11960,4826,20,5,86.94,434.7
11961,4826,17,5,339.84,1699.2
11962,4826,18,5,45.04,225.2
11963,4827,65,3,127.37,382.11
11964,4827,33,1,384.16,384.16
11965,4827,9,1,78.57,78.57
11966,4827,10,1,316.11,316.11
11967,4828,29,1,225.18,225.18
11968,4829,27,1,38.1,38.1
11969,4829,69,4,57.06,228.24
11970,4829,44,4,46.58,186.32
11971,4830,1,3,29.45,88.35
11972,4831,67,1,401.38,401.38
11973,4832,48,1,424.68,424.68
11974,4832,71,5,374.06,1870.3
11975,4832,20,2,86.94,173.88
11976,4833,73,1,387.14,387.14
11977,4834,90,1,214.08,214.08
11978,4834,20,1,86.94,86.94
11979,4835,45,3,234.82,704.46
11980,4835,39,4,284.11,1136.44
11981,4835,40,1,390.15,390.15
11982,4835,37,1,354.37,354.37
11983,4836,49,1,495.64,495.64
11984,4836,79,5,141.3,706.5
11985,4837,60,4,158.81,635.24
11986,4837,64,5,142.89,714.45
11987,4838,99,2,494.94,989.88
11988,4838,94,4,241.54,966.16
11989,4838,51,1,185.34,185.34
11990,4838,31,1,169.22,169.22
11991,4839,87,4,90.21,360.84
11992,4839,87,2,90.21,180.42
11993,4840,51,2,185.34,370.68
11994,4841,4,1,118.42,118.42
11995,4841,34,3,134.4,403.2
11996,4842,7,3,205.07,615.21
11997,4843,16,2,472.23,944.46
11998,4843,85,1,492.59,492.59
11999,4843,18,3,45.04,135.12
12000,4844,33,3,384.16,1152.48
12001,4844,72,5,437.04,2185.2
12002,4845,65,5,127.37,636.85
12003,4846,4,1,118.42,118.42
12004,4846,94,3,241.54,724.62
12005,4846,47,5,45.16,225.8
12006,4846,12,5,70.96,354.8
12007,4847,60,1,158.81,158.81
12008,4847,44,5,46.58,232.9
12009,4847,32,3,108.18,324.54
12010,4847,16,3,472.23,1416.69
12011,4848,53,1,493.72,493.72
12012,4848,13,3,30.46,91.38
12013,4848,19,4,180.91,723.64
12014,4848,79,5,141.3,706.5
12015,4849,14,5,355.43,1777.15
12016,4849,9,5,78.57,392.85
12017,4850,72,5,437.04,2185.2
12018,4851,63,2,94.39,188.78
12019,4851,22,3,59.15,177.45
12020,4851,29,2,225.18,450.36
12021,4852,100,5,46.79,233.95
12022,4852,73,3,387.14,1161.42
12023,4852,90,2,214.08,428.16
12024,4852,45,3,234.82,704.46
12025,4853,83,5,238.96,1194.8
12026,4853,90,4,214.08,856.32
12027,4853,70,2,159.99,319.98
12028,4853,60,4,158.81,635.24
12029,4854,15,3,53.94,161.82
12030,4855,13,3,30.46,91.38
12031,4855,87,4,90.21,360.84
12032,4855,13,4,30.46,121.84
12033,4856,77,3,128.87,386.61
12034,4856,85,4,492.59,1970.36
12035,4856,59,1,355.95,355.95
12036,4857,96,2,305.97,611.94
12037,4857,44,3,46.58,139.74
12038,4857,87,4,90.21,360.84
12039,4858,57,4,225.85,903.4
12040,4858,73,3,387.14,1161.42
12041,4858,76,5,426.76,2133.8
12042,4858,69,3,57.06,171.18
12043,4859,79,4,141.3,565.2
12044,4859,72,5,437.04,2185.2
12045,4859,89,3,27.6,82.8
12046,4859,79,1,141.3,141.3
12047,4860,66,1,379.64,379.64
12048,4860,89,3,27.6,82.8
12049,4860,40,4,390.15,1560.6
12050,4861,21,3,397.21,1191.63
12051,4861,62,4,466.1,1864.4
12052,4861,93,5,341.85,1709.25
12053,4862,67,5,401.38,2006.9
12054,4862,38,5,317.16,1585.8
12055,4863,73,4,387.14,1548.56
12056,4863,73,1,387.14,387.14
12057,4863,71,5,374.06,1870.3
12058,4863,37,2,354.37,708.74
12059,4864,19,2,180.91,361.82
12060,4865,53,4,493.72,1974.88
12061,4865,50,5,497.89,2489.45
12062,4865,22,3,59.15,177.45
12063,4866,85,5,492.59,2462.95
12064,4866,65,4,127.37,509.48
12065,4867,9,2,78.57,157.14
12066,4867,94,2,241.54,483.08
12067,4867,27,1,38.1,38.1
12068,4868,2,1,152.12,152.12
12069,4869,45,4,234.82,939.28
12070,4870,31,1,169.22,169.22
12071,4870,97,4,384.42,1537.68
12072,4870,93,4,341.85,1367.4
12073,4870,76,5,426.76,2133.8
12074,4871,75,1,385.83,385.83
12075,4871,8,3,301.86,905.58
12076,4872,37,4,354.37,1417.48
12077,4872,84,2,367.52,735.04
12078,4872,32,1,108.18,108.18
12079,4872,95,3,221.84,665.52
12080,4873,19,4,180.91,723.64
12081,4873,91,3,261.31,783.93
12082,4873,77,4,128.87,515.48
12083,4873,83,4,238.96,955.84
12084,4874,10,4,316.11,1264.44
12085,4874,91,1,261.31,261.31
12086,4874,84,5,367.52,1837.6
12087,4874,34,3,134.4,403.2
12088,4875,88,2,434.27,868.54
12089,4875,30,5,357.25,1786.25
12090,4875,71,5,374.06,1870.3
12091,4875,45,3,234.82,704.46
12092,4876,57,2,225.85,451.7
12093,4876,46,5,306.21,1531.05
12094,4876,7,2,205.07,410.14
12095,4877,42,5,408.3,2041.5
12096,4877,85,3,492.59,1477.77
12097,4877,41,2,41.31,82.62
12098,4878,98,5,173.14,865.7
12099,4878,53,4,493.72,1974.88
12100,4879,20,5,86.94,434.7
12101,4880,87,2,90.21,180.42
12102,4880,65,4,127.37,509.48
12103,4881,28,4,242.71,970.84
12104,4882,19,5,180.91,904.55
12105,4882,10,5,316.11,1580.55
12106,4882,75,4,385.83,1543.32
12107,4882,56,4,189.05,756.2
12108,4883,61,1,359.64,359.64
12109,4883,65,4,127.37,509.48
12110,4884,66,4,379.64,1518.56
12111,4885,94,5,241.54,1207.7
12112,4885,88,3,434.27,1302.81
12113,4885,20,1,86.94,86.94
12114,4885,76,4,426.76,1707.04
12115,4886,98,5,173.14,865.7
12116,4886,1,1,29.45,29.45
12117,4887,13,4,30.46,121.84
12118,4887,71,4,374.06,1496.24
12119,4887,72,1,437.04,437.04
12120,4888,59,4,355.95,1423.8
12121,4888,13,3,30.46,91.38
12122,4888,66,1,379.64,379.64
12123,4888,41,1,41.31,41.31
12124,4889,8,1,301.86,301.86
12125,4890,82,3,369.1,1107.3
12126,4891,74,4,400.73,1602.92
12127,4891,32,2,108.18,216.36
12128,4892,100,4,46.79,187.16
12129,4892,57,4,225.85,903.4
12130,4892,33,2,384.16,768.32
12131,4892,31,2,169.22,338.44
12132,4893,41,3,41.31,123.93
12133,4894,30,2,357.25,714.5
12134,4895,84,1,367.52,367.52
12135,4895,37,2,354.37,708.74
12136,4895,59,5,355.95,1779.75
12137,4896,33,5,384.16,1920.8
12138,4896,95,3,221.84,665.52
12139,4896,74,5,400.73,2003.65
12140,4896,87,1,90.21,90.21
12141,4897,47,3,45.16,135.48
12142,4898,70,5,159.99,799.95
12143,4898,67,5,401.38,2006.9
12144,4898,95,5,221.84,1109.2
12145,4898,5,4,79.43,317.72
12146,4899,37,5,354.37,1771.85
12147,4899,75,5,385.83,1929.15
12148,4899,9,5,78.57,392.85
12149,4899,91,3,261.31,783.93
12150,4900,34,5,134.4,672.0
12151,4900,57,4,225.85,903.4
12152,4900,100,3,46.79,140.37
12153,4901,98,3,173.14,519.42
12154,4901,83,3,238.96,716.88
12155,4901,84,4,367.52,1470.08
12156,4902,71,2,374.06,748.12
12157,4902,8,2,301.86,603.72
12158,4902,68,3,32.27,96.81
12159,4903,39,2,284.11,568.22
12160,4903,17,3,339.84,1019.52
12161,4903,86,1,397.74,397.74
12162,4904,46,5,306.21,1531.05
12163,4904,35,5,410.32,2051.6
12164,4904,92,4,332.79,1331.16
12165,4904,9,1,78.57,78.57
12166,4905,61,4,359.64,1438.56
12167,4905,57,3,225.85,677.55
12168,4905,66,4,379.64,1518.56
12169,4906,50,1,497.89,497.89
12170,4907,53,1,493.72,493.72
12171,4907,46,2,306.21,612.42
12172,4907,81,1,35.95,35.95
12173,4907,23,3,226.38,679.14
12174,4908,95,1,221.84,221.84
12175,4908,71,1,374.06,374.06
12176,4908,49,1,495.64,495.64
12177,4908,60,5,158.81,794.05
12178,4909,79,2,141.3,282.6
12179,4909,24,5,78.21,391.05
12180,4910,50,4,497.89,1991.56
12181,4911,50,5,497.89,2489.45
12182,4911,67,3,401.38,1204.14
12183,4911,19,3,180.91,542.73
12184,4912,33,3,384.16,1152.48
12185,4912,74,3,400.73,1202.19
12186,4913,52,3,111.57,334.71
12187,4914,5,4,79.43,317.72
12188,4914,62,5,466.1,2330.5
12189,4914,96,5,305.97,1529.85
12190,4915,23,4,226.38,905.52
12191,4915,50,1,497.89,497.89
12192,4915,78,3,270.01,810.03
12193,4915,86,3,397.74,1193.22
12194,4916,37,2,354.37,708.74
12195,4916,83,4,238.96,955.84
12196,4916,73,1,387.14,387.14
12197,4916,85,1,492.59,492.59
12198,4917,99,3,494.94,1484.82
12199,4917,62,4,466.1,1864.4
12200,4917,81,1,35.95,35.95
12201,4917,89,3,27.6,82.8
12202,4918,72,3,437.04,1311.12
12203,4918,85,3,492.59,1477.77
12204,4918,61,5,359.64,1798.2
12205,4919,61,5,359.64,1798.2
12206,4920,44,2,46.58,93.16
12207,4920,97,5,384.42,1922.1
12208,4920,98,5,173.14,865.7
12209,4921,40,2,390.15,780.3
12210,4921,36,2,50.25,100.5
12211,4922,16,5,472.23,2361.15
12212,4922,13,4,30.46,121.84
12213,4922,35,5,410.32,2051.6
12214,4922,88,4,434.27,1737.08
12215,4923,8,4,301.86,1207.44
12216,4924,21,5,397.21,1986.05
12217,4924,46,5,306.21,1531.05
12218,4925,100,1,46.79,46.79
12219,4925,75,3,385.83,1157.49
12220,4926,16,1,472.23,472.23
12221,4927,40,3,390.15,1170.45
12222,4928,42,4,408.3,1633.2
12223,4928,45,4,234.82,939.28
12224,4928,22,4,59.15,236.6
12225,4928,8,3,301.86,905.58
12226,4929,40,2,390.15,780.3
12227,4929,9,3,78.57,235.71
12228,4929,22,5,59.15,295.75
12229,4930,16,1,472.23,472.23
12230,4930,14,4,355.43,1421.72
12231,4930,22,2,59.15,118.3
12232,4930,49,3,495.64,1486.92
12233,4931,73,2,387.14,774.28
12234,4932,43,3,22.62,67.86
12235,4932,78,1,270.01,270.01
12236,4932,28,4,242.71,970.84
12237,4932,34,3,134.4,403.2
12238,4933,2,2,152.12,304.24
12239,4933,83,4,238.96,955.84
12240,4933,71,4,374.06,1496.24
12241,4933,55,1,329.8,329.8
12242,4934,20,5,86.94,434.7
12243,4935,1,4,29.45,117.8
12244,4935,70,3,159.99,479.97
12245,4935,60,1,158.81,158.81
12246,4935,13,1,30.46,30.46
12247,4936,66,4,379.64,1518.56
12248,4936,56,4,189.05,756.2
12249,4936,96,3,305.97,917.91
12250,4937,23,5,226.38,1131.9
12251,4937,9,3,78.57,235.71
12252,4937,2,4,152.12,608.48
12253,4938,49,4,495.64,1982.56
12254,4938,22,2,59.15,118.3
12255,4938,13,5,30.46,152.3
12256,4939,92,5,332.79,1663.95
12257,4939,52,4,111.57,446.28
12258,4939,51,1,185.34,185.34
12259,4939,54,3,118.02,354.06
12260,4940,58,5,20.84,104.2
12261,4941,11,1,453.8,453.8
12262,4941,12,3,70.96,212.88
12263,4941,96,5,305.97,1529.85
12264,4941,59,1,355.95,355.95
12265,4942,59,1,355.95,355.95
12266,4942,42,5,408.3,2041.5
12267,4943,87,3,90.21,270.63
12268,4943,63,3,94.39,283.17
12269,4943,62,3,466.1,1398.3
12270,4943,7,3,205.07,615.21
12271,4944,64,4,142.89,571.56
12272,4944,40,4,390.15,1560.6
12273,4944,94,1,241.54,241.54
12274,4944,68,5,32.27,161.35
12275,4945,47,3,45.16,135.48
12276,4945,8,4,301.86,1207.44
12277,4946,60,5,158.81,794.05
12278,4946,51,4,185.34,741.36
12279,4946,68,5,32.27,161.35
12280,4946,50,2,497.89,995.78
12281,4947,58,4,20.84,83.36
12282,4947,76,4,426.76,1707.04
12283,4947,26,1,182.69,182.69
12284,4948,34,4,134.4,537.6
12285,4948,89,1,27.6,27.6
12286,4948,4,4,118.42,473.68
12287,4948,58,3,20.84,62.52
12288,4949,55,5,329.8,1649.0
12289,4950,44,2,46.58,93.16
12290,4950,46,5,306.21,1531.05
12291,4951,89,3,27.6,82.8
12292,4952,32,5,108.18,540.9
12293,4952,50,4,497.89,1991.56
12294,4952,47,1,45.16,45.16
12295,4953,26,2,182.69,365.38
12296,4954,78,5,270.01,1350.05
12297,4954,29,5,225.18,1125.9
12298,4955,87,4,90.21,360.84
12299,4955,86,2,397.74,795.48
12300,4956,42,3,408.3,1224.9
12301,4956,29,1,225.18,225.18
12302,4957,24,2,78.21,156.42
12303,4957,80,5,451.49,2257.45
12304,4957,54,2,118.02,236.04
12305,4957,71,1,374.06,374.06
12306,4958,30,4,357.25,1429.0
12307,4958,61,3,359.64,1078.92
12308,4958,3,1,372.18,372.18
12309,4958,7,3,205.07,615.21
12310,4959,29,1,225.18,225.18
12311,4959,6,2,142.79,285.58
12312,4959,17,1,339.84,339.84
12313,4959,40,5,390.15,1950.75
12314,4960,87,3,90.21,270.63
12315,4961,13,1,30.46,30.46
12316,4961,31,3,169.22,507.66
12317,4962,78,2,270.01,540.02
12318,4962,58,3,20.84,62.52
12319,4962,24,2,78.21,156.42
12320,4962,53,3,493.72,1481.16
12321,4963,70,3,159.99,479.97
12322,4964,41,2,41.31,82.62
12323,4964,44,5,46.58,232.9
12324,4965,45,4,234.82,939.28
12325,4965,49,4,495.64,1982.56
12326,4965,41,5,41.31,206.55
12327,4965,11,3,453.8,1361.4
12328,4966,2,5,152.12,760.6
12329,4966,6,3,142.79,428.37
12330,4966,49,5,495.64,2478.2
12331,4967,3,2,372.18,744.36
12332,4967,23,3,226.38,679.14
12333,4967,75,1,385.83,385.83
12334,4967,72,4,437.04,1748.16
12335,4968,17,3,339.84,1019.52
12336,4968,56,4,189.05,756.2
12337,4968,68,1,32.27,32.27
12338,4968,10,2,316.11,632.22
12339,4969,46,4,306.21,1224.84
12340,4970,22,4,59.15,236.6
12341,4970,30,2,357.25,714.5
12342,4971,53,3,493.72,1481.16
12343,4972,79,1,141.3,141.3
12344,4972,28,4,242.71,970.84
12345,4972,11,5,453.8,2269.0
12346,4973,62,2,466.1,932.2
12347,4974,56,3,189.05,567.15
12348,4974,34,4,134.4,537.6
12349,4974,32,4,108.18,432.72
12350,4975,74,5,400.73,2003.65
12351,4976,85,2,492.59,985.18
12352,4976,80,5,451.49,2257.45
12353,4976,52,3,111.57,334.71
12354,4976,1,1,29.45,29.45
12355,4977,22,4,59.15,236.6
12356,4977,66,2,379.64,759.28
12357,4977,31,5,169.22,846.1
12358,4978,6,5,142.79,713.95
12359,4978,8,1,301.86,301.86
12360,4979,35,2,410.32,820.64
12361,4980,93,5,341.85,1709.25
12362,4980,22,1,59.15,59.15
12363,4981,79,1,141.3,141.3
12364,4981,90,3,214.08,642.24
12365,4981,64,4,142.89,571.56
12366,4982,83,2,238.96,477.92
12367,4983,60,4,158.81,635.24
12368,4983,6,3,142.79,428.37
12369,4983,77,3,128.87,386.61
12370,4984,90,5,214.08,1070.4
12371,4984,19,3,180.91,542.73
12372,4985,35,2,410.32,820.64
12373,4986,45,3,234.82,704.46
12374,4986,88,5,434.27,2171.35
12375,4986,73,4,387.14,1548.56
12376,4987,6,3,142.79,428.37
12377,4987,75,4,385.83,1543.32
12378,4988,89,4,27.6,110.4
12379,4988,88,2,434.27,868.54
12380,4988,66,5,379.64,1898.2
12381,4989,78,5,270.01,1350.05
12382,4989,81,4,35.95,143.8
12383,4989,100,2,46.79,93.58
12384,4990,93,1,341.85,341.85
12385,4990,75,5,385.83,1929.15
12386,4991,97,5,384.42,1922.1
12387,4991,38,2,317.16,634.32
12388,4991,94,2,241.54,483.08
12389,4992,61,1,359.64,359.64
12390,4993,44,5,46.58,232.9
12391,4994,27,3,38.1,114.3
12392,4995,82,4,369.1,1476.4
12393,4996,95,2,221.84,443.68
12394,4996,64,1,142.89,142.89
12395,4996,94,2,241.54,483.08
12396,4997,18,1,45.04,45.04
12397,4997,59,2,355.95,711.9
12398,4997,6,4,142.79,571.16
12399,4997,83,4,238.96,955.84
12400,4998,6,4,142.79,571.16
12401,4999,12,2,70.96,141.92
12402,4999,66,3,379.64,1138.92
12403,4999,32,3,108.18,324.54
12404,4999,5,2,79.43,158.86
12405,5000,77,5,128.87,644.35
